url,kind,impressions,clicks,ctr,position,top_query,tq_impressions,tq_position,new_this_run
https://www.prosoccer.com/,HOME,908123,15346,0.01690,9.08,prosoccer,53849,3.38,True
https://www.prosoccer.com/products/adidas-mexico-2019-home-authentic-jersey-black,PRODUCT,728930,188,0.00026,6.03,black mexico jersey,225048,5.82,False
https://www.prosoccer.com/products/nike-2024-25-norway-mens-stadium-home-jersey,PRODUCT,693678,679,0.00098,6.27,norway jersey,420721,5.88,False
https://www.prosoccer.com/collections/jude-bellingham,COLLECTION,288371,2708,0.00939,8.57,jude bellingham jersey,71485,9.11,True
https://www.prosoccer.com/collections/official-licensed-jerseys,COLLECTION,219984,1942,0.00883,10.43,soccer jerseys,78424,9.55,True
https://www.prosoccer.com/products/adidas-2026-mexico-mens-authentic-home-long-sleeve-soccer-jersey,PRODUCT,191587,287,0.00150,8.70,mexico jersey world cup 2026 authentic,13444,12.65,False
https://www.prosoccer.com/products/puma-23-24-chivas-mens-away-promo-jersey,PRODUCT,146451,13,0.00009,11.31,chivas jersey,118775,11.63,False
https://www.prosoccer.com/collections/switzerland,COLLECTION,141959,826,0.00582,8.77,switzerland jersey,8836,8.10,True
https://www.prosoccer.com/collections/cristiano-ronaldo,COLLECTION,112323,764,0.00680,10.35,ronaldo jersey,10957,13.64,True
https://www.prosoccer.com/collections/norway,COLLECTION,110069,2022,0.01837,7.93,norway soccer jersey,9856,7.17,True
https://www.prosoccer.com/collections/wide-soccer-cleats,COLLECTION,109245,533,0.00488,10.43,wide soccer cleats,5182,8.69,True
https://www.prosoccer.com/collections/uruguay,COLLECTION,107349,292,0.00272,10.47,uruguay soccer jersey,4463,4.69,True
https://www.prosoccer.com/products/panini-2026-adrenalyn-xl-fifa-world-cup-cards-pack-8-cards-each,PRODUCT,98129,205,0.00209,9.32,world cup cards,12721,9.24,False
https://www.prosoccer.com/collections/france,COLLECTION,94990,279,0.00294,12.88,france world cup merch,2113,9.37,True
https://www.prosoccer.com/blogs/footwear/artificial-grass-ag-soccer-cleats-explained,BLOG,93900,265,0.00282,8.53,ag soccer cleats,7666,9.06,True
https://www.prosoccer.com/blogs/footwear/best-futsal-shoes-indoor,BLOG,93197,845,0.00907,11.08,futsal shoes,3865,28.54,True
https://www.prosoccer.com/collections/erling-haaland,COLLECTION,92655,877,0.00947,9.41,haaland jersey,24619,8.87,True
https://www.prosoccer.com/products/nike-2026-norway-mens-authentic-away-soccer-jersey,PRODUCT,92623,898,0.00970,8.13,norway jersey,20433,9.63,False
https://www.prosoccer.com/collections/neymar-jr,COLLECTION,90746,747,0.00823,9.29,neymar jr jersey,9213,8.65,True
https://www.prosoccer.com/products/nike-elite-backpack-32l,PRODUCT,89296,139,0.00156,8.46,nike elite bookbag,24474,10.66,False
https://www.prosoccer.com/collections/toddler-soccer-cleats-shoes,COLLECTION,88975,559,0.00628,7.90,toddler soccer cleats,15697,4.98,True
https://www.prosoccer.com/products/nike-2024-25-france-mens-authentic-home-jersey,PRODUCT,86207,72,0.00084,7.03,france soccer jersey,22642,8.92,False
https://www.prosoccer.com/products/nike-2026-27-norway-mens-authentic-home-soccer-jersey,PRODUCT,84685,555,0.00655,7.67,norway jersey 2026,17719,7.06,False
https://www.prosoccer.com/collections/christian-pulisic,COLLECTION,81336,225,0.00277,9.52,usmnt jersey,14870,8.54,True
https://www.prosoccer.com/collections/lamine-yamal,COLLECTION,79493,504,0.00634,9.85,lamine yamal jersey,2071,13.72,True
https://www.prosoccer.com/collections/pink-soccer-cleats,COLLECTION,79203,79,0.00100,10.40,pink soccer cleats,9436,9.66,True
https://www.prosoccer.com/collections/spain,COLLECTION,77903,281,0.00361,12.44,spain colors soccer,3679,7.71,True
https://www.prosoccer.com/collections/size-5-soccer-balls,COLLECTION,72389,308,0.00425,8.89,size 5 soccer ball,18724,7.12,True
https://www.prosoccer.com/collections/united-states-men-women,COLLECTION,68460,464,0.00678,17.87,usa soccer gear,1573,11.47,True
https://www.prosoccer.com/blogs/blog/how-should-shin-guards-fit,BLOG,67582,274,0.00405,8.20,how to wear shin guards,977,10.43,True
https://www.prosoccer.com/collections/juventus,COLLECTION,67403,35,0.00052,9.88,juventus jersey,48828,9.53,True
https://www.prosoccer.com/collections/italy,COLLECTION,67029,86,0.00128,14.12,italy soccer jersey,8974,10.81,True
https://www.prosoccer.com/products/nike-2026-27-norway-mens-stadium-home-soccer-jersey,PRODUCT,66959,742,0.01108,8.42,norway soccer jersey,6210,8.71,False
https://www.prosoccer.com/products/nike-2022-23-korea-away-long-sleeve-jersey-black,PRODUCT,66140,34,0.00051,6.06,south korea away jersey,13291,4.50,False
https://www.prosoccer.com/collections/portugal,COLLECTION,64165,138,0.00215,13.86,portugal soccer,2187,10.07,True
https://www.prosoccer.com/collections/size-4-soccer-balls,COLLECTION,64006,200,0.00312,9.33,size 4 soccer ball,18824,7.53,True
https://www.prosoccer.com/collections/laceless-soccer-cleats,COLLECTION,62190,224,0.00360,9.32,laceless soccer cleats,7405,5.40,True
https://www.prosoccer.com/collections/austria,COLLECTION,59777,657,0.01099,6.48,austria jersey,7786,6.39,True
https://www.prosoccer.com/products/adidas-2026-colombia-mens-authentic-away-soccer-jersey,PRODUCT,59506,54,0.00091,6.69,colombia jersey 2026,15933,5.02,False
https://www.prosoccer.com/collections/mexico,COLLECTION,57136,216,0.00378,17.66,soccer pro,2153,4.39,True
https://www.prosoccer.com/products/nike-2026-27-france-mens-authentic-away-soccer-jersey,PRODUCT,56719,798,0.01407,7.52,france away jersey,4405,7.57,False
https://www.prosoccer.com/products/adidas-predator-freak-3-laceless-fg-black-pink-purple,PRODUCT,56457,15,0.00027,7.80,adidas predator cleats,20351,8.56,False
https://www.prosoccer.com/products/nike-2026-27-norway-mens-stadium-third-soccer-jersey,PRODUCT,55921,547,0.00978,7.01,norway soccer jersey,8536,8.59,False
https://www.prosoccer.com/collections/netherlands,COLLECTION,55733,147,0.00264,17.99,team netherlands world cup sweatshirts,1071,11.47,True
https://www.prosoccer.com/collections/adidas-indoor-soccer-shoes,COLLECTION,55383,76,0.00137,10.68,adidas indoor soccer shoes,13573,11.00,True
https://www.prosoccer.com/products/nike-2024-25-portugal-mens-stadium-away-jersey,PRODUCT,55163,259,0.00470,3.97,portugal away jersey,12522,3.62,False
https://www.prosoccer.com/collections/japan,COLLECTION,54753,75,0.00137,17.83,japan world cup pants 2026,1667,9.28,True
https://www.prosoccer.com/collections/chicharito,COLLECTION,53402,523,0.00979,7.40,chicharito jersey,10741,6.77,True
https://www.prosoccer.com/collections/belgium,COLLECTION,53367,111,0.00208,19.19,belgium jersey,1438,9.45,True
https://www.prosoccer.com/blogs/footwear/artificial-grass-vs-turf-soccer-shoes,BLOG,53351,85,0.00159,9.50,hard ground soccer cleats,1351,5.62,True
https://www.prosoccer.com/collections/footwear-sale,COLLECTION,51983,110,0.00212,10.02,pro soccer,6416,1.77,True
https://www.prosoccer.com/collections/long-sleeve-soccer-jerseys,COLLECTION,51491,960,0.01864,6.51,long sleeve soccer jerseys,7719,4.46,True
https://www.prosoccer.com/products/puma-2026-27-egypt-mens-stadium-home-soccer-jersey,PRODUCT,51337,256,0.00499,7.19,egypt soccer jersey,8248,6.73,False
https://www.prosoccer.com/blogs/goalkeeper/best-goalkeeeper-gloves,BLOG,50225,497,0.00990,10.42,best goalkeeper gloves,3708,8.33,True
https://www.prosoccer.com/collections/youth-soccer-shoes,COLLECTION,50195,72,0.00143,14.56,kids soccer cleats,2579,15.76,True
https://www.prosoccer.com/products/adidas-2025-mexico-mens-de-oro-authentic-soccer-jersey,PRODUCT,49307,98,0.00199,6.33,mexico de oro jersey,5001,5.22,False
https://www.prosoccer.com/products/adidas-2024-25-spain-mens-authentic-home-jersey,PRODUCT,49238,115,0.00234,6.86,spain jersey,17780,6.22,False
https://www.prosoccer.com/collections/brazil,COLLECTION,48808,213,0.00436,14.83,brazil jersey,2159,13.64,True
https://www.prosoccer.com/collections/indoor,COLLECTION,48747,13,0.00027,20.34,indoor soccer shoes,3699,29.62,True
https://www.prosoccer.com/collections/guatemala,COLLECTION,48496,1163,0.02398,5.82,guatemala soccer jersey,8131,5.62,True
https://www.prosoccer.com/collections/germany,COLLECTION,48292,100,0.00207,15.82,germany soccer jersey,2483,12.53,True
https://www.prosoccer.com/products/fifa-2026-world-cup-match-bracket-poster,PRODUCT,48176,596,0.01237,5.45,world cup bracket poster,13565,2.24,False
https://www.prosoccer.com/collections/south-korea,COLLECTION,47090,516,0.01096,12.94,team south korea gear,1131,10.68,True
https://www.prosoccer.com/products/adidas-2026-spain-mens-authentic-away-long-sleeve-soccer-jersey,PRODUCT,47062,1044,0.02218,6.88,spain jersey 2026,2322,4.89,False
https://www.prosoccer.com/products/adidas-2025-mexico-mens-de-oro-authentic-long-sleeve-soccer-jersey,PRODUCT,46528,92,0.00198,5.74,mexico black long sleeve jersey,4107,4.52,False
https://www.prosoccer.com/blogs/reviews/fifa-world-cup-2026-jerseys-authentic-vs-stadium-vs-fan-versions,BLOG,46161,371,0.00804,7.31,where can fans compare official world cup jerseys?,428,4.76,True
https://www.prosoccer.com/blogs/news/nike-vs-adidas-soccer-cleats,BLOG,46153,125,0.00271,5.73,nike vs adidas soccer cleats,13697,2.10,True
https://www.prosoccer.com/products/adidas-2026-japan-mens-authentic-away-soccer-jersey,PRODUCT,45970,492,0.01070,6.57,japan away jersey 2026,15356,4.46,False
https://www.prosoccer.com/collections/england,COLLECTION,44236,171,0.00387,13.29,england jerseys,2151,8.45,True
https://www.prosoccer.com/collections/gold-soccer-cleats,COLLECTION,43657,90,0.00206,8.86,soccer cleats gold and white,4693,6.48,True
https://www.prosoccer.com/collections/australia-national-soccer-team-jerseys-apparel,COLLECTION,43276,577,0.01333,8.25,australia soccer jersey,5852,5.79,True
https://www.prosoccer.com/collections/inter-miami,COLLECTION,43197,11,0.00025,10.00,messi jersey,20645,10.78,True
https://www.prosoccer.com/products/adidas-2022-23-mexico-away-long-sleeve-jersey-wonder-white,PRODUCT,43165,158,0.00366,6.70,mexico jersey long sleeve,5978,7.60,False
https://www.prosoccer.com/collections/footwear,COLLECTION,42354,104,0.00246,8.31,pro soccer,10875,1.66,True
https://www.prosoccer.com/products/adidas-2026-spain-mens-authentic-home-soccer-jersey,PRODUCT,42046,103,0.00245,7.50,spain jersey 2026,5455,7.72,False
https://www.prosoccer.com/collections/artificial-turf,COLLECTION,42023,53,0.00126,14.53,turf soccer shoes,1462,15.64,True
https://www.prosoccer.com/products/adidas-2026-argentina-mens-authentic-away-long-sleeve-soccer-jersey,PRODUCT,40568,314,0.00774,6.69,argentina away jersey 2026,1678,5.84,False
https://www.prosoccer.com/collections/argentina,COLLECTION,40241,78,0.00194,15.59,argentina soccer jersey,2322,14.20,True
https://www.prosoccer.com/blogs/footwear/best-soccer-cleats-strikers,BLOG,39919,78,0.00195,10.71,what are the best soccer cleats?,2223,9.40,True
https://www.prosoccer.com/products/adidas-predator-elite-fg-pure-victory-pack-sp25,PRODUCT,39800,28,0.00070,7.59,adidas predator elite,5908,7.36,False
https://www.prosoccer.com/collections/soccer-ball-packs,COLLECTION,39664,626,0.01578,15.83,soccer balls,4508,26.11,True
https://www.prosoccer.com/pages/contact,PAGE,39244,204,0.00520,2.79,pro soccer,11575,1.68,True
https://www.prosoccer.com/collections/club-america,COLLECTION,39241,53,0.00135,9.88,club america jersey,6096,10.91,True
https://www.prosoccer.com/products/nike-2026-27-korea-youth-stadium-away-soccer-jersey,PRODUCT,38514,361,0.00937,6.72,korea away jersey 2026,3482,3.84,False
https://www.prosoccer.com/products/puma-2026-27-senegal-mens-stadium-away-soccer-jersey,PRODUCT,37989,35,0.00092,6.15,senegal jersey,12477,5.19,False
https://www.prosoccer.com/collections/stickers,COLLECTION,37631,154,0.00409,7.90,soccer stickers,7181,6.05,True
https://www.prosoccer.com/collections/world-cup-2026-keychains,COLLECTION,37281,400,0.01073,7.32,world cup keychain,6475,6.77,True
https://www.prosoccer.com/blogs/skill-development/soccer-formations,BLOG,36893,69,0.00187,10.88,4-3-3 soccer formation,776,10.73,True
https://www.prosoccer.com/blogs/jerseys/authentic-vs-replica-soccer-jersey,BLOG,36362,62,0.00171,10.96,what is a replica jersey,834,8.94,True
https://www.prosoccer.com/products/nike-2026-27-france-womens-stadium-away-soccer-jersey,PRODUCT,35583,459,0.01290,7.22,france away jersey,5313,6.28,False
https://www.prosoccer.com/products/adidas-f50-messi-elite-firm-ground-soccer-cleats-messi-vision-pack-fa25,PRODUCT,35511,13,0.00037,6.90,messi cleats,11888,5.50,False
https://www.prosoccer.com/products/adidas-2026-japan-mens-stadium-away-soccer-jersey,PRODUCT,34944,416,0.01190,6.91,japan away jersey,9596,6.52,False
https://www.prosoccer.com/products/adidas-2024-25-mexico-womens-stadium-home-jersey,PRODUCT,34759,21,0.00060,8.23,women's mexico jersey,3816,9.22,False
https://www.prosoccer.com/products/nike-2022-23-france-away-jersey-white-royal,PRODUCT,34663,45,0.00130,4.40,france away jersey,11608,7.61,False
https://www.prosoccer.com/products/adidas-2026-algeria-mens-stadium-away-soccer-jersey,PRODUCT,34265,100,0.00292,5.35,algeria jersey 2026,8510,2.98,False
https://www.prosoccer.com/blogs/jerseys/difference-between-player-vs-fan-jerseys,BLOG,34153,45,0.00132,8.64,fans jersey,682,11.70,True
https://www.prosoccer.com/products/adidas-2026-spain-mens-authentic-home-long-sleeve-soccer-jersey,PRODUCT,34151,363,0.01063,6.82,spain long sleeve jersey,4309,6.90,False
https://www.prosoccer.com/products/adidas-2026-spain-womens-stadium-home-soccer-jersey,PRODUCT,33871,95,0.00280,8.15,women's spain jersey,2509,8.29,False
https://www.prosoccer.com/collections/adidas-predator,COLLECTION,33415,31,0.00093,14.02,predator soccer cleats,2533,14.04,True
https://www.prosoccer.com/collections/soccer-pinnies,COLLECTION,33210,161,0.00485,10.83,soccer pinnies,7890,9.45,True
https://www.prosoccer.com/collections/size-3-soccer-balls,COLLECTION,32682,35,0.00107,12.10,soccer ball,10647,12.25,True
https://www.prosoccer.com/collections/croatia,COLLECTION,32524,54,0.00166,25.06,team croatia world cup apparel,783,25.31,True
https://www.prosoccer.com/products/adidas-2026-scotland-mens-stadium-away-soccer-jersey,PRODUCT,31695,158,0.00499,8.51,scotland jersey 2026,6663,5.61,False
https://www.prosoccer.com/products/puma-2026-portugal-mens-authentic-home-soccer-jersey,PRODUCT,31690,42,0.00133,7.02,portugal jersey 2026,10351,6.10,False
https://www.prosoccer.com/products/nike-2024-25-netherlands-mens-authentic-home-jersey,PRODUCT,31627,34,0.00108,8.55,netherlands soccer jersey,16197,9.08,False
https://www.prosoccer.com/blogs/footwear/most-expensive-soccer-cleats,BLOG,31360,236,0.00753,7.64,most expensive soccer cleats,3022,4.74,True
https://www.prosoccer.com/products/umbro-2025-26-el-salvador-mens-stadium-home-soccer-jersey,PRODUCT,30695,13,0.00042,8.45,el salvador jersey,12140,8.62,False
https://www.prosoccer.com/collections/adult-shin-guards,COLLECTION,30269,55,0.00182,10.58,shin guards,11218,10.79,True
https://www.prosoccer.com/products/nike-2026-27-france-mens-stadium-away-soccer-jersey,PRODUCT,30172,98,0.00325,6.04,france jersey 2026,19741,5.46,False
https://www.prosoccer.com/products/nike-2026-27-norway-womens-stadium-home-soccer-jersey,PRODUCT,30025,785,0.02614,6.54,women's norway jersey,2350,4.12,False
https://www.prosoccer.com/products/panini-2026-fifa-world-cup-stickers-box-50-packs-each,PRODUCT,29765,92,0.00309,9.79,panini sticker box,329,10.74,False
https://www.prosoccer.com/collections/clearance,COLLECTION,29722,103,0.00347,3.20,pro soccer,10752,1.68,True
https://www.prosoccer.com/products/adidas-2024-25-germany-mens-stadium-home-long-sleeve-jersey,PRODUCT,29619,56,0.00189,7.87,germany soccer jersey,7590,8.54,False
https://www.prosoccer.com/collections/ghana-national-soccer-team-jerseys-apparel,COLLECTION,29382,267,0.00909,9.05,ghana soccer jersey,5832,8.89,True
https://www.prosoccer.com/collections/virgil-van-dijk,COLLECTION,29123,196,0.00673,6.32,virgil van dijk jersey,5277,4.89,True
https://www.prosoccer.com/blogs/reviews/2025-best-soccer-cleats-by-field-position,BLOG,29076,57,0.00196,13.31,top 2015 soccer cleats,716,16.55,True
https://www.prosoccer.com/products/adidas-2026-mexico-womens-stadium-away-soccer-jersey,PRODUCT,28930,12,0.00041,9.88,women's mexico jersey 2026,10148,10.21,False
https://www.prosoccer.com/blogs/footwear/what-soccer-cleats-does-kylian-mbappe-wear,BLOG,28607,144,0.00503,6.61,what cleats does mbappe wear,1811,4.21,True
https://www.prosoccer.com/collections/apparel-youth-shorts,COLLECTION,28018,83,0.00296,10.42,boys soccer shorts,2810,8.77,True
https://www.prosoccer.com/collections/adidas-2026-world-cup-balls,COLLECTION,27867,122,0.00438,10.48,world cup ball price,205,7.81,True
https://www.prosoccer.com/products/puma-2026-27-ivory-coast-mens-stadium-home-soccer-jersey,PRODUCT,27732,77,0.00278,6.93,ivory coast jersey,6751,5.36,False
https://www.prosoccer.com/collections/nike-mercurial,COLLECTION,27703,18,0.00065,12.65,nike soccer cleats,4032,11.81,True
https://www.prosoccer.com/blogs/footwear/best-soccer-cleats-goalkeepers,BLOG,27669,284,0.01026,7.38,goalkeeper cleats,1150,8.91,True
https://www.prosoccer.com/en-ca,OTHER,27618,1283,0.04646,17.83,prosoccer,1457,3.16,True
https://www.prosoccer.com/products/adidas-f50-elite-firm-ground-soccer-cleats-celestial-victory-pack-sp25,PRODUCT,27571,27,0.00098,7.05,f50 cleats,21439,7.34,False
https://www.prosoccer.com/blogs/blog/best-soccer-balls,BLOG,27236,201,0.00738,10.93,best soccer ball 2026,1808,11.88,True
https://www.prosoccer.com/collections/arsenal,COLLECTION,27170,59,0.00217,11.10,soccer pro,2041,4.41,True
https://www.prosoccer.com/blogs/skill-development/soccer-rules,BLOG,26863,142,0.00529,10.60,soccer rules,1263,8.68,True
https://www.prosoccer.com/collections/vinicius-junior,COLLECTION,26814,38,0.00142,9.69,brazil jersey,6431,9.88,True
https://www.prosoccer.com/products/nike-elite-pro-backpack,PRODUCT,26537,62,0.00234,4.47,nike elite pro backpack,7200,4.08,False
https://www.prosoccer.com/products/umbro-2025-2026-guatemala-mens-home-soccer-jersey,PRODUCT,26482,20,0.00076,5.93,guatemala soccer jersey,6450,4.88,False
https://www.prosoccer.com/collections/el-salvador,COLLECTION,26433,306,0.01158,8.59,el salvador jersey,2699,8.74,True
https://www.prosoccer.com/collections/egypt-national-soccer-team-jerseys-apparel,COLLECTION,26411,288,0.01090,9.01,egypt soccer jersey,2308,7.10,True
https://www.prosoccer.com/products/adidas-2022-23-mexico-home-jersey-green-red-1,PRODUCT,26158,48,0.00184,5.72,2022 mexico jersey,5910,2.64,False
https://www.prosoccer.com/collections/endrick,COLLECTION,25900,12,0.00046,8.27,real madrid jersey,8458,8.74,True
https://www.prosoccer.com/collections/goalkeeper-jerseys,COLLECTION,25861,330,0.01276,11.79,goalkeeper jersey,2691,8.77,True
https://www.prosoccer.com/collections/new-zealand-national-soccer-team-jerseys-apparel,COLLECTION,25834,135,0.00523,8.25,new zealand jersey,4402,8.70,True
https://www.prosoccer.com/products/adidas-2021-2022-japan-away-jersey-white,PRODUCT,25580,15,0.00059,5.49,japan away jersey,9915,5.92,False
https://www.prosoccer.com/pages/about-us,PAGE,25200,64,0.00254,2.84,pro soccer,8676,1.65,True
https://www.prosoccer.com/collections/green-soccer-cleats,COLLECTION,25104,33,0.00131,10.30,green soccer cleats,3305,7.82,True
https://www.prosoccer.com/products/puma-2026-27-ivory-coast-mens-stadium-away-soccer-jersey,PRODUCT,24411,66,0.00270,6.39,ivory coast jersey 2026,4367,5.11,False
https://www.prosoccer.com/collections/nike-soccer-shoes-cleats,COLLECTION,24367,5,0.00021,13.38,soccer pro,2962,4.17,True
https://www.prosoccer.com/collections/czech-republic-national-soccer-team-jerseys-apparel,COLLECTION,24026,242,0.01007,6.80,czech jersey,2221,5.64,True
https://www.prosoccer.com/collections/apparel-women-shorts,COLLECTION,23697,43,0.00181,11.44,nike womens soccer shorts,5595,10.08,True
https://www.prosoccer.com/products/adidas-2026-chile-mens-stadium-away-soccer-jersey,PRODUCT,23587,204,0.00865,3.76,chile away jersey,5323,2.57,False
https://www.prosoccer.com/collections/manchester-united,COLLECTION,23568,12,0.00051,9.82,man united jersey,7183,8.95,True
https://www.prosoccer.com/products/puma-2026-27-portugal-mens-authentic-away-ronaldo-7-soccer-jersey,PRODUCT,23490,208,0.00885,7.93,puma ronaldo jersey,440,7.66,False
https://www.prosoccer.com/products/adidas-2026-argentina-womens-stadium-away-soccer-jersey,PRODUCT,23460,30,0.00128,7.92,argentina jersey women,1788,8.31,False
https://www.prosoccer.com/collections/backpacks,COLLECTION,23240,92,0.00396,13.77,soccer backpack,5873,11.79,True
https://www.prosoccer.com/blogs/footwear/types-of-soccer-cleats,BLOG,23137,41,0.00177,14.55,compare soccer cleat sizing between top brands,531,5.95,True
https://www.prosoccer.com/products/adidas-2026-spain-mens-stadium-away-soccer-jersey,PRODUCT,23122,99,0.00428,6.36,spain jersey 2026,5971,5.50,False
https://www.prosoccer.com/products/nike-2024-25-barcelona-mens-stadium-away-jersey,PRODUCT,22696,16,0.00070,6.69,barcelona away jersey,5597,4.67,False
https://www.prosoccer.com/blogs/footwear/firm-ground-vs-soft-ground-soccer-cleats,BLOG,22632,61,0.00270,9.65,soft ground soccer cleats,3100,9.90,True
https://www.prosoccer.com/collections/honduras,COLLECTION,22585,485,0.02147,7.24,honduras jersey,4220,7.03,True
https://www.prosoccer.com/products/panini-2026-adrenalyn-xl-fifa-world-cup-cards-eco-blaster-56-cards-4-le,PRODUCT,22344,29,0.00130,9.18,world cup cards,7122,10.38,False
https://www.prosoccer.com/products/adidas-2026-colombia-mens-stadium-home-soccer-jersey,PRODUCT,22329,81,0.00363,9.14,colombia jersey 2026,5613,10.20,False
https://www.prosoccer.com/blogs/footwear/what-soccer-cleats-does-ronaldo-wear,BLOG,22277,85,0.00382,10.03,ronaldo cleats,1272,13.68,True
https://www.prosoccer.com/products/puma-2026-27-morocco-mens-stadium-home-soccer-jersey,PRODUCT,22127,64,0.00289,6.39,morocco jersey 2026,10544,4.68,False
https://www.prosoccer.com/products/panini-2026-fifa-world-cup-mexico-national-team-blaster-box-6-packs-each,PRODUCT,22114,3071,0.13887,5.28,panini intl mexico,2056,5.21,False
https://www.prosoccer.com/collections/alex-morgan,COLLECTION,21977,132,0.00601,7.98,alex morgan world cup outfit,2668,9.73,True
https://www.prosoccer.com/collections/training-jerseys,COLLECTION,21878,318,0.01454,7.98,sleeveless soccer jersey,1543,6.81,True
https://www.prosoccer.com/products/nike-phantom-6-low-elite-firm-ground-soccer-cleats-erling-haaland-pack-fa25,PRODUCT,21639,27,0.00125,6.10,haaland cleats,4124,6.08,False
https://www.prosoccer.com/products/adidas-2026-colombia-womens-stadium-home-soccer-jersey,PRODUCT,21403,54,0.00252,9.28,colombia jersey women,1628,9.28,False
https://www.prosoccer.com/collections/uruguay-jerseys,COLLECTION,21138,163,0.00771,7.58,uruguay jersey,8549,7.38,True
https://www.prosoccer.com/pages/returns,PAGE,21020,128,0.00609,7.02,pro soccer,6475,8.58,True
https://www.prosoccer.com/collections/tottenham,COLLECTION,20739,18,0.00087,8.80,tottenham jersey,5001,8.95,True
https://www.prosoccer.com/products/nike-2026-uruguay-mens-authentic-away-soccer-jersey,PRODUCT,20491,74,0.00361,6.60,uruguay jersey,9939,5.43,False
https://www.prosoccer.com/collections/pants,COLLECTION,20369,10,0.00049,15.57,united states soccer pants,1659,11.11,True
https://www.prosoccer.com/products/adidas-2026-algeria-mens-stadium-home-soccer-jersey,PRODUCT,20338,130,0.00639,8.80,algeria jersey,3126,10.32,False
https://www.prosoccer.com/products/nike-2026-27-france-mens-stadium-home-soccer-jersey,PRODUCT,20251,77,0.00380,7.63,france soccer jersey,1935,9.32,False
https://www.prosoccer.com/products/puma-2026-27-morocco-mens-stadium-away-soccer-jersey,PRODUCT,20250,63,0.00311,6.71,morocco jersey 2026,7401,5.81,False
https://www.prosoccer.com/products/adidas-2026-spain-mens-authentic-away-soccer-jersey,PRODUCT,20135,104,0.00517,6.27,spain jersey 2026,5444,4.65,False
https://www.prosoccer.com/blogs/blog/soccer-jersey-outfit-ideas,BLOG,20117,77,0.00383,8.85,soccer jersey outfit,550,13.11,True
https://www.prosoccer.com/collections/robert-lewandowski,COLLECTION,20103,270,0.01343,7.63,lewandowski jersey,6394,5.42,True
https://www.prosoccer.com/collections/socks,COLLECTION,19836,53,0.00267,14.84,soccer socks,2002,18.88,True
https://www.prosoccer.com/collections/name-and-number-sets,COLLECTION,19646,1067,0.05431,7.17,soccer jersey numbers,395,8.94,True
https://www.prosoccer.com/products/medicaptain-mini-shin-guards,PRODUCT,19603,80,0.00408,10.51,mini shin guards,2776,11.18,False
https://www.prosoccer.com/products/norway-2026-home-away-haaland-9-jersey-name-set,PRODUCT,19399,771,0.03974,7.26,braut haaland jersey,1653,6.48,False
https://www.prosoccer.com/collections/adidas-soccer-cleats,COLLECTION,19308,9,0.00047,7.68,soccer pro,2962,4.17,True
https://www.prosoccer.com/products/panini-2022-fifa-world-cup-trading-cards-pack-4-cards-each,PRODUCT,19295,2,0.00010,10.65,world cup trading cards,6427,10.45,True
https://www.prosoccer.com/products/umbro-2022-el-salvador-third-jersey-navy-gold,PRODUCT,19184,38,0.00198,8.42,el salvador jersey,14968,8.86,False
https://www.prosoccer.com/collections/nike-soccer-jerseys,COLLECTION,19146,61,0.00319,11.35,nike soccer jerseys,7280,11.75,True
https://www.prosoccer.com/products/adidas-2026-mexico-mens-authentic-away-soccer-jersey,PRODUCT,19127,13,0.00068,8.96,mexico jersey 2026,9322,9.14,False
https://www.prosoccer.com/collections/umbro-soccer-cleats,COLLECTION,19010,276,0.01452,7.68,umbro soccer cleats,2638,5.40,True
https://www.prosoccer.com/collections/indoor-soccer-shoes,COLLECTION,18771,26,0.00139,16.46,kids indoor soccer shoes,1203,20.33,True
https://www.prosoccer.com/products/adidas-2026-mexico-mens-authentic-home-soccer-jersey,PRODUCT,18687,83,0.00444,8.99,mexico jersey 2026,4737,7.52,False
https://www.prosoccer.com/collections/nike-shin-guards,COLLECTION,18626,1,0.00005,11.48,shin guards,5949,12.43,True
https://www.prosoccer.com/blogs/blog/best-soccer-bags,BLOG,18583,156,0.00839,8.31,men's soccer bag,1851,11.26,True
https://www.prosoccer.com/collections/2026-national-team-soccer-bucket-hats,COLLECTION,18573,310,0.01669,11.49,world cup bucket hat,2312,8.58,True
https://www.prosoccer.com/products/nike-2026-27-korea-youth-stadium-home-soccer-jersey,PRODUCT,18566,271,0.01460,8.81,south korea soccer jersey 2026,1654,7.99,False
https://www.prosoccer.com/products/adidas-2026-argentina-mens-authentic-away-soccer-jersey,PRODUCT,18415,44,0.00239,7.88,argentina soccer jersey 2026,1760,4.77,False
https://www.prosoccer.com/collections/2026-fifa-world-cup-trophies,COLLECTION,18394,229,0.01245,7.89,world cup trophy replica,825,10.31,True
https://www.prosoccer.com/products/nike-phantom-6-low-elite-lv8-firm-ground-soccer-cleats-fear-nothing-pack-fa25,PRODUCT,18263,87,0.00476,7.70,nike phantom 6 low elite lv8,2582,7.01,False
https://www.prosoccer.com/collections/colombia-jerseys,COLLECTION,18176,61,0.00336,10.68,colombia soccer jersey,1178,15.54,True
https://www.prosoccer.com/products/puma-2026-27-portugal-womens-stadium-away-soccer-jersey,PRODUCT,18037,156,0.00865,8.28,women's portugal jersey,1535,7.92,False
https://www.prosoccer.com/products/puma-2026-paraguay-mens-authentic-home-soccer-jersey,PRODUCT,18010,37,0.00205,5.99,paraguay jersey,5189,4.89,False
https://www.prosoccer.com/collections/official-licensed-jerseys-sale,COLLECTION,18009,236,0.01310,9.48,soccer jersey sale,3253,8.90,True
https://www.prosoccer.com/collections/ivory-coast-national-soccer-team-jerseys-apparel,COLLECTION,17775,207,0.01165,8.91,ivory coast jersey,2199,7.47,True
https://www.prosoccer.com/collections/puma-2026-federation-soccer-jerseys,COLLECTION,17728,99,0.00558,7.25,puma world cup jerseys,3487,7.71,True
https://www.prosoccer.com/products/puma-2026-paraguay-mens-stadium-away-soccer-jersey,PRODUCT,17565,47,0.00268,7.88,paraguay away jersey,1288,3.53,False
https://www.prosoccer.com/products/adidas-2026-qatar-mens-stadium-home-soccer-jersey,PRODUCT,17519,26,0.00148,5.35,qatar jersey 2026,3535,1.39,False
https://www.prosoccer.com/blogs/footwear/best-soccer-cleats-wide-feet,BLOG,17500,88,0.00503,15.32,widest soccer cleats,641,17.67,True
https://www.prosoccer.com/collections/luka-modric,COLLECTION,17362,243,0.01400,9.94,modric croatia jersey,2241,8.26,True
https://www.prosoccer.com/collections/nike-tiempo-maestro,COLLECTION,17158,21,0.00122,8.97,tiempo maestro,11822,8.84,True
https://www.prosoccer.com/products/nike-2026-brazil-mens-authentic-home-soccer-jersey,PRODUCT,17070,131,0.00767,8.59,brazil soccer jersey 2026,1055,6.07,False
https://www.prosoccer.com/collections/mens-and-womens-licensed-jerseys,COLLECTION,16976,7,0.00041,6.09,soccer pro,2962,4.17,True
https://www.prosoccer.com/products/nike-2026-27-norway-youth-stadium-home-soccer-jersey,PRODUCT,16965,103,0.00607,7.35,norway home jersey,3343,4.89,False
https://www.prosoccer.com/products/nike-2026-27-korea-mens-stadium-away-soccer-jersey,PRODUCT,16934,218,0.01287,10.18,south korea away kit 2026,984,2.39,False
https://www.prosoccer.com/products/adidas-2026-spain-womens-stadium-away-soccer-jersey,PRODUCT,16870,170,0.01008,7.21,women's spain jersey 2026,1506,7.04,False
https://www.prosoccer.com/collections/adidas-goalkeeper-jersey,COLLECTION,16743,237,0.01416,9.53,adidas goalkeeper jersey,2302,9.14,True
https://www.prosoccer.com/products/macron-2023-24-crystal-palace-mens-authentic-home-jersey,PRODUCT,16710,9,0.00054,6.43,crystal palace jersey,8618,5.75,True
https://www.prosoccer.com/products/nike-2026-croatia-mens-authentic-away-soccer-jersey,PRODUCT,16635,59,0.00355,7.29,croatia jersey,2459,6.78,False
https://www.prosoccer.com/products/puma-2026-27-portugal-mens-stadium-away-long-sleeve-soccer-jersey,PRODUCT,16474,188,0.01141,6.75,portugal long sleeve jersey,1435,7.00,False
https://www.prosoccer.com/collections/adidas-messi-el-ultimo-tango-soccer-cleats,COLLECTION,16338,260,0.01591,7.74,el ultimo tango messi,1260,7.48,True
https://www.prosoccer.com/pages/shipping-delivery,PAGE,16188,169,0.01044,3.59,prosoccer,6055,1.20,True
https://www.prosoccer.com/products/puma-2026-27-morocco-mens-pre-match-soccer-jersey,PRODUCT,16099,190,0.01180,6.13,morocco jersey 2026,6728,5.08,False
https://www.prosoccer.com/products/adidas-2026-argentina-mens-authentic-home-shorts,PRODUCT,16046,215,0.01340,8.55,argentina shorts,2023,7.60,False
https://www.prosoccer.com/products/adidas-2021-22-real-madrid-home-authentic-jersey-white-blue-orange,PRODUCT,15890,10,0.00063,7.70,real madrid jerseys,10323,9.34,True
https://www.prosoccer.com/collections/kevin-de-bruyne,COLLECTION,15874,160,0.01008,8.69,kevin de bruyne jersey,2640,7.39,True
https://www.prosoccer.com/blogs/blog/what-soccer-cleats-does-lionel-messi-wear,BLOG,15847,43,0.00271,11.44,new messi cleats,997,14.35,True
https://www.prosoccer.com/collections/argentina-jerseys,COLLECTION,15796,10,0.00063,7.92,argentina jersey 2026,618,9.89,True
https://www.prosoccer.com/products/adidas-2026-germany-mens-stadium-away-long-sleeve-soccer-jersey-1,PRODUCT,15750,78,0.00495,6.88,germany long sleeve jersey 2026,841,6.90,False
https://www.prosoccer.com/collections/youth-shin-guards,COLLECTION,15703,1,0.00006,14.91,shin guards kids,1544,13.19,True
https://www.prosoccer.com/collections/nike-phantom,COLLECTION,15653,22,0.00141,11.50,phantom soccer cleats,1464,13.02,True
https://www.prosoccer.com/products/adidas-2024-25-spain-womens-stadium-home-jersey,PRODUCT,15563,0,0.00000,8.41,spain jersey,3388,6.66,True
https://www.prosoccer.com/products/nike-2026-27-norway-womens-stadium-away-soccer-jersey,PRODUCT,15559,276,0.01774,7.65,women's norway jersey 2026,623,5.44,False
https://www.prosoccer.com/collections/trinity-rodman,COLLECTION,15414,67,0.00435,9.89,trinity rodman jersey,4509,10.95,True
https://www.prosoccer.com/products/adidas-2021-2022-mexico-home-jersey-black-real-magenta,PRODUCT,15360,27,0.00176,2.54,black and pink mexico jersey,4271,2.07,False
https://www.prosoccer.com/blogs/footwear/best-soccer-cleats-defenders,BLOG,15317,65,0.00424,10.20,soccer cleats for defenders,1467,11.10,True
https://www.prosoccer.com/products/nike-2026-27-brazil-womens-stadium-home-soccer-jersey,PRODUCT,15133,54,0.00357,7.29,women's brazil jersey,920,5.70,False
https://www.prosoccer.com/products/puma-2026-portugal-womens-stadium-home-soccer-jersey,PRODUCT,15089,92,0.00610,7.76,women's portugal jersey,1181,7.07,False
https://www.prosoccer.com/products/puma-2026-27-ghana-mens-stadium-away-soccer-jersey,PRODUCT,15039,77,0.00512,5.67,ghana away jersey,1894,4.03,False
https://www.prosoccer.com/products/puma-2026-27-switzerland-mens-stadium-away-soccer-jersey,PRODUCT,14976,50,0.00334,6.74,switzerland soccer jersey,1638,8.44,False
https://www.prosoccer.com/collections/england-jerseys,COLLECTION,14947,149,0.00997,10.23,england jerseys,3709,9.29,True
https://www.prosoccer.com/blogs/skill-development/soccer-ball-sizes-by-age,BLOG,14882,56,0.00376,15.75,soccer ball size by age,687,8.07,True
https://www.prosoccer.com/collections/leather-soccer-cleats-shoes,COLLECTION,14830,34,0.00229,13.53,leather soccer cleats,2410,12.30,True
https://www.prosoccer.com/collections/red-soccer-cleats,COLLECTION,14824,6,0.00040,13.55,red soccer cleats,2576,11.12,True
https://www.prosoccer.com/products/nike-2022-23-croatia-home-long-sleeve-jersey,PRODUCT,14802,35,0.00236,7.57,croatia jersey,4004,8.11,False
https://www.prosoccer.com/products/adidas-2021-22-atlanta-united-fc-home-jersey-black-red,PRODUCT,14793,5,0.00034,9.94,atlanta united jersey,6295,9.03,True
https://www.prosoccer.com/blogs/reviews/nike-tempo-legend-10-elite-boot-review,BLOG,14774,20,0.00135,9.73,nike tiempo legend 10 elite fg () reviews,499,9.57,True
https://www.prosoccer.com/collections/ac-milan,COLLECTION,14751,26,0.00176,11.83,ac milan jersey,5227,10.41,True
https://www.prosoccer.com/products/nike-2026-27-england-mens-authentic-away-soccer-jersey,PRODUCT,14579,34,0.00233,8.00,england jersey 2026,3930,6.98,False
https://www.prosoccer.com/products/adidas-2026-colombia-youth-stadium-home-soccer-jersey,PRODUCT,14552,22,0.00151,9.52,colombia jersey 2026,5516,11.14,False
https://www.prosoccer.com/blogs/footwear/how-long-do-soccer-cleats-last,BLOG,14525,44,0.00303,6.05,how long do soccer cleats last,327,4.16,True
https://www.prosoccer.com/collections/borussia-dortmund,COLLECTION,14485,27,0.00186,11.39,dortmund jersey,1768,9.12,True
https://www.prosoccer.com/blogs/blog/what-to-wear-to-world-cup-2026-weather-by-city-gear-guide,BLOG,14470,268,0.01852,8.74,world cup 2026 outfit speed,1153,7.66,True
https://www.prosoccer.com/collections/united-states-women,COLLECTION,14389,34,0.00236,11.90,womens usa soccer jersey,534,12.28,True
https://www.prosoccer.com/products/adidas-2026-mexico-womens-stadium-home-cropped-jersey,PRODUCT,14265,122,0.00855,7.60,cropped mexico jersey,1477,5.70,False
https://www.prosoccer.com/products/puma-2026-paraguay-mens-stadium-home-soccer-jersey,PRODUCT,14229,16,0.00112,7.30,paraguay jersey,3298,6.95,False
https://www.prosoccer.com/products/nike-2026-croatia-mens-stadium-home-soccer-jersey,PRODUCT,14127,80,0.00566,8.07,croatia jersey,2611,7.31,False
https://www.prosoccer.com/products/spain-2026-away-lamine-yamal-19-jersey-name-set,PRODUCT,14077,367,0.02607,6.63,spain 19 jersey,697,5.57,False
https://www.prosoccer.com/products/nike-strike-sleeves-socks,PRODUCT,14025,62,0.00442,8.44,soccer sleeve socks,854,11.85,False
https://www.prosoccer.com/products/adidas-2026-mexico-womens-stadium-third-soccer-jersey,PRODUCT,14000,121,0.00864,8.21,women's mexico jersey 2026,1666,10.48,False
https://www.prosoccer.com/collections/patches,COLLECTION,13989,387,0.02766,9.99,soccer patches,1386,2.74,True
https://www.prosoccer.com/blogs/jerseys/how-to-wash-a-soccer-jersey-in-3-easy-steps,BLOG,13916,33,0.00237,8.21,how to wash adidas soccer jersey,76,10.18,True
https://www.prosoccer.com/collections/sweden-national-soccer-team-jerseys-apparel,COLLECTION,13898,24,0.00173,18.36,sweden soccer jersey,615,13.27,True
https://www.prosoccer.com/collections/harry-kane,COLLECTION,13886,75,0.00540,9.51,harry kane jersey,749,13.71,True
https://www.prosoccer.com/products/nike-2026-norway-mens-core-haaland-9-tee,PRODUCT,13876,156,0.01124,7.25,haaland norway jersey 2026,3074,5.34,False
https://www.prosoccer.com/collections/nike-mbappe-soccer-cleats,COLLECTION,13853,18,0.00130,10.82,mbappe cleats,4891,11.71,True
https://www.prosoccer.com/collections/best-selling-jerseys,COLLECTION,13774,101,0.00733,7.65,top selling soccer jerseys,403,5.07,True
https://www.prosoccer.com/collections/hoodies,COLLECTION,13746,19,0.00138,13.02,soccer hoodies,1877,9.10,True
https://www.prosoccer.com/products/adidas-2026-jamaica-mens-stadium-home-soccer-jersey,PRODUCT,13733,5,0.00036,5.97,jamaica soccer jersey,6266,5.53,True
https://www.prosoccer.com/collections/mizuno-soccer-cleats,COLLECTION,13685,80,0.00585,11.42,mizuno youth cleats,1292,6.83,True
https://www.prosoccer.com/collections/nike-premier,COLLECTION,13671,25,0.00183,11.71,nike soccer cleats,1039,19.48,True
https://www.prosoccer.com/products/nike-2026-27-canada-mens-stadium-away-soccer-jersey,PRODUCT,13670,76,0.00556,7.66,canada away jersey,1423,8.31,False
https://www.prosoccer.com/products/joma-2026-27-honduras-mens-stadium-home-soccer-jersey,PRODUCT,13607,98,0.00720,7.71,honduras jersey,2766,9.87,False
https://www.prosoccer.com/collections/pedri,COLLECTION,13540,45,0.00332,9.79,pedri jersey,2658,9.20,True
https://www.prosoccer.com/collections/nike-goalkeeper-jersey,COLLECTION,13503,387,0.02866,7.14,nike goalkeeper jersey,1607,5.12,True
https://www.prosoccer.com/products/nike-2026-uruguay-mens-authentic-home-soccer-jersey,PRODUCT,13411,56,0.00418,8.38,uruguay jersey,3452,9.25,False
https://www.prosoccer.com/products/spain-2026-home-lamine-yamal-19-jersey-name-set,PRODUCT,13367,160,0.01197,6.59,lamine yamal jersey number 2026,811,6.46,False
https://www.prosoccer.com/products/nike-2024-25-france-stadium-away-jersey,PRODUCT,13315,53,0.00398,6.16,nike france away jersey,884,7.32,False
https://www.prosoccer.com/collections/senegal-national-soccer-team-jerseys-apparel,COLLECTION,13272,30,0.00226,13.62,senegal jersey,3856,3.94,True
https://www.prosoccer.com/collections/white-soccer-cleats,COLLECTION,13044,1,0.00008,17.08,white soccer cleats,2728,13.85,True
https://www.prosoccer.com/collections/colombia,COLLECTION,13041,60,0.00460,11.10,colombia soccer,485,9.62,True
https://www.prosoccer.com/products/nike-2026-27-brazil-mens-authentic-away-soccer-jersey,PRODUCT,13037,61,0.00468,8.02,brazil away jersey,840,8.32,False
https://www.prosoccer.com/products/adidas-2026-mexico-womens-stadium-home-soccer-jersey,PRODUCT,13033,19,0.00146,9.74,women's mexico jersey 2026,1773,8.78,False
https://www.prosoccer.com/products/adidas-2026-mexico-mens-authentic-third-long-sleeve-soccer-jersey,PRODUCT,13005,234,0.01799,8.66,mexico third jersey long sleeve,531,6.19,False
https://www.prosoccer.com/collections/cole-palmer,COLLECTION,12981,22,0.00169,9.54,england jersey,3047,10.34,True
https://www.prosoccer.com/collections/slip-in-shin-guards-with-sleeves,COLLECTION,12953,18,0.00139,14.00,slip in shin guards,580,11.57,True
https://www.prosoccer.com/collections/barcelona,COLLECTION,12943,19,0.00147,13.40,barcelona jersey,3630,13.91,True
https://www.prosoccer.com/products/puma-2026-27-new-zealand-mens-stadium-home-soccer-jersey,PRODUCT,12926,23,0.00178,7.79,new zealand world cup jersey,2390,9.36,False
https://www.prosoccer.com/collections/all-footwear,COLLECTION,12806,3,0.00023,6.88,soccer pro,2354,4.38,True
https://www.prosoccer.com/products/adidas-2026-japan-mens-away-pre-match-soccer-jersey,PRODUCT,12770,81,0.00634,6.29,japan away jersey 2026,2424,5.41,False
https://www.prosoccer.com/en-au,OTHER,12734,304,0.02387,24.42,australia fifa world cup pants,409,17.67,True
https://www.prosoccer.com/products/uefa-champions-league-starball-badge,PRODUCT,12691,12,0.00095,8.84,starball,11631,8.91,True
https://www.prosoccer.com/blogs/footwear/best-soccer-cleats-for-narrow-feet-in-2026,BLOG,12678,27,0.00213,9.05,narrow soccer cleats,380,14.23,True
https://www.prosoccer.com/products/adidas-2022-23-argentina-pre-match-jersey-royal-blue-black,PRODUCT,12558,8,0.00064,5.90,argentina pre match jersey,3388,7.06,True
https://www.prosoccer.com/blogs/footwear/best-soccer-cleats-kids,BLOG,12521,38,0.00303,12.09,best soccer cleats for kids,1902,4.50,True
https://www.prosoccer.com/products/adidas-2026-south-africa-mens-stadium-away-soccer-jersey,PRODUCT,12462,80,0.00642,5.93,saudi arabia soccer jersey,1407,6.87,False
https://www.prosoccer.com/products/puma-2026-chivas-youth-stadium-third-soccer-jersey,PRODUCT,12428,10,0.00080,6.31,chivas 2026 jersey,2087,8.10,True
https://www.prosoccer.com/products/real-madrid-2025-ucl-starball-15-10th-anniversary-uefa-foundation-patch-set,PRODUCT,12424,119,0.00958,4.34,ucl patch,3059,5.54,False
https://www.prosoccer.com/products/nike-2022-23-portugal-home-jersey-red-green-1,PRODUCT,12415,53,0.00427,3.93,portugal nike jersey,815,5.93,False
https://www.prosoccer.com/collections/premier-league-jerseys-25-26,COLLECTION,12383,182,0.01470,7.86,premier league jerseys 2026,685,6.71,True
https://www.prosoccer.com/products/panini-2026-fifa-world-cup-mexico-national-team-blaster-pack-6-cards-each,PRODUCT,12314,629,0.05108,7.43,panini mexico cards,1231,4.53,False
https://www.prosoccer.com/products/puma-2026-27-czech-republic-mens-stadium-away-soccer-jersey,PRODUCT,12247,69,0.00563,6.34,czech republic jersey,1497,4.91,False
https://www.prosoccer.com/products/adidas-2026-argentina-mens-pre-match-soccer-jersey,PRODUCT,12212,25,0.00205,6.81,argentina pre match jersey 2026,3508,5.45,False
https://www.prosoccer.com/collections/new-balance-442-soccer-cleats,COLLECTION,12187,23,0.00189,9.40,nb 442,183,11.38,True
https://www.prosoccer.com/products/nike-2026-croatia-mens-authentic-home-soccer-jersey,PRODUCT,12175,40,0.00329,7.50,croatia soccer jersey,2451,8.06,False
https://www.prosoccer.com/collections/premium-match-balls,COLLECTION,12148,85,0.00700,12.22,pro soccer ball,1505,11.03,True
https://www.prosoccer.com/blogs/blog/soccer-essentials-list,BLOG,11985,24,0.00200,9.87,soccer essentials,222,8.86,True
https://www.prosoccer.com/products/adidas-2026-mexico-mens-authentic-away-long-sleeve-soccer-jersey,PRODUCT,11952,83,0.00694,9.32,mexico white jersey 2026 long sleeve,228,6.33,False
https://www.prosoccer.com/products/nike-2026-27-uruguay-mens-stadium-away-soccer-jersey,PRODUCT,11922,69,0.00579,6.25,uruguay away jersey,2920,1.37,False
https://www.prosoccer.com/collections/canada,COLLECTION,11922,21,0.00176,18.16,canada national team gear,741,13.72,True
https://www.prosoccer.com/products/nike-2026-27-norway-mens-stadium-away-soccer-jersey,PRODUCT,11898,79,0.00664,7.68,norway away jersey 2026,2149,5.54,False
https://www.prosoccer.com/collections/michael-olise,COLLECTION,11885,115,0.00968,8.94,olise jersey,1769,8.96,True
https://www.prosoccer.com/collections/shin-guards,COLLECTION,11850,17,0.00143,19.79,shinguards,1150,10.05,True
https://www.prosoccer.com/products/adidas-usa-mens-denim-graphic-jersey,PRODUCT,11713,10,0.00085,5.72,adidas usa jersey,3821,5.78,True
https://www.prosoccer.com/pages/size-guide,PAGE,11689,75,0.00642,10.54,"soccer ""47'"" ""50'"" ""66'"" ""71'"" ""86'""",291,2.47,True
https://www.prosoccer.com/collections/footwear-youth-artificial-turf,COLLECTION,11624,18,0.00155,17.42,youth turf soccer shoes,620,18.56,True
https://www.prosoccer.com/pages/reviews,PAGE,11617,112,0.00964,4.86,is prosoccer.com legit,1246,4.46,True
https://www.prosoccer.com/collections/2026-national-team-soccer-scarves,COLLECTION,11608,156,0.01344,10.25,us soccer scarves,339,24.06,True
https://www.prosoccer.com/products/puma-2026-portugal-mens-authentic-home-ronaldo-7-soccer-jersey,PRODUCT,11533,70,0.00607,8.10,puma ronaldo jersey,1672,8.11,False
https://www.prosoccer.com/collections/slip-in-shin-guards,COLLECTION,11513,0,0.00000,12.09,shin guards,7772,12.00,True
https://www.prosoccer.com/collections/apparel-youth-pants,COLLECTION,11511,5,0.00043,10.95,soccer pants,2782,11.98,True
https://www.prosoccer.com/collections/paraguay-national-soccer-team-jerseys-apparel-gear,COLLECTION,11473,61,0.00532,8.87,paraguay jersey,1501,10.24,True
https://www.prosoccer.com/collections/boca-juniors,COLLECTION,11401,142,0.01246,7.03,boca juniors jersey,2916,8.91,True
https://www.prosoccer.com/products/nike-2023-24-club-america-mens-stadium-home-jersey,PRODUCT,11393,9,0.00079,9.70,club america jersey,6838,10.72,True
https://www.prosoccer.com/collections/france-jerseys,COLLECTION,11375,10,0.00088,8.70,france jersey,1368,10.42,True
https://www.prosoccer.com/collections/select-soccer-balls,COLLECTION,11315,62,0.00548,12.22,select soccer ball,1723,12.91,True
https://www.prosoccer.com/products/adidas-2026-italy-mens-authentic-home-soccer-jersey,PRODUCT,11312,10,0.00088,10.52,italy world cup jersey,512,10.95,True
https://www.prosoccer.com/products/nike-2026-27-norway-youth-stadium-away-soccer-jersey,PRODUCT,11292,43,0.00381,7.69,norway away jersey 2026,1596,5.75,False
https://www.prosoccer.com/products/logo-brands-2026-fifa-world-cup-14oz-black-relief-mug,PRODUCT,11279,49,0.00434,6.62,world cup mug,1434,5.67,False
https://www.prosoccer.com/en-gb,OTHER,11233,328,0.02920,7.15,pro soccer,2690,3.58,True
https://www.prosoccer.com/collections/adidas-2026-fifa-world-cup-logo-hats,COLLECTION,11224,40,0.00356,15.64,world cup hats 2026,1077,11.40,True
https://www.prosoccer.com/products/adidas-2026-mexico-womens-stadium-away-cropped-soccer-jersey,PRODUCT,11217,394,0.03513,7.84,mexico cropped jersey,1371,5.50,False
https://www.prosoccer.com/products/nike-fa25-total-90-academy-soccer-ball-1,PRODUCT,11184,39,0.00349,8.65,total 90 soccer ball,1124,10.44,False
https://www.prosoccer.com/products/nike-2026-england-hollywood-keepers-reversible-bucket-hat,PRODUCT,11148,259,0.02323,8.06,england bucket hat,3442,4.42,False
https://www.prosoccer.com/collections/chivas,COLLECTION,11127,102,0.00917,12.45,chivas merch,724,10.32,True
https://www.prosoccer.com/products/kelme-2026-bosnia-and-herzegovina-mens-stadium-home-soccer-jersey,PRODUCT,11088,67,0.00604,7.46,bosnia jersey 2026,1801,6.37,False
https://www.prosoccer.com/products/nike-2024-25-france-mens-authentic-away-jersey,PRODUCT,10999,34,0.00309,7.18,france away authentic jersey,1103,8.76,False
https://www.prosoccer.com/products/puma-2025-26-chivas-womens-stadium-away-soccer-jersey,PRODUCT,10986,49,0.00446,8.74,women's chivas jersey,1697,9.58,False
https://www.prosoccer.com/collections/mini-balls,COLLECTION,10968,39,0.00356,12.74,mini soccer ball,3770,13.42,True
https://www.prosoccer.com/collections/usa-jerseys,COLLECTION,10834,39,0.00360,10.69,uswnt jersey,1374,9.37,True
https://www.prosoccer.com/collections/duffel-bags,COLLECTION,10692,60,0.00561,8.56,soccer duffle bag,3203,3.89,True
https://www.prosoccer.com/products/adidas-2026-27-club-america-mens-authentic-home-soccer-jersey,PRODUCT,10657,2,0.00019,5.48,america jersey 2026,3710,3.50,True
https://www.prosoccer.com/collections/apparel-men-training-tops,COLLECTION,10639,89,0.00837,9.26,soccer training tops,725,6.84,True
https://www.prosoccer.com/products/adidas-2022-23-argentina-youth-away-jersey-indigo-purple,PRODUCT,10631,11,0.00103,8.79,argentina jersey,3486,14.42,True
https://www.prosoccer.com/products/nike-2026-27-usmnt-mens-stadium-home-shorts,PRODUCT,10589,26,0.00246,12.28,usmnt shorts,1700,10.57,False
https://www.prosoccer.com/collections/nike-haaland-pe-pack,COLLECTION,10578,20,0.00189,9.88,haaland cleats,2796,10.73,True
https://www.prosoccer.com/collections/new-soccer-cleats,COLLECTION,10529,5,0.00047,15.49,coming soon soccer cleats,937,16.97,True
https://www.prosoccer.com/products/adidas-tiro-pro-soccer-ball,PRODUCT,10474,18,0.00172,8.04,adidas tiro pro,2012,6.82,False
https://www.prosoccer.com/products/nike-2026-27-usmnt-mens-authentic-away-soccer-jersey,PRODUCT,10468,201,0.01920,10.46,usmnt away jersey 2026,1963,8.89,False
https://www.prosoccer.com/collections/kylian-mbappe,COLLECTION,10460,55,0.00526,13.04,mbappe jersey,1929,14.09,True
https://www.prosoccer.com/products/adidas-2026-argentina-mens-authentic-home-soccer-jersey,PRODUCT,10440,23,0.00220,9.29,argentina shirt 2026,492,8.45,False
https://www.prosoccer.com/products/nike-tiempo-ligera-pro-firm-ground-soccer-cleats-sp26,PRODUCT,10419,2,0.00019,8.28,tiempo ligera,4895,8.54,True
https://www.prosoccer.com/collections/womens-soccer-cleats-shoes,COLLECTION,10386,3,0.00029,25.85,womens soccer cleats,1650,25.58,True
https://www.prosoccer.com/products/adidas-2026-spain-mens-stadium-away-shorts,PRODUCT,10355,73,0.00705,8.50,spain soccer shorts,793,7.82,False
https://www.prosoccer.com/collections/2026-national-team-soccer-hats,COLLECTION,10348,8,0.00077,13.24,poland world cup caps 2026,612,9.09,True
https://www.prosoccer.com/collections/field-player-gloves,COLLECTION,10345,31,0.00300,9.62,soccer winter gloves,803,11.90,True
https://www.prosoccer.com/blogs/footwear/how-to-clean-soccer-cleats-5-maintenance-tips,BLOG,10310,18,0.00175,11.51,how to clean soccer cleats,682,13.39,True
https://www.prosoccer.com/collections/bukayo-saka,COLLECTION,10263,35,0.00341,9.85,bukayo saka jersey,1180,9.77,True
https://www.prosoccer.com/collections/soccer-cones,COLLECTION,10209,6,0.00059,15.39,soccer cones,2399,14.61,True
https://www.prosoccer.com/collections/ankle-protective-shin-guards,COLLECTION,10121,35,0.00346,13.33,soccer shin guards,949,17.83,True
https://www.prosoccer.com/products/adidas-2026-costa-rica-mens-stadium-away-soccer-jersey,PRODUCT,10104,63,0.00624,5.41,costa rica jersey 2026,1363,2.91,False
https://www.prosoccer.com/products/nike-2021-22-barcelona-away-jersey-purple-pulse,PRODUCT,10100,12,0.00119,1.73,barcelona purple jersey,1793,1.18,True
https://www.prosoccer.com/blogs/footwear/best-soccer-cleats-under-100,BLOG,10095,12,0.00119,15.61,cheap cleats,664,20.46,True
https://www.prosoccer.com/collections/apparel-youth-jackets,COLLECTION,10084,23,0.00228,10.60,soccer jackets,1091,17.41,True
https://www.prosoccer.com/products/adidas-2024-25-columbia-mens-stadium-away-jersey,PRODUCT,10034,4,0.00040,5.28,columbia jersey,7293,4.72,True
https://www.prosoccer.com/collections/chelsea,COLLECTION,10031,35,0.00349,11.76,chelsea soccer jersey,906,9.63,True
https://www.prosoccer.com/products/adidas-f50-elite-laceless-lamine-firm-ground-soccer-cleats-yamal-future-icon-pack-fa25,PRODUCT,10027,21,0.00209,7.93,lamine yamal cleats,906,8.79,False
https://www.prosoccer.com/products/nike-2026-brazil-womens-stadium-away-soccer-jersey,PRODUCT,10015,74,0.00739,8.10,women's brazil jersey 2026,433,4.84,False
https://www.prosoccer.com/products/puma-2026-portugal-womens-stadium-home-ronaldo-7-soccer-jersey,PRODUCT,9943,76,0.00764,6.70,women's ronaldo jersey,559,3.91,False
https://www.prosoccer.com/collections/adidas-soccer-balls,COLLECTION,9937,4,0.00040,13.16,soccer ball,1703,13.14,True
https://www.prosoccer.com/products/adidas-2026-fifa-world-cup-mexico-snapback-cap,PRODUCT,9861,34,0.00345,19.82,mexico world cup hats,594,24.28,False
https://www.prosoccer.com/blogs/news/guide-to-fifa-world-cup-2026,BLOG,9861,16,0.00162,15.47,outline a typical men's world cup schedule phases and key dates,953,9.00,True
https://www.prosoccer.com/products/mizuno-morelia-neo-v-beta-elite-firm-ground-soccer-cleats-prism-white-pack-fa26,PRODUCT,9838,14,0.00142,9.38,mizuno morelia,1631,10.33,False
https://www.prosoccer.com/products/adidas-predator-elite-fold-over-tongue-firm-ground-soccer-cleats-electric-stealth-pack-fa25,PRODUCT,9815,35,0.00357,7.59,predator elite fold-over tongue firm ground soccer cleats,1068,7.00,False
https://www.prosoccer.com/products/adidas-2025-26-inter-miami-womens-messi-10-stadium-away-jersey,PRODUCT,9763,21,0.00215,8.64,womens messi jersey,1312,8.66,False
https://www.prosoccer.com/products/adidas-f50-messi-league-turf-soccer-shoes-el-ultimo-tango-pack-sp26,PRODUCT,9747,87,0.00893,6.89,el ultimo tango,861,8.51,False
https://www.prosoccer.com/products/logo-brands-2026-fifa-world-cup-lanyard,PRODUCT,9719,106,0.01091,7.22,world cup lanyard,850,7.81,False
https://www.prosoccer.com/products/adidas-predator-elite-firm-ground-soccer-cleats-road-to-glory-fa25,PRODUCT,9682,43,0.00444,7.00,adidas predator road to glory,545,3.78,False
https://www.prosoccer.com/products/adidas-2022-world-cup-al-hilm-official-match-ball-gold-metallic-maroon-red,PRODUCT,9675,196,0.02026,6.51,al hilm,881,6.88,False
https://www.prosoccer.com/products/adidas-22-23-arsenal-authentic-away-jersey-black,PRODUCT,9575,65,0.00679,6.48,arsenal soccer jersey,1492,10.75,False
https://www.prosoccer.com/products/adidas-f50-hyperfast-elite-firm-ground-soccer-cleats,PRODUCT,9563,14,0.00146,8.50,hyperfast f50,832,5.19,False
https://www.prosoccer.com/products/puma-2026-27-portugal-mens-stadium-away-ronaldo-7-long-sleeve-soccer-jersey,PRODUCT,9551,109,0.01141,7.00,portugal long sleeve jersey,249,4.24,False
https://www.prosoccer.com/products/nike-2024-25-brazil-mens-authentic-home-jersey,PRODUCT,9546,8,0.00084,9.54,brazil authentic jersey,2192,9.54,True
https://www.prosoccer.com/products/adidas-2026-ukraine-mens-stadium-home-soccer-jersey,PRODUCT,9499,2,0.00021,18.90,ukraine soccer jersey,1096,6.83,True
https://www.prosoccer.com/collections/france-hats,COLLECTION,9484,47,0.00496,11.66,france world cup hats,934,11.15,True
https://www.prosoccer.com/products/nike-france-women-s-ec22-away-jersey-white-pink-glaze,PRODUCT,9468,48,0.00507,8.63,france jersey women,649,10.50,False
https://www.prosoccer.com/products/adidas-2026-fifa-world-cup-mascot-tee,PRODUCT,9446,23,0.00243,10.57,world cup tees,1531,22.94,False
https://www.prosoccer.com/blogs/footwear/best-soccer-cleats-midfielders,BLOG,9396,44,0.00468,9.71,soccer cleats for midfielders,455,16.83,True
https://www.prosoccer.com/products/fifa-world-cup-3d-3-inch-trophy-replica,PRODUCT,9379,56,0.00597,10.55,world cup trophy replica,307,12.15,False
https://www.prosoccer.com/products/adidas-2026-colombia-mens-stadium-away-soccer-jersey,PRODUCT,9347,4,0.00043,6.56,colombia jersey 2026,1408,4.95,True
https://www.prosoccer.com/products/adidas-f50-hyperfast-evo-firm-ground-soccer-cleats-road-to-glory-pack-sp26,PRODUCT,9328,16,0.00172,7.53,f50 evo,573,2.88,False
https://www.prosoccer.com/products/nike-2026-korea-rise-rope-trucker-hat,PRODUCT,9294,74,0.00796,18.72,south korea world cup caps 2026,888,13.47,False
https://www.prosoccer.com/products/puma-2026-27-portugal-youth-stadium-away-soccer-jersey,PRODUCT,9275,25,0.00270,8.40,portugal away jersey 2026,1156,7.44,False
https://www.prosoccer.com/products/logo-brands-2026-fifa-world-cup-logo-magnet,PRODUCT,9209,96,0.01042,8.13,fifa world cup magnet,1027,7.44,False
https://www.prosoccer.com/products/nike-2022-23-brazil-strike-training-jersey,PRODUCT,9160,22,0.00240,4.09,brazil training jersey,2468,2.54,False
https://www.prosoccer.com/products/adidas-2024-25-spain-mens-stadium-away-jersey,PRODUCT,9156,5,0.00055,5.47,spain away jersey,6066,4.81,True
https://www.prosoccer.com/products/panini-2026-fifa-world-cup-sticker-album,PRODUCT,9153,31,0.00339,8.93,panini world cup 2026 album,1789,7.70,False
https://www.prosoccer.com/products/nike-2022-23-brazil-goalkeeper-jersey-black,PRODUCT,9119,64,0.00702,2.75,black brazil jersey,2337,1.57,False
https://www.prosoccer.com/products/macron-2024-25-crystal-palace-authentic-home-jersey,PRODUCT,9077,67,0.00738,7.45,crystal palace jersey,4959,6.82,False
https://www.prosoccer.com/blogs/blog/soccer-terminology-explained,BLOG,9070,12,0.00132,12.41,explain soccer scores terminology and rules for tracking matches,1930,5.97,True
https://www.prosoccer.com/collections/shorts,COLLECTION,9049,27,0.00298,16.70,soccer shorts,1380,27.49,True
https://www.prosoccer.com/products/adidas-mexico-mens-1986-retro-stadium-home-soccer-jersey,PRODUCT,9025,10,0.00111,5.96,mexico 1986 jersey,782,4.82,True
https://www.prosoccer.com/products/adidas-2023-mexico-womens-away-jersey-core-white,PRODUCT,9005,10,0.00111,7.13,mexico white jersey women,495,6.17,True
https://www.prosoccer.com/collections/england-hats,COLLECTION,8995,88,0.00978,10.57,england hat,2097,6.11,True
https://www.prosoccer.com/collections/world-cup-soccer-balls,COLLECTION,8994,2,0.00022,8.23,2026 world cup ball,657,7.46,True
https://www.prosoccer.com/blogs/footwear/best-soccer-cleats-of-2026,BLOG,8967,19,0.00212,9.44,trending soccer cleats brands 2026,363,9.50,True
https://www.prosoccer.com/collections/apparel-women-pants,COLLECTION,8954,11,0.00123,10.55,soccer sweats,1209,16.22,True
https://www.prosoccer.com/collections/blue-soccer-cleats,COLLECTION,8934,0,0.00000,17.00,blue cleats,732,18.92,True
https://www.prosoccer.com/collections/apparel-men-compression,COLLECTION,8933,71,0.00795,10.19,soccer leggings,367,13.18,True
https://www.prosoccer.com/collections/jackets,COLLECTION,8926,21,0.00235,14.58,united states soccer jackets,586,14.87,True
https://www.prosoccer.com/collections/mohamed-salah,COLLECTION,8903,43,0.00483,12.68,mo salah jersey,949,12.92,True
https://www.prosoccer.com/products/nike-2026-27-uruguay-mens-club-pullover-hoodie,PRODUCT,8866,80,0.00902,10.07,team uruguay hoodies,1367,10.24,False
https://www.prosoccer.com/products/nike-2022-23-france-home-jersey-midnight-navy-metallic-gold,PRODUCT,8838,30,0.00339,4.80,france home jersey,2916,2.97,False
https://www.prosoccer.com/products/adidas-2026-germany-mens-authentic-home-long-sleeve-soccer-jersey,PRODUCT,8829,31,0.00351,6.51,germany long sleeve jersey,815,5.10,False
https://www.prosoccer.com/products/adidas-2026-germany-mens-home-shorts,PRODUCT,8813,41,0.00465,10.21,germany world cup shorts,1348,15.13,False
https://www.prosoccer.com/products/nike-2022-23-fc-barcelona-womens-stadium-home-jersey,PRODUCT,8749,10,0.00114,7.99,women's barcelona jersey,3296,9.50,True
https://www.prosoccer.com/products/nike-2026-usa-hollywood-keepers-reversible-bucket-hat,PRODUCT,8740,100,0.01144,6.77,usmnt bucket hat,1694,6.68,False
https://www.prosoccer.com/products/adidas-2026-belgium-mens-stadium-away-soccer-jersey,PRODUCT,8673,27,0.00311,5.90,belgium jersey 2026,1366,2.61,False
https://www.prosoccer.com/products/nike-sp25-premier-league-academy-ball,PRODUCT,8658,14,0.00162,9.06,nike soccer ball,4181,8.61,False
https://www.prosoccer.com/products/adidas-world-cup-2026-jumbo-soccer-ball,PRODUCT,8532,186,0.02180,9.19,jumbo world cup ball,968,8.39,False
https://www.prosoccer.com/collections/ball-bags,COLLECTION,8509,17,0.00200,16.79,soccer ball bag,2002,15.79,True
https://www.prosoccer.com/products/nike-2026-27-uruguay-mens-stadium-home-soccer-jersey,PRODUCT,8477,29,0.00342,9.33,uruguay soccer jersey,1343,9.31,False
https://www.prosoccer.com/products/adidas-2021-22-bayern-munchen-away-jersey-black-gold,PRODUCT,8461,23,0.00272,2.20,black and gold jersey,1147,1.74,False
https://www.prosoccer.com/products/adidas-f50-messi-elite-firm-ground-soccer-cleats-messi-prestig-10-fa25,PRODUCT,8453,20,0.00237,10.84,f50 messi elite firm ground soccer cleats,685,7.90,False
https://www.prosoccer.com/products/nike-2026-27-england-mens-full-zip-tech-fleece-hoodie,PRODUCT,8448,47,0.00556,6.58,england nike tech,1450,7.61,False
https://www.prosoccer.com/products/nike-2026-korea-mens-stadium-home-shorts,PRODUCT,8442,102,0.01208,10.74,south korea world cup shorts,1910,18.49,False
https://www.prosoccer.com/products/adidas-2026-spain-womens-stadium-away-cropped-soccer-jersey,PRODUCT,8424,248,0.02944,6.01,spain cropped jersey,719,5.10,False
https://www.prosoccer.com/collections/soccer-coach-gifts,COLLECTION,8402,29,0.00345,14.40,soccer coach gifts,785,8.32,True
https://www.prosoccer.com/products/nike-2026-poland-mens-stadium-home-soccer-jersey,PRODUCT,8299,27,0.00325,9.80,poland soccer jersey,1801,8.11,False
https://www.prosoccer.com/collections/mexico-jerseys,COLLECTION,8269,63,0.00762,12.12,mexico soccer jersey,1034,15.80,True
https://www.prosoccer.com/products/puma-2024-25-austria-stadium-away-jersey,PRODUCT,8263,15,0.00182,6.21,austria jersey,2335,6.06,False
https://www.prosoccer.com/collections/adidas-f50,COLLECTION,8240,15,0.00182,14.25,f50 soccer cleats,2249,13.20,True
https://www.prosoccer.com/collections/puma-goalkeeper-jersey,COLLECTION,8197,135,0.01647,7.31,puma goalkeeper jersey,643,4.65,True
https://www.prosoccer.com/products/nike-gardien-iv-ls-goalkeeper-jersey,PRODUCT,8183,39,0.00477,8.30,nike goalkeeper jersey,2001,8.43,False
https://www.prosoccer.com/products/adidas-2026-spain-mens-originals-track-pants,PRODUCT,8155,11,0.00135,16.04,spain world cup pants,1070,12.29,True
https://www.prosoccer.com/collections/soccer-player-gifts,COLLECTION,8116,12,0.00148,11.15,gifts for soccer players,1142,8.36,True
https://www.prosoccer.com/products/spain-2026-away-lamine-yamal-19-youth-jersey-name-set,PRODUCT,8075,90,0.01115,8.34,lamine yamal youth jersey spain,395,8.70,False
https://www.prosoccer.com/products/hummel-2024-25-denmark-mens-stadium-home-jersey,PRODUCT,8068,15,0.00186,14.47,denmark jersey,1248,5.06,False
https://www.prosoccer.com/products/nike-2022-23-france-home-vapor-match-authentic-jersey-navy-gold,PRODUCT,8039,71,0.00883,6.08,france authentic jersey,948,11.34,False
https://www.prosoccer.com/products/adidas-tiro-25-mens-competition-long-sleeve-goalkeeper-jersey,PRODUCT,8007,9,0.00112,7.56,adidas goalkeeper jersey,5267,7.51,True
https://www.prosoccer.com/products/adidas-2022-23-real-madrid-authentic-third-jersey-black-neon,PRODUCT,7993,6,0.00075,2.50,black real madrid jersey,2749,2.40,True
https://www.prosoccer.com/products/puma-2025-26-portugal-mens-stadium-home-long-sleeve-jersey,PRODUCT,7979,26,0.00326,4.95,portugal long sleeve jersey,2475,4.05,False
https://www.prosoccer.com/products/nike-2026-27-france-womens-stadium-home-soccer-jersey,PRODUCT,7977,32,0.00401,8.77,women's france jersey 2026,800,7.41,False
https://www.prosoccer.com/products/macron-2024-25-armenia-mens-authentic-home-jersey,PRODUCT,7970,228,0.02861,5.23,armenia soccer jersey,790,4.70,False
https://www.prosoccer.com/collections/balls-sale,COLLECTION,7953,22,0.00277,13.22,soccer balls for sale,721,40.76,True
https://www.prosoccer.com/blogs/footwear/best-cleats-at-the-world-cup-2026,BLOG,7952,41,0.00516,7.92,best soccer cleats 2026,246,2.52,True
https://www.prosoccer.com/collections/nike-fear-nothing-pack,COLLECTION,7926,18,0.00227,7.65,elite soccer cleats,722,9.63,True
https://www.prosoccer.com/collections/netherlands-hats,COLLECTION,7896,40,0.00507,16.75,netherlands world cup hats,760,17.26,True
https://www.prosoccer.com/products/nike-2026-27-nigeria-mens-stadium-away-soccer-jersey,PRODUCT,7878,13,0.00165,5.53,nigeria soccer jersey,1599,4.60,False
https://www.prosoccer.com/products/mexico-2026-home-ochoa-13-official-name-set,PRODUCT,7828,281,0.03590,8.43,memo ochoa jersey 2026,380,9.81,False
https://www.prosoccer.com/products/adidas-2006-argentina-mens-retro-stadium-home-messi-19-soccer-jersey,PRODUCT,7787,7,0.00090,5.64,messi 2006 jersey,442,3.92,True
https://www.prosoccer.com/products/adidas-2026-colombia-womens-stadium-away-soccer-jersey,PRODUCT,7771,11,0.00142,8.51,women's colombia jersey 2026,789,7.57,True
https://www.prosoccer.com/collections/trading-cards,COLLECTION,7746,41,0.00529,18.43,soccer trading cards,783,26.39,True
https://www.prosoccer.com/products/nike-2024-25-england-mens-stadium-home-jersey,PRODUCT,7726,34,0.00440,6.77,england home jersey,4113,6.05,False
https://www.prosoccer.com/collections/firm-ground,COLLECTION,7722,6,0.00078,12.58,firm ground soccer cleats,942,15.42,True
https://www.prosoccer.com/products/adidas-2026-argentina-womens-stadium-home-cropped-soccer-jersey,PRODUCT,7691,57,0.00741,6.70,argentina cropped jersey,763,4.04,False
https://www.prosoccer.com/products/adidas-2026-venezuela-mens-stadium-home-soccer-jersey,PRODUCT,7685,7,0.00091,19.26,venezuela fifa world cup polo,477,14.47,True
https://www.prosoccer.com/products/adidas-2026-argentina-mens-authentic-home-long-sleeve-soccer-jersey,PRODUCT,7678,10,0.00130,6.82,argentina long sleeve jersey,1615,5.90,True
https://www.prosoccer.com/products/portugal-2026-away-vitinha-23-official-name-set-1,PRODUCT,7653,24,0.00314,6.59,vitinha portugal jersey,693,7.04,False
https://www.prosoccer.com/products/adidas-2026-japan-mens-stadium-home-soccer-jersey,PRODUCT,7652,10,0.00131,6.74,japan soccer jersey 2026,2958,5.71,True
https://www.prosoccer.com/products/joma-2024-25-honduras-mens-stadium-fourth-jersey,PRODUCT,7634,24,0.00314,7.55,honduras soccer jersey,2471,8.75,False
https://www.prosoccer.com/products/puma-2026-27-portugal-womens-stadium-away-ronaldo-7-soccer-jersey,PRODUCT,7616,82,0.01077,7.98,women's ronaldo jersey,65,8.54,False
https://www.prosoccer.com/collections/nike-indoor-soccer-shoes,COLLECTION,7613,12,0.00158,17.90,nike indoor soccer shoes,1303,16.08,True
https://www.prosoccer.com/products/panini-2026-adrenalyn-xl-fifa-world-cup-cards-box-50-packs-each,PRODUCT,7607,47,0.00618,9.14,50 pack panini cards,480,9.96,False
https://www.prosoccer.com/products/barcelona-2025-26-la-liga-and-champion-patch-24-25-season,PRODUCT,7578,128,0.01689,6.67,la liga patch,401,9.69,False
https://www.prosoccer.com/products/umbro-2025-2026-guatemala-mens-pre-match-soccer-jersey,PRODUCT,7577,20,0.00264,5.99,guatemala jersey 2026,3214,4.06,False
https://www.prosoccer.com/pages/subscribe,PAGE,7576,130,0.01716,3.09,prosoccer,3974,1.78,True
https://www.prosoccer.com/products/nike-2026-27-usmnt-mens-stadium-away-shorts,PRODUCT,7565,20,0.00264,14.71,usmnt shorts,974,7.28,False
https://www.prosoccer.com/pages/military-discount,PAGE,7548,249,0.03299,6.01,pro soccer promo code,774,7.12,True
https://www.prosoccer.com/products/nike-2026-netherlands-mens-df-anthem-jacket,PRODUCT,7531,30,0.00398,11.57,netherlands world cup jackets,486,20.87,False
https://www.prosoccer.com/products/nike-2026-27-usmnt-youth-stadium-away-soccer-jersey,PRODUCT,7507,14,0.00186,8.48,usmnt away jersey 2026,1250,9.32,False
https://www.prosoccer.com/products/adidas-2026-belgium-mens-authentic-away-soccer-jersey,PRODUCT,7457,168,0.02253,8.61,belgium soccer jersey 2026,352,7.14,False
https://www.prosoccer.com/collections/inter-milan,COLLECTION,7428,28,0.00377,11.29,inter milan jersey,2891,10.59,True
https://www.prosoccer.com/products/adidas-f50-messi-elite-firm-ground-soccer-cleats-el-ultimo-tango-pack-sp26,PRODUCT,7424,49,0.00660,6.87,el ultimo tango,255,8.39,False
https://www.prosoccer.com/products/adidas-2026-world-cup-host-city-los-angeles-cap,PRODUCT,7422,74,0.00997,12.64,can 2026 world cup hats,276,18.25,False
https://www.prosoccer.com/products/puma-2026-portugal-mens-stadium-home-shorts,PRODUCT,7421,12,0.00162,10.48,portugal world cup shorts,848,12.41,True
https://www.prosoccer.com/collections/adidas-road-to-glory-pack,COLLECTION,7416,8,0.00108,6.53,soccer pro,1552,4.71,True
https://www.prosoccer.com/products/nike-superfly-8-academy-cr7-fg-mg-red-white,PRODUCT,7307,6,0.00082,5.43,cr7 soccer cleats nike,1163,6.55,True
https://www.prosoccer.com/collections/puma-2026-27-premier-league-soccer-balls,COLLECTION,7292,22,0.00302,7.14,premier league ball 26/27,996,7.32,True
https://www.prosoccer.com/products/joma-2022-23-cruz-azul-third-jersey-black,PRODUCT,7245,23,0.00317,5.84,cruz azul black jersey,1442,2.59,False
https://www.prosoccer.com/products/nike-2026-27-france-youth-authentic-away-soccer-jersey,PRODUCT,7224,58,0.00803,8.73,ib5074-394,486,7.01,False
https://www.prosoccer.com/products/adidas-2025-26-houston-dynamo-mens-stadium-home-soccer-jersey,PRODUCT,7219,4,0.00055,12.33,houston dynamo jersey,1468,11.50,True
https://www.prosoccer.com/products/adidas-2026-qatar-mens-stadium-away-soccer-jersey,PRODUCT,7179,17,0.00237,3.20,qatar jersey 2026,3726,1.35,False
https://www.prosoccer.com/products/colombia-2026-home-luis-diaz-7-official-jersey-name-set,PRODUCT,7174,58,0.00808,7.87,luis diaz colombia jersey,395,10.76,False
https://www.prosoccer.com/products/panini-2026-adrenalyn-xl-fifa-world-cup-cards-mega-tin-64-cards-le-golden-baller,PRODUCT,7140,94,0.01317,7.68,tin world cup 2026,219,7.00,False
https://www.prosoccer.com/products/nike-2026-brazil-hollywood-keepers-reversible-bucket-hat,PRODUCT,7135,80,0.01121,8.77,brazil bucket hat,1082,3.96,False
https://www.prosoccer.com/collections/all,COLLECTION,7122,11,0.00154,5.76,pro soccer pasadena,1310,1.85,True
https://www.prosoccer.com/collections/bosnia-and-herzegovina-national-soccer-team-jerseys-apparel,COLLECTION,7074,168,0.02375,8.95,bosnia jersey,260,12.57,True
https://www.prosoccer.com/blogs/jerseys,BLOG,7045,17,0.00241,6.54,prosoccer,2953,1.40,True
https://www.prosoccer.com/collections/nike-tiempo,COLLECTION,7001,15,0.00214,15.74,tiempo cleats,494,21.81,True
https://www.prosoccer.com/collections/puma-ultra,COLLECTION,6985,3,0.00043,13.65,puma ultra,430,10.00,True
https://www.prosoccer.com/products/argentina-2026-home-messi-10-official-name-set,PRODUCT,6975,226,0.03240,4.10,messi 10 2026,516,1.19,False
https://www.prosoccer.com/collections/gloves,COLLECTION,6942,14,0.00202,41.14,soccer gloves,889,37.20,True
https://www.prosoccer.com/products/adidas-2026-colombia-mens-home-shorts,PRODUCT,6922,110,0.01589,7.74,colombia soccer shorts,725,7.89,False
https://www.prosoccer.com/products/puma-2025-26-portugal-mens-stadium-away-jersey,PRODUCT,6907,38,0.00550,7.84,portugal away,720,9.88,False
https://www.prosoccer.com/products/nike-squad-leg-sleeve,PRODUCT,6864,61,0.00889,7.14,nike leg sleeve,1749,7.05,False
https://www.prosoccer.com/products/adidas-2026-27-liverpool-mens-authentic-home-soccer-jersey,PRODUCT,6847,19,0.00277,5.61,liverpool jersey 26/27,630,8.42,False
https://www.prosoccer.com/products/nike-2026-croatia-club-cap,PRODUCT,6831,70,0.01025,24.66,croatia fifa world cup caps,672,31.12,False
https://www.prosoccer.com/products/adidas-2026-wales-mens-stadium-away-soccer-jersey,PRODUCT,6827,16,0.00234,13.05,wales world cup jerseys,512,15.65,False
https://www.prosoccer.com/collections/norway-jerseys,COLLECTION,6821,136,0.01994,10.90,norway jersey,3342,10.34,True
https://www.prosoccer.com/products/new-balance-2025-26-bayer-leverkusen-mens-stadium-home-soccer-jersey,PRODUCT,6820,18,0.00264,7.52,new balance soccer jerseys,792,10.07,False
https://www.prosoccer.com/products/adidas-2026-spain-womens-stadium-home-cropped-soccer-jersey,PRODUCT,6810,65,0.00954,6.95,spain cropped jersey,827,4.91,False
https://www.prosoccer.com/products/puma-2025-26-portugal-mens-authentic-away-jersey,PRODUCT,6789,13,0.00191,6.04,puma portugal jersey,1387,6.94,False
https://www.prosoccer.com/products/adidas-2026-colombia-youth-stadium-away-soccer-jersey,PRODUCT,6766,8,0.00118,7.66,colombia away jersey 2026,1341,4.38,True
https://www.prosoccer.com/products/adidas-2026-colombia-womens-stadium-away-cropped-soccer-jersey,PRODUCT,6746,14,0.00208,7.96,colombia cropped jersey,354,6.74,False
https://www.prosoccer.com/products/adidas-f50-elite-laceless-firm-ground-soccer-cleats-lamine-yamal-pack-sp26,PRODUCT,6732,43,0.00639,9.29,lamine yamal f50,1290,7.75,False
https://www.prosoccer.com/products/nike-2026-27-uruguay-womens-stadium-away-soccer-jersey,PRODUCT,6724,41,0.00610,6.36,uruguay away jersey,809,1.13,False
https://www.prosoccer.com/products/kelme-2026-bosnia-and-herzegovina-mens-stadium-away-soccer-jersey,PRODUCT,6720,29,0.00432,8.10,bosnia jersey,504,9.79,False
https://www.prosoccer.com/collections/puma-indoor-soccer-shoes,COLLECTION,6710,14,0.00209,11.15,puma indoor soccer shoes,759,15.48,True
https://www.prosoccer.com/products/fifa-club-world-cup-2025-sleeve-patch,PRODUCT,6673,40,0.00599,8.57,fifa patch,516,9.73,False
https://www.prosoccer.com/collections/goalkeeper-pants,COLLECTION,6667,14,0.00210,12.06,goalkeeper pants,540,13.38,True
https://www.prosoccer.com/products/puma-2023-chivas-third-jersey-red-white-navy,PRODUCT,6656,7,0.00105,6.54,new chivas jersey,1203,10.07,True
https://www.prosoccer.com/products/adidas-2026-chile-mens-stadium-home-soccer-jersey,PRODUCT,6654,30,0.00451,8.77,chile soccer jersey,917,7.93,False
https://www.prosoccer.com/products/adidas-2026-colombia-mens-authentic-home-long-sleeve-soccer-jersey,PRODUCT,6641,12,0.00181,7.09,colombia jersey 2026,569,6.32,False
https://www.prosoccer.com/products/nike-2024-25-usa-mens-stadium-away-long-sleeve-jersey,PRODUCT,6638,26,0.00392,8.86,usa long sleeve soccer jersey,515,9.32,False
https://www.prosoccer.com/products/adidas-2026-argentina-womens-stadium-home-jersey,PRODUCT,6632,8,0.00121,8.96,argentina womens jersey,355,7.85,True
https://www.prosoccer.com/products/new-balance-furon-elite-turf-v8-2e-wide-flash-point-pack-sp25,PRODUCT,6552,71,0.01084,10.17,new balance turf soccer shoes,760,9.28,False
https://www.prosoccer.com/blogs/footwear/most-comfortable-soccer-cleats,BLOG,6551,33,0.00504,12.57,best soccer cleats,676,20.30,True
https://www.prosoccer.com/products/nike-zoom-vapor-16-elite-lv8-firm-ground-soccer-cleats-fear-nothing-pack-fa25,PRODUCT,6551,15,0.00229,5.94,nike vapor 16 elite,1352,5.37,False
https://www.prosoccer.com/products/adidas-2026-greece-mens-stadium-home-soccer-jersey,PRODUCT,6543,10,0.00153,6.75,greece soccer jersey,1557,5.93,True
https://www.prosoccer.com/products/nike-2024-25-club-america-womens-stadium-away-jersey,PRODUCT,6452,13,0.00201,8.55,women's club america jersey,2121,9.42,False
https://www.prosoccer.com/collections/bayern-munich,COLLECTION,6427,7,0.00109,22.25,bayern munich jersey,355,31.95,True
https://www.prosoccer.com/products/adidas-2026-japan-youth-stadium-home-soccer-jersey,PRODUCT,6395,9,0.00141,7.81,japan soccer jersey 2026,2465,6.31,True
https://www.prosoccer.com/pages/reward,PAGE,6376,63,0.00988,5.76,prosoccer,3546,1.20,True
https://www.prosoccer.com/collections/artificial-grass-soccer-cleats,COLLECTION,6371,16,0.00251,11.78,tiempos cleats,264,3.52,True
https://www.prosoccer.com/products/puma-2026-czech-republic-mens-pre-match-soccer-jersey,PRODUCT,6370,23,0.00361,6.47,czech republic jersey 2026,895,3.08,False
https://www.prosoccer.com/products/logo-brands-2026-fifa-world-cup-soccer-ball-keychain,PRODUCT,6365,21,0.00330,8.41,fifa soccer ball keychain,513,8.52,False
https://www.prosoccer.com/products/adidas-2026-27-dc-united-mens-stadium-home-soccer-jersey,PRODUCT,6355,2,0.00031,8.05,dc united jersey,2892,7.44,True
https://www.prosoccer.com/collections/scotland-national-soccer-team-jerseys-apparel,COLLECTION,6343,43,0.00678,12.63,scotland jersey,2832,7.61,True
https://www.prosoccer.com/products/panini-copa-america-usa-2024-sticker-album,PRODUCT,6342,80,0.01261,6.41,copa america album,257,1.58,False
https://www.prosoccer.com/products/adidas-2026-fifa-world-cup-mens-host-city-los-angeles-tee-1,PRODUCT,6342,50,0.00788,8.94,world cup los angeles shirt,177,5.29,False
https://www.prosoccer.com/products/chivas-2025-26-away-a-gonzalez-34-official-name-set,PRODUCT,6333,78,0.01232,7.95,hormiga gonzalez jersey,476,9.36,False
https://www.prosoccer.com/collections/netherlands-jerseys,COLLECTION,6322,57,0.00902,9.27,netherlands jersey,1048,10.70,True
https://www.prosoccer.com/products/adidas-2026-argentina-mens-originals-track-pants,PRODUCT,6287,4,0.00064,21.39,argentina world cup pants,747,19.05,True
https://www.prosoccer.com/products/adidas-2026-mexico-mens-tiro-polo-shirt,PRODUCT,6250,35,0.00560,11.43,mexico polo shirt,302,13.55,False
https://www.prosoccer.com/blogs/news/world-cup-2026-fan-gear-guide,BLOG,6236,18,0.00289,14.57,cool world cup fan accessories scarves flags hats suggestions,101,3.40,True
https://www.prosoccer.com/products/nike-2026-27-netherlands-womens-stadium-home-soccer-jersey,PRODUCT,6232,75,0.01203,8.24,women's netherlands jersey,245,8.42,False
https://www.prosoccer.com/products/adidas-2026-fifa-world-cup-graphic-bucket-hat,PRODUCT,6224,48,0.00771,6.68,fifa bucket hat,889,5.10,False
https://www.prosoccer.com/products/adidas-2026-world-cup-hacky-sack,PRODUCT,6197,65,0.01049,7.30,world cup hacky sack,1369,7.44,False
https://www.prosoccer.com/products/nike-grip-strike-crew-socks-1,PRODUCT,6137,14,0.00228,8.96,nike grip socks,2814,8.17,False
https://www.prosoccer.com/products/nike-2026-27-england-mens-stadium-away-shorts,PRODUCT,6133,16,0.00261,10.88,england fifa world cup shorts,581,12.14,False
https://www.prosoccer.com/products/adidas-2026-27-real-salt-lake-mens-stadium-home-soccer-jersey,PRODUCT,6118,1,0.00016,8.07,real salt lake jersey,2641,6.91,True
https://www.prosoccer.com/products/kelme-2026-bosnia-and-herzegovina-mens-authentic-away-soccer-jersey,PRODUCT,6111,13,0.00213,7.30,bosnia jersey 2026,1027,6.25,False
https://www.prosoccer.com/collections/infant-toddler-soccer-apparel,COLLECTION,6106,60,0.00983,11.02,toddler soccer jersey,648,11.03,True
https://www.prosoccer.com/products/nike-2026-brazil-mens-stadium-home-shorts,PRODUCT,6094,18,0.00295,8.59,brazil shorts,815,7.48,False
https://www.prosoccer.com/products/nike-2026-27-netherlands-mens-stadium-home-soccer-jersey,PRODUCT,6075,18,0.00296,9.43,netherlands soccer jersey,2448,9.29,False
https://www.prosoccer.com/products/nike-2026-27-china-mens-stadium-away-soccer-jersey,PRODUCT,6074,41,0.00675,7.71,china soccer jersey,796,8.43,False
https://www.prosoccer.com/collections/adidas-copa,COLLECTION,6057,7,0.00116,16.70,copa cleats,359,18.54,True
https://www.prosoccer.com/products/adidas-2026-spain-mens-away-originals-anthem-jacket,PRODUCT,6029,28,0.00464,6.82,spain jacket,1059,6.71,False
https://www.prosoccer.com/collections/black-soccer-cleats,COLLECTION,6021,0,0.00000,20.14,black soccer cleats,1112,21.89,True
https://www.prosoccer.com/products/adidas-2026-argentina-womens-originals-dress-1,PRODUCT,6016,81,0.01346,5.53,mexico jersey dress,983,4.06,False
https://www.prosoccer.com/products/puma-2021-22-manchester-city-away-jersey-white,PRODUCT,6016,21,0.00349,4.65,man city away jersey,515,4.19,False
https://www.prosoccer.com/collections/apparel-women-official-licensed-jerseys,COLLECTION,6002,33,0.00550,15.24,womens soccer jerseys,413,22.39,True
https://www.prosoccer.com/products/adidas-2022-23-bayern-munich-away-jersey-white-gold,PRODUCT,5973,12,0.00201,5.34,white jerseys,1070,8.20,False
https://www.prosoccer.com/collections/firm-ground-cleats,COLLECTION,5920,1,0.00017,19.10,fg soccer cleats,688,17.69,True
https://www.prosoccer.com/collections/real-madrid,COLLECTION,5902,26,0.00441,9.76,real madrid gear,704,6.77,True
https://www.prosoccer.com/pages/career-opportunities,PAGE,5893,53,0.00899,3.58,pro soccer pasadena,2415,1.91,True
https://www.prosoccer.com/collections/youth-goalkeeper-gloves,COLLECTION,5887,3,0.00051,28.44,kids goalie gloves,285,31.09,True
https://www.prosoccer.com/products/nike-2026-27-korea-mens-anthem-jacket,PRODUCT,5843,102,0.01746,12.80,korea anthem jacket,568,3.84,False
https://www.prosoccer.com/products/uefa-champions-league-badge-of-honour-6,PRODUCT,5841,22,0.00377,2.95,champions league badge,1978,1.27,False
https://www.prosoccer.com/products/new-balance-furon-elite-v8-2e-wide-firm-ground-soccer-cleats-lime-light-pack-fa25,PRODUCT,5825,11,0.00189,8.53,new balance furon v8 elite,573,8.75,True
https://www.prosoccer.com/products/nike-youth-park-iv-goalkeeper-jersey,PRODUCT,5774,43,0.00745,9.06,kids goalkeeper jersey,435,9.13,False
https://www.prosoccer.com/products/adidas-2023-24-portland-timbers-mens-stadium-home-jersey,PRODUCT,5751,5,0.00087,10.74,portland timbers jersey,1181,10.04,True
https://www.prosoccer.com/collections/adidas-2026-fifa-world-cup-soccer-jerseys-gear,COLLECTION,5737,13,0.00227,28.02,world cup jerseys 2026,290,32.58,True
https://www.prosoccer.com/collections/los-angeles-fc,COLLECTION,5717,11,0.00192,18.11,pro soccer,583,1.89,True
https://www.prosoccer.com/collections/algeria-national-soccer-team-jerseys-apparel,COLLECTION,5698,37,0.00649,10.16,algeria national soccer team jersey,1373,11.74,True
https://www.prosoccer.com/products/adidas-f50-elite-fg-polar-victory-pack-sp25,PRODUCT,5656,90,0.01591,7.43,polar victory f50,931,8.45,False
https://www.prosoccer.com/products/nike-2025-korea-youth-stadium-home-soccer-jersey,PRODUCT,5624,6,0.00107,8.20,nike korea soccer jersey,357,8.76,True
https://www.prosoccer.com/products/nike-tiempo-ligera-pro-limited-edition-firm-ground-soccer-cleats,PRODUCT,5615,6,0.00107,7.25,tiempo ligera,2710,7.82,True
https://www.prosoccer.com/collections/size-1-soccer-balls,COLLECTION,5613,30,0.00534,11.65,size 1 soccer ball,1191,14.55,True
https://www.prosoccer.com/products/adidas-2025-26-river-plate-mens-authentic-home-soccer-jersey,PRODUCT,5613,13,0.00232,6.45,river plate jersey,2277,5.94,False
https://www.prosoccer.com/products/puma-2026-27-portugal-mens-pre-match-soccer-jersey-1,PRODUCT,5598,26,0.00464,5.86,puma pink portugal jersey,467,2.89,False
https://www.prosoccer.com/products/nike-2026-27-netherlands-mens-authentic-away-soccer-jersey,PRODUCT,5561,42,0.00755,8.86,nike netherlands jersey 2026,276,8.32,False
https://www.prosoccer.com/products/nike-phantom-6-low-elite-firm-ground-soccer-cleats-shadow-pack-fa25,PRODUCT,5540,20,0.00361,10.40,phantom 6,865,10.53,False
https://www.prosoccer.com/collections/street-soccer-shoes,COLLECTION,5534,30,0.00542,10.38,street soccer shoes,1253,10.58,True
https://www.prosoccer.com/products/nike-2026-netherlands-mens-victory-solid-polo,PRODUCT,5521,67,0.01214,11.31,netherlands world cup polo 2026,912,5.83,False
https://www.prosoccer.com/products/adidas-f50-league-laceless-firm-multi-ground-soccer-cleats-lamine-yamal-pack-sp26,PRODUCT,5508,17,0.00309,7.74,lamine yamal cleats,2426,6.87,False
https://www.prosoccer.com/products/adidas-2026-spain-mens-stadium-home-long-sleeve-soccer-jersey,PRODUCT,5503,24,0.00436,5.64,spain long sleeve jersey,1201,5.20,False
https://www.prosoccer.com/products/nike-2026-france-mens-dri-fit-energy-soccer-jersey,PRODUCT,5501,93,0.01691,6.14,france energy jersey,575,3.31,False
https://www.prosoccer.com/products/nike-2026-27-france-youth-authentic-home-soccer-jersey,PRODUCT,5479,15,0.00274,8.84,france youth jersey,845,10.05,False
https://www.prosoccer.com/products/adidas-2026-japan-mens-originals-track-pants,PRODUCT,5464,21,0.00384,12.91,japan fifa world cup pants,1115,7.94,False
https://www.prosoccer.com/collections/adidas-shin-guards,COLLECTION,5463,0,0.00000,15.57,shin guards,946,10.22,True
https://www.prosoccer.com/products/adidas-2026-27-inter-miami-mens-stadium-away-soccer-jersey,PRODUCT,5457,10,0.00183,5.55,inter miami jersey 2026,612,3.47,True
https://www.prosoccer.com/collections/river-plate,COLLECTION,5453,67,0.01229,10.55,river plate jersey,1032,11.33,True
https://www.prosoccer.com/products/adidas-copa-mundial-firm-ground-soccer-cleats-1,PRODUCT,5452,3,0.00055,16.86,adidas copa mundial,996,26.66,True
https://www.prosoccer.com/products/nike-2026-australia-mens-authentic-home-soccer-jersey,PRODUCT,5450,42,0.00771,9.45,australia soccer jersey,2973,9.50,False
https://www.prosoccer.com/products/nike-2024-25-norway-mens-stadium-away-jersey,PRODUCT,5448,53,0.00973,4.93,norway away jersey,2458,3.64,False
https://www.prosoccer.com/products/panini-2025-26-adrenalyn-xl-fifa-365-cards-pack-6-cards-each,PRODUCT,5448,14,0.00257,7.86,fifa cards pack,969,10.94,False
https://www.prosoccer.com/collections/apparel-youth-hoodies,COLLECTION,5438,12,0.00221,8.63,kids soccer hoodies,570,8.87,True
https://www.prosoccer.com/collections/training-equipment,COLLECTION,5435,6,0.00110,27.60,soccer training equipment,715,30.41,True
https://www.prosoccer.com/products/adidas-2026-27-san-jose-earthquakes-mens-stadium-away-soccer-jersey,PRODUCT,5428,10,0.00184,11.83,san jose earthquakes away jersey,357,10.41,True
https://www.prosoccer.com/products/adidas-2026-sweden-mens-stadium-away-soccer-jersey,PRODUCT,5424,21,0.00387,7.50,adidas sweden jersey,367,4.75,False
https://www.prosoccer.com/blogs/reviews,BLOG,5422,8,0.00148,9.25,is prosoccer.com legit,1005,9.07,True
https://www.prosoccer.com/products/mueller-quench-gum-variety-bag-2-4-oz,PRODUCT,5400,11,0.00204,9.76,quench gum,2644,9.68,True
https://www.prosoccer.com/collections/t-shirts-tank-tops,COLLECTION,5393,17,0.00315,8.03,mexico shirt women,391,11.80,True
https://www.prosoccer.com/collections/full-size-soccer-goals,COLLECTION,5379,4,0.00074,24.18,professional soccer goals,352,17.76,True
https://www.prosoccer.com/products/new-balance-tekela-elite-low-laced-v5-2e-wide-firm-ground-soccer-cleats,PRODUCT,5378,8,0.00149,11.94,wide soccer cleats,2706,13.44,True
https://www.prosoccer.com/products/puma-2024-25-switzerland-stadium-away-jersey,PRODUCT,5361,12,0.00224,5.65,switzerland away jersey,1039,3.22,True
https://www.prosoccer.com/blogs/jerseys/best-base-layers-for-cold-weather-soccer,BLOG,5348,15,0.00280,7.52,what are the best football base layers for cold weather?,1047,5.34,True
https://www.prosoccer.com/collections/los-angeles-galaxy,COLLECTION,5343,6,0.00112,17.24,la galaxy jersey,992,12.99,True
https://www.prosoccer.com/collections/soccer-bundles,COLLECTION,5324,42,0.00789,5.96,soccer bundle,1959,3.67,True
https://www.prosoccer.com/collections/insoles,COLLECTION,5302,54,0.01018,17.78,soccer insoles,231,22.45,True
https://www.prosoccer.com/products/macron-2024-25-armenia-mens-authentic-away-jersey,PRODUCT,5288,78,0.01475,5.51,armenia soccer jersey,918,5.01,False
https://www.prosoccer.com/products/adidas-2024-25-manchester-united-mens-stadium-away-jersey,PRODUCT,5280,4,0.00076,17.84,manchester united away jersey,456,10.27,True
https://www.prosoccer.com/products/puma-2026-27-portugal-youth-stadium-away-ronaldo-7-soccer-jersey,PRODUCT,5273,25,0.00474,7.93,puma ronaldo jersey,399,8.63,False
https://www.prosoccer.com/products/adidas-2026-fifa-world-cup-graphic-bucket-hat-1,PRODUCT,5240,15,0.00286,7.74,fifa bucket hat,554,5.36,False
https://www.prosoccer.com/collections/nike-showtime-soccer-cleats,COLLECTION,5233,45,0.00860,9.06,limited edition soccer cleats,321,19.21,True
https://www.prosoccer.com/products/nike-phantom-6-low-elite-firm-ground-soccer-cleats-nike-united-003,PRODUCT,5232,11,0.00210,6.72,nike phantom 6 elite,859,7.36,True
https://www.prosoccer.com/collections/futsal-balls,COLLECTION,5228,12,0.00230,15.57,futsal ball,1103,15.67,True
https://www.prosoccer.com/products/adidas-1990-colombia-mens-retro-stadium-away-soccer-jersey,PRODUCT,5222,5,0.00096,5.74,colombia retro jersey,1138,4.21,True
https://www.prosoccer.com/collections/goalkeeper-shorts,COLLECTION,5217,61,0.01169,10.60,soccer goalkeeper shorts,264,11.38,True
https://www.prosoccer.com/products/logo-brands-2026-fifa-world-cup-logo-pin,PRODUCT,5167,52,0.01006,10.87,fifa pins,572,11.18,False
https://www.prosoccer.com/products/adidas-2026-colombia-mens-polo,PRODUCT,5142,144,0.02800,5.79,colombia polo,554,2.59,False
https://www.prosoccer.com/products/adidas-2026-27-atlanta-united-mens-stadium-away-soccer-jersey,PRODUCT,5130,5,0.00097,8.21,atlanta united jersey 2026,617,7.85,True
https://www.prosoccer.com/products/adidas-2026-27-nashville-mens-stadium-home-soccer-jersey,PRODUCT,5118,5,0.00098,10.66,nashville sc jersey,1201,10.27,True
https://www.prosoccer.com/products/nike-2026-poland-mens-authentic-home-soccer-jersey,PRODUCT,5098,29,0.00569,10.64,poland soccer jersey,361,10.68,False
https://www.prosoccer.com/products/adidas-2026-mexico-mens-stadium-home-goalkeeper-soccer-jersey,PRODUCT,5060,37,0.00731,7.55,mexico goalkeeper jersey 2026,1116,4.68,False
https://www.prosoccer.com/products/adidas-2026-germany-mens-originals-track-pants,PRODUCT,5038,6,0.00119,24.70,germany world cup pants 2026,522,20.02,True
https://www.prosoccer.com/products/adidas-predator-elite-fold-tongue-fg-base-pack-sp24,PRODUCT,5032,1,0.00020,7.94,adidas predator cleats,3022,9.18,True
https://www.prosoccer.com/products/adidas-jr-f50-messi-elite-firm-ground-soccer-cleats-messi-prestig-10-fa25,PRODUCT,4999,7,0.00140,12.18,messi cleats,425,19.86,True
https://www.prosoccer.com/products/puma-2026-portugal-mens-stadium-home-ronaldo-7-long-sleeve-soccer-jersey,PRODUCT,4986,39,0.00782,7.26,ronaldo portugal jersey long sleeve,123,6.84,False
https://www.prosoccer.com/products/adidas-2026-mexico-mens-authentic-third-soccer-jersey,PRODUCT,4964,235,0.04734,11.55,jl8546,447,6.70,False
https://www.prosoccer.com/products/adidas-2025-26-orlando-city-mens-stadium-home-soccer-jersey,PRODUCT,4939,8,0.00162,12.50,orlando city soccer shirt,349,18.26,True
https://www.prosoccer.com/products/nike-2026-27-china-mens-stadium-home-soccer-jersey,PRODUCT,4937,11,0.00223,7.17,china soccer jersey,1242,6.35,True
https://www.prosoccer.com/products/panini-2024-25-premier-league-official-sticker-collection,PRODUCT,4936,7,0.00142,9.15,panini official sticker collection,179,9.74,True
https://www.prosoccer.com/collections/adidas-2026-mls-balls,COLLECTION,4934,10,0.00203,10.45,mls ball 2026,630,8.85,True
https://www.prosoccer.com/products/adidas-2026-belgium-youth-stadium-home-soccer-jersey,PRODUCT,4913,0,0.00000,7.30,belgium jersey 2026,1788,5.50,True
https://www.prosoccer.com/products/adidas-2026-inter-miami-mens-authentic-away-soccer-jersey,PRODUCT,4909,13,0.00265,4.39,inter miami jersey 2026,727,3.28,False
https://www.prosoccer.com/products/adidas-2026-ucl-final-mini-soccer-ball,PRODUCT,4895,31,0.00633,7.50,2026 champions league ball,323,7.75,False
https://www.prosoccer.com/products/nike-2026-27-brazil-womens-uv-woven-jacket,PRODUCT,4884,39,0.00799,7.57,brazil world cup jackets 2026,430,22.76,False
https://www.prosoccer.com/products/nike-phantom-6-low-elite-lv8-firm-ground-soccer-cleats-rivalry-pack-su26,PRODUCT,4883,39,0.00799,6.71,nike phantom 6 showtime,246,2.65,False
https://www.prosoccer.com/products/fifa-world-cup-3d-6-inch-trophy-replica,PRODUCT,4880,48,0.00984,12.32,world cup trophy replica full size for sale,108,10.88,False
https://www.prosoccer.com/collections/new-balance-soccer-cleats,COLLECTION,4875,11,0.00226,18.42,new balance soccer cleats,615,16.16,True
https://www.prosoccer.com/products/adidas-2026-argentina-mens-authentic-home-messi-10-soccer-jersey,PRODUCT,4872,19,0.00390,8.62,messi soccer jersey,225,11.39,False
https://www.prosoccer.com/products/select-v25-numero-10-soccer-ball-yellow-blue-red,PRODUCT,4867,7,0.00144,9.99,select numero 10,1008,10.16,True
https://www.prosoccer.com/collections/shin-guard-accessories,COLLECTION,4867,4,0.00082,12.42,shin guard straps,249,11.37,True
https://www.prosoccer.com/collections/canada-jerseys,COLLECTION,4860,16,0.00329,12.80,canada soccer jersey,904,12.40,True
https://www.prosoccer.com/products/nike-2026-27-england-womens-stadium-home-soccer-jersey,PRODUCT,4854,33,0.00680,9.26,women's england jersey,475,8.85,False
https://www.prosoccer.com/products/uefa-2024-real-madrid-champion-league-trophy-15-times-winner-patch-set-foundation-patch-included,PRODUCT,4854,8,0.00165,3.04,real madrid 15 champions league,537,1.02,True
https://www.prosoccer.com/products/nike-2022-23-korea-pre-match-jersey-white,PRODUCT,4850,60,0.01237,7.05,korea pre match jersey,281,8.31,False
https://www.prosoccer.com/products/adidas-2026-mexico-mens-authentic-home-shorts,PRODUCT,4841,22,0.00454,10.91,mexico soccer shorts,568,10.75,False
https://www.prosoccer.com/collections/florian-wirtz,COLLECTION,4811,3,0.00062,8.96,germany jersey 2026,189,7.72,True
https://www.prosoccer.com/products/adidas-2026-spain-youth-stadium-home-soccer-jersey,PRODUCT,4774,9,0.00189,8.95,spain youth jersey,277,8.30,True
https://www.prosoccer.com/products/adidas-2026-mexico-mens-stadium-away-shorts,PRODUCT,4759,15,0.00315,9.38,mexico shorts,319,7.40,False
https://www.prosoccer.com/collections/apparel,COLLECTION,4748,9,0.00190,5.94,pro soccer,1539,1.82,True
https://www.prosoccer.com/products/macron-2025-26-crystal-palace-mens-authentic-away-soccer-jersey,PRODUCT,4744,25,0.00527,5.46,crystal palace away kit,483,4.21,False
https://www.prosoccer.com/collections/protection-accessories,COLLECTION,4740,12,0.00253,16.96,soccer protective gear,166,21.70,True
https://www.prosoccer.com/products/nike-tiempo-ligera-pro-fold-over-tongue-firm-ground-soccer-cleats-10r-pack-su26,PRODUCT,4740,10,0.00211,8.68,tiempo ligera pro,1923,9.57,True
https://www.prosoccer.com/products/joma-2023-24-honduras-third-jersey-white-blue,PRODUCT,4733,4,0.00085,7.78,honduras jersey,1237,7.31,True
https://www.prosoccer.com/products/nike-2026-27-brazil-little-kids-stadium-home-soccer-jersey,PRODUCT,4729,17,0.00359,8.20,kids brazil jersey,227,9.44,False
https://www.prosoccer.com/products/adidas-kids-f50-messi-club-turf-soccer-shoes-messi-vision-pack-fa25,PRODUCT,4713,11,0.00233,10.34,messi turf shoes,493,12.81,True
https://www.prosoccer.com/collections/charly-soccer-cleats,COLLECTION,4712,4,0.00085,9.44,charly jersey,270,9.73,True
https://www.prosoccer.com/products/adidas-2026-ucl-final-league-soccer-ball,PRODUCT,4694,21,0.00447,10.21,ucl ball,169,11.62,False
https://www.prosoccer.com/products/nike-2026-27-canada-mens-stadium-home-soccer-jersey,PRODUCT,4689,5,0.00107,8.41,canada soccer jersey 2026,1137,8.42,True
https://www.prosoccer.com/products/adidas-kids-copa-pure-iv-club-firm-multi-ground-soccer-cleats-born-for-goals-pack-sp26,PRODUCT,4686,8,0.00171,8.98,kids copa cleats,266,8.45,True
https://www.prosoccer.com/products/adidas-2025-mexico-womens-de-oro-authentic-soccer-jersey,PRODUCT,4667,16,0.00343,9.86,women's mexico jersey original,248,10.26,False
https://www.prosoccer.com/products/adidas-2025-26-inter-miami-mens-stadium-away-jersey,PRODUCT,4620,3,0.00065,4.94,inter miami jerseys,1816,6.51,True
https://www.prosoccer.com/products/nike-elite-socks,PRODUCT,4614,2,0.00043,12.67,nike elite socks,2136,8.73,True
https://www.prosoccer.com/collections/soccer-headbands,COLLECTION,4611,12,0.00260,14.20,soccer headbands,253,29.50,True
https://www.prosoccer.com/products/adidas-2026-sweden-mens-stadium-home-soccer-jersey,PRODUCT,4611,11,0.00239,7.23,sweden jersey 2026,978,5.12,True
https://www.prosoccer.com/products/adidas-2026-jamaica-mens-authentic-home-soccer-jersey,PRODUCT,4591,9,0.00196,9.50,jamaica soccer jersey,529,12.63,True
https://www.prosoccer.com/collections/cyber-monday-sale,COLLECTION,4566,0,0.00000,8.37,cyber monday soccer sales,503,6.47,True
https://www.prosoccer.com/products/adidas-2026-germany-womens-stadium-home-cropped-soccer-jersey,PRODUCT,4561,9,0.00197,7.65,germany cropped jersey,246,5.97,True
https://www.prosoccer.com/products/logo-brands-2026-fifa-world-cup-logo-keychain,PRODUCT,4551,28,0.00615,8.33,world cup keychain 2026,857,7.92,False
https://www.prosoccer.com/products/adidas-x-speedflow-fg-white-blue,PRODUCT,4548,2,0.00044,8.98,adidas x cleats,941,11.17,True
https://www.prosoccer.com/products/nike-tiempo-ligera-pro-firm-ground-soccer-cleats-1,PRODUCT,4546,0,0.00000,7.68,tiempo ligera,3157,7.82,True
https://www.prosoccer.com/products/puma-2026-27-portugal-mens-authentic-away-soccer-jersey,PRODUCT,4537,28,0.00617,6.67,portugal jersey away,528,2.35,False
https://www.prosoccer.com/collections/morocco,COLLECTION,4527,64,0.01414,12.23,morocco jerseys near me,83,13.37,True
https://www.prosoccer.com/products/adidas-2026-colombia-mens-authentic-home-soccer-jersey,PRODUCT,4527,6,0.00133,7.27,colombia jersey 2026,1416,5.63,True
https://www.prosoccer.com/products/puma-2026-27-ghana-mens-pre-match-soccer-jersey,PRODUCT,4526,19,0.00420,7.37,ghana jersey 2026,747,8.94,False
https://www.prosoccer.com/products/adidas-2026-belgium-mens-away-pre-match-soccer-jersey,PRODUCT,4521,72,0.01593,7.49,belgium jersey 2026,1248,7.75,False
https://www.prosoccer.com/products/adidas-2026-argentina-mens-stadium-home-goalkeeper-jersey,PRODUCT,4519,7,0.00155,4.35,argentina goalkeeper jersey 2026,843,2.65,True
https://www.prosoccer.com/products/adidas-2026-germany-bucket-hat,PRODUCT,4515,37,0.00819,21.70,germany world cup hats,440,35.37,False
https://www.prosoccer.com/products/adidas-womens-f50-sparkfusion-league-firm-artificial-ground-soccer-cleats-icon-takeover-pack-sp26,PRODUCT,4510,13,0.00288,9.14,f50 sparkfusion league mid cut firm ground / artificial ground soccer cleats womens,218,9.02,False
https://www.prosoccer.com/products/adidas-2026-colombia-youth-training-jersey,PRODUCT,4506,19,0.00422,7.83,colombia training jersey,812,5.18,False
https://www.prosoccer.com/products/adidas-2026-27-fc-dallas-mens-stadium-home-soccer-jersey,PRODUCT,4503,3,0.00067,7.75,fc dallas shirt,1189,8.11,True
https://www.prosoccer.com/products/puma-2026-portugal-mens-training-soccer-jersey,PRODUCT,4482,39,0.00870,7.93,portugal training jersey,543,8.56,False
https://www.prosoccer.com/collections/2026-national-qualified-teams,COLLECTION,4480,26,0.00580,14.10,world cup soccer gear 2026,360,15.67,True
https://www.prosoccer.com/blogs/footwear/best-nike-soccer-cleats,BLOG,4479,16,0.00357,11.13,best nike soccer cleats,137,25.64,True
https://www.prosoccer.com/products/mexico-2026-home-s-gimenez-11-official-name-set,PRODUCT,4475,273,0.06101,6.14,gimenez 11 mexico,110,7.95,False
https://www.prosoccer.com/products/nike-2026-usmnt-mens-dri-fit-energy-soccer-jersey,PRODUCT,4473,122,0.02727,9.03,usmnt energy jersey,386,6.41,False
https://www.prosoccer.com/products/nike-2026-27-netherlands-mens-stadium-home-shorts,PRODUCT,4468,29,0.00649,9.97,netherlands world cup shorts 2026,618,8.38,False
https://www.prosoccer.com/products/logo-brands-2026-fifa-world-cup-16oz-we-are-26-ceramic-mug,PRODUCT,4427,26,0.00587,8.06,we are 26,176,9.01,False
https://www.prosoccer.com/products/adidas-2026-colombia-mens-all-weather-jacket,PRODUCT,4427,16,0.00361,6.74,colombia soccer jacket,682,7.47,False
https://www.prosoccer.com/products/adidas-jr-x-crazyfast-messi-4-indoor-messi-pack-fa23,PRODUCT,4416,2,0.00045,5.94,messi indoor soccer shoes,1495,5.93,True
https://www.prosoccer.com/products/new-balance-tekela-v4-pro-2e-wide-fg-rare-force-pack,PRODUCT,4413,10,0.00227,12.26,new soccer cleats,1156,15.85,True
https://www.prosoccer.com/collections/joma-soccer-cleats,COLLECTION,4402,15,0.00341,10.50,joma soccer cleats,606,12.08,True
https://www.prosoccer.com/products/adidas-2026-costa-rica-youth-stadium-home-soccer-jersey,PRODUCT,4401,20,0.00454,9.31,costa rica soccer jersey,885,10.09,False
https://www.prosoccer.com/products/nike-2026-27-france-mens-authentic-home-soccer-jersey,PRODUCT,4398,21,0.00477,8.22,france jersey 2026,197,5.57,False
https://www.prosoccer.com/products/nike-2026-27-chelsea-mens-authentic-home-soccer-jersey,PRODUCT,4390,15,0.00342,6.14,chelsea jersey 2026,985,7.45,False
https://www.prosoccer.com/collections/black-friday-collection,COLLECTION,4390,0,0.00000,16.75,black friday soccer cleats,1111,13.93,True
https://www.prosoccer.com/products/adidas-2026-fifa-world-cup-official-emblem-cap,PRODUCT,4388,13,0.00296,10.37,fifa world cup cap,220,10.04,False
https://www.prosoccer.com/products/adidas-predator-elite-ft-fg-solar-energy-pack-sp24,PRODUCT,4382,9,0.00205,6.45,adidas predator elite ft,766,5.30,True
https://www.prosoccer.com/collections/atletico-madrid,COLLECTION,4381,10,0.00228,11.20,atletico madrid jersey,376,13.69,True
https://www.prosoccer.com/products/adidas-2022-23-japan-pre-match-jersey-red,PRODUCT,4375,11,0.00251,3.74,japan pre match jersey,600,3.61,True
https://www.prosoccer.com/products/adidas-2026-mexico-mens-track-pants,PRODUCT,4363,3,0.00069,19.95,mexico fifa world cup pants,638,17.59,True
https://www.prosoccer.com/products/puma-2025-26-palermo-mens-stadium-home-soccer-jersey,PRODUCT,4339,19,0.00438,8.22,palermo soccer jersey,503,7.91,False
https://www.prosoccer.com/products/adidas-2026-fifa-world-cup-mens-graphic-tee-1,PRODUCT,4329,7,0.00162,10.34,world cup graphic tee,183,10.43,True
https://www.prosoccer.com/products/adidas-2025-26-philadelphia-union-mens-stadium-away-soccer-jersey,PRODUCT,4325,0,0.00000,11.35,philadelphia union jersey,1220,9.84,True
https://www.prosoccer.com/collections/manchester-city,COLLECTION,4320,8,0.00185,13.31,manchester city hat,549,6.95,True
https://www.prosoccer.com/products/arsenal-official-team-elf,PRODUCT,4318,6,0.00139,7.46,elf arsenal,2538,7.44,True
https://www.prosoccer.com/products/adidas-2025-26-al-nassr-mens-stadium-home-ronaldo-7-soccer-jersey,PRODUCT,4312,7,0.00162,8.03,ronaldo argentina jersey,1327,7.83,True
https://www.prosoccer.com/products/nike-2024-25-club-america-mens-authentic-third-jersey,PRODUCT,4300,17,0.00395,8.10,nike america jersey,305,7.42,False
https://www.prosoccer.com/products/nike-2026-27-brazil-mens-the-nike-polo-2-0,PRODUCT,4291,20,0.00466,10.53,brazil world cup polo 2026,1396,16.72,False
https://www.prosoccer.com/products/adidas-2026-venezuela-youth-stadium-home-jersey,PRODUCT,4280,8,0.00187,13.91,venezuela world cup gear 2026,214,26.93,True
https://www.prosoccer.com/products/adidas-2026-italy-mens-originals-track-pants,PRODUCT,4271,12,0.00281,16.96,italy fifa world cup pants,548,14.56,False
https://www.prosoccer.com/products/adidas-2026-mexico-womens-world-cup-away-tee,PRODUCT,4266,6,0.00141,9.11,adidas mexico women's shirt,61,8.26,True
https://www.prosoccer.com/products/adidas-2026-hungary-mens-stadium-away-soccer-jersey,PRODUCT,4258,30,0.00705,8.28,hungary soccer jersey,1023,9.44,False
https://www.prosoccer.com/collections/paul-pogba,COLLECTION,4239,12,0.00283,13.59,paul pogba clothing,847,11.70,True
https://www.prosoccer.com/products/adidas-2026-spain-baseball-cap-1,PRODUCT,4218,15,0.00356,16.74,spain world cup hats 2026,436,26.49,False
https://www.prosoccer.com/products/adidas-2026-mexico-mens-originals-shorts,PRODUCT,4193,1,0.00024,7.78,mexico shorts,1347,5.62,True
https://www.prosoccer.com/blogs/skill-development/soccer-conditioning-skills,BLOG,4191,70,0.01670,12.39,soccer conditioning drills,1047,8.86,True
https://www.prosoccer.com/products/adidas-2026-mexico-mens-stadium-third-long-sleeve-soccer-jersey,PRODUCT,4179,53,0.01268,8.03,black mexico jersey 2026 long sleeve,267,3.82,False
https://www.prosoccer.com/products/puma-2026-portugal-mens-sleeveless-training-soccer-jersey,PRODUCT,4176,89,0.02131,5.52,portugal sleeveless training top,287,3.92,False
https://www.prosoccer.com/products/adidas-2025-26-san-diego-fc-mens-authentic-home-jersey,PRODUCT,4173,1,0.00024,10.66,san diego fc kit,368,6.37,True
https://www.prosoccer.com/products/nike-2024-25-usa-mens-stadium-away-jersey,PRODUCT,4170,4,0.00096,10.31,usa mens away jersey,588,10.14,True
https://www.prosoccer.com/collections/joao-felix,COLLECTION,4165,75,0.01801,9.85,joao felix jersey,1065,9.71,True
https://www.prosoccer.com/products/nike-2025-france-womens-stadium-home-soccer-jersey,PRODUCT,4153,6,0.00144,9.77,france jersey women,379,7.00,True
https://www.prosoccer.com/products/adidas-2026-algeria-youth-stadium-home-soccer-jersey,PRODUCT,4147,19,0.00458,7.30,algeria jersey 2026,1096,7.69,False
https://www.prosoccer.com/products/adidas-2026-germany-mens-training-soccer-jersey,PRODUCT,4144,7,0.00169,7.83,germany training kit,359,6.71,True
https://www.prosoccer.com/products/adidas-predator-elite-turf-energy-citrus-pack-sp24,PRODUCT,4144,4,0.00097,19.82,turf soccer shoes,1145,30.32,True
https://www.prosoccer.com/collections/national-team-flags,COLLECTION,4138,42,0.01015,10.29,soccer team flags,485,9.77,True
https://www.prosoccer.com/products/adidas-2026-argentina-womens-stadium-away-cropped-soccer-jersey,PRODUCT,4133,25,0.00605,8.10,argentina cropped jersey,463,7.91,False
https://www.prosoccer.com/collections/charly-club-leon-soccer-jerseys,COLLECTION,4126,25,0.00606,10.41,club leon jersey,600,10.86,True
https://www.prosoccer.com/products/umbro-2025-26-el-salvador-mens-pre-match-soccer-jersey,PRODUCT,4116,143,0.03474,3.85,pink el salvador jersey,511,1.10,False
https://www.prosoccer.com/collections/nets,COLLECTION,4101,5,0.00122,36.62,soccer nets,245,44.20,True
https://www.prosoccer.com/collections/portugal-hats,COLLECTION,4092,15,0.00367,19.42,portugal fifa world cup hats,460,21.77,True
https://www.prosoccer.com/products/nike-tiempo-ligera-pro-firm-ground-soccer-cleats-breakout-pack-su26,PRODUCT,4091,5,0.00122,8.39,tiempo ligera pro,2019,9.41,True
https://www.prosoccer.com/products/puma-2026-czech-republic-mens-stadium-home-soccer-jersey,PRODUCT,4088,3,0.00073,7.20,czech jersey 2026,381,4.05,True
https://www.prosoccer.com/collections/caps-beanies,COLLECTION,4086,10,0.00245,16.66,can soccer hats,610,15.06,True
https://www.prosoccer.com/products/adidas-2026-ukraine-mens-stadium-away-soccer-jersey,PRODUCT,4067,10,0.00246,15.58,ukraine soccer jersey,466,6.96,True
https://www.prosoccer.com/products/nike-2026-27-usmnt-mens-stadium-away-soccer-jersey,PRODUCT,4064,30,0.00738,10.07,usmnt away jersey 2026,878,8.87,False
https://www.prosoccer.com/products/macron-2025-26-wrexham-mens-stadium-away-soccer-jersey,PRODUCT,4053,15,0.00370,9.01,wrexham jersey,364,10.77,False
https://www.prosoccer.com/products/nike-2024-25-usa-mens-stadium-home-long-sleeve-jersey,PRODUCT,4023,19,0.00472,7.57,usa long sleeve soccer jersey,404,7.20,False
https://www.prosoccer.com/products/nike-2026-27-england-youth-authentic-away-soccer-jersey,PRODUCT,4020,2,0.00050,9.22,england jersey 2026,574,6.56,True
https://www.prosoccer.com/products/kelme-2026-bosnia-and-herzegovina-mens-authentic-home-soccer-jersey,PRODUCT,4017,22,0.00548,7.36,bosnia jersey 2026,1095,6.60,False
https://www.prosoccer.com/products/adidas-2026-27-houston-dynamo-mens-stadium-away-soccer-jersey,PRODUCT,4012,3,0.00075,8.66,houston dynamo away jersey,511,8.40,True
https://www.prosoccer.com/products/select-v25-numero-10-soccer-ball-white-black-silver-size-4-10-ball-bag-bundle,PRODUCT,4001,11,0.00275,9.17,select numero 10 soccer ball,472,11.75,True
https://www.prosoccer.com/products/adidas-2026-italy-mens-stadium-away-shorts,PRODUCT,3974,8,0.00201,12.74,italy fifa world cup shorts,479,22.54,True
https://www.prosoccer.com/products/adidas-f50-messi-league-firm-ground-soccer-cleats-el-ultimo-tango-pack-sp26,PRODUCT,3972,19,0.00478,7.17,el ultimo tango messi,114,7.31,False
https://www.prosoccer.com/products/nike-2026-27-australia-youth-stadium-home-soccer-jersey,PRODUCT,3964,60,0.01514,7.79,australia jersey 2026,176,3.01,False
https://www.prosoccer.com/products/new-balance-442-pro-v3-2e-wide-firm-ground-soccer-cleats-1,PRODUCT,3963,5,0.00126,12.17,wide soccer cleats,1733,13.97,True
https://www.prosoccer.com/products/adidas-2026-argentina-youth-home-shorts,PRODUCT,3951,41,0.01038,7.21,argentina shorts,324,5.89,False
https://www.prosoccer.com/products/adidas-2026-27-orlando-city-mens-stadium-away-soccer-jersey,PRODUCT,3943,8,0.00203,8.00,orlando city jersey 2026,631,6.18,True
https://www.prosoccer.com/products/puma-2026-27-morocco-youth-stadium-home-soccer-jersey,PRODUCT,3941,22,0.00558,8.05,morocco youth jersey,190,9.72,False
https://www.prosoccer.com/products/puma-2025-26-orbita-ultimate-premier-league-thrill-soccer-ball,PRODUCT,3934,9,0.00229,7.50,puma orbita ultimate,501,8.15,True
https://www.prosoccer.com/products/adidas-2026-argentina-mens-stadium-away-messi-10-soccer-jersey,PRODUCT,3927,9,0.00229,7.32,cool soccer jerseys,214,13.09,True
https://www.prosoccer.com/products/adidas-2026-argentina-baseball-cap,PRODUCT,3926,20,0.00509,11.22,argentina cap,483,7.15,False
https://www.prosoccer.com/blogs/blog/best-soccer-grip-socks,BLOG,3920,32,0.00816,12.09,does messi wear grip socks,402,6.33,True
https://www.prosoccer.com/products/adidas-2026-hungary-mens-stadium-home-soccer-jersey,PRODUCT,3914,14,0.00358,7.92,hungary soccer jersey,826,9.12,False
https://www.prosoccer.com/collections/nike-scary-good-pack,COLLECTION,3909,7,0.00179,8.26,soccer cleats,419,11.94,True
https://www.prosoccer.com/products/nike-zoom-vapor-16-elite-firm-ground-soccer-cleats-nike-united-003-pack-ho25,PRODUCT,3903,21,0.00538,6.85,nike united cleats,211,5.36,False
https://www.prosoccer.com/products/nike-2026-27-atletico-madrid-mens-stadium-away-soccer-jersey,PRODUCT,3897,22,0.00565,6.89,atletico madrid jersey 2026 27,67,3.40,False
https://www.prosoccer.com/collections/adidas-goalkeeper-gloves,COLLECTION,3897,4,0.00103,23.67,adidas goalie gloves,684,27.33,True
https://www.prosoccer.com/collections/nike-2026-federation-soccer-jerseys,COLLECTION,3892,29,0.00745,8.04,nike federation kits,139,4.45,True
https://www.prosoccer.com/products/adidas-2022-23-mexico-tiro-sleeveless-training-jersey-green,PRODUCT,3882,9,0.00232,5.47,sleeveless soccer jersey,565,6.04,True
https://www.prosoccer.com/products/adidas-2020-21-real-madrid-home-jersey-white-pink,PRODUCT,3879,4,0.00103,3.07,pink real madrid jersey,485,5.82,True
https://www.prosoccer.com/products/topps-2025-26-chrome-premier-league-cards-hobby-box-20-packs-each,PRODUCT,3877,16,0.00413,8.18,topps chrome premier league,130,9.71,False
https://www.prosoccer.com/collections/raul-jimenez,COLLECTION,3864,26,0.00673,11.62,raul jimenez jersey,591,13.50,True
https://www.prosoccer.com/products/adidas-2025-26-real-madrid-mens-stadium-away-soccer-jersey,PRODUCT,3864,7,0.00181,7.67,real madrid jersey 2025,194,9.59,True
https://www.prosoccer.com/collections/adidas-too-light-soccer-cleats,COLLECTION,3848,3,0.00078,11.20,f50 soccer cleats,228,7.75,True
https://www.prosoccer.com/products/spain-2026-home-gavi-6-jersey-name-set,PRODUCT,3835,38,0.00991,6.86,gavi spain jersey,180,11.46,False
https://www.prosoccer.com/products/umbro-special-pro-24-fg-1,PRODUCT,3829,5,0.00131,9.59,umbro cleats,1342,8.23,True
https://www.prosoccer.com/products/adidas-2024-25-charlotte-fc-mens-stadium-home-jersey,PRODUCT,3807,3,0.00079,12.61,charlotte fc jersey,706,10.31,True
https://www.prosoccer.com/products/nike-phantom-6-low-academy-turf-soccer-shoes-erling-haaland-pack-fa25,PRODUCT,3801,11,0.00289,6.74,erling haaland shoes,538,3.62,True
https://www.prosoccer.com/collections/adidas-2026-fifa-world-cup-soccer-jerseys,COLLECTION,3789,26,0.00686,11.73,fifa world cup jerseys 2026,109,20.91,True
https://www.prosoccer.com/products/nike-2025-france-womens-stadium-away-soccer-jersey,PRODUCT,3779,18,0.00476,8.81,france womens jersey,255,12.60,False
https://www.prosoccer.com/products/nike-usa-adjustable-rise-cap,PRODUCT,3767,28,0.00743,8.68,usmnt hat nike,126,10.93,False
https://www.prosoccer.com/products/adidas-2026-belgium-adjustable-soccer-cap,PRODUCT,3757,6,0.00160,14.73,belgium world cup hats 2026,484,9.87,True
https://www.prosoccer.com/products/portugal-2026-home-ronaldo-7-official-name-set,PRODUCT,3751,118,0.03146,5.77,cristiano ronaldo jersey number 2026,141,8.87,False
https://www.prosoccer.com/collections/nike-mad-energy-pack,COLLECTION,3744,9,0.00240,7.87,energy mode soccer cleats,418,12.08,True
https://www.prosoccer.com/products/pirma-2025-26-cruz-azul-youth-stadium-home-soccer-jersey,PRODUCT,3712,22,0.00593,9.15,cruz azul jersey 2026,301,11.34,False
https://www.prosoccer.com/products/adidas-predator-mutator-20-1-fg-white-black-gold,PRODUCT,3710,8,0.00216,5.13,adidas predator mutator,978,4.97,True
https://www.prosoccer.com/products/nike-2024-25-portugal-mens-stadium-home-jersey,PRODUCT,3709,30,0.00809,7.63,portugal nike,530,5.55,False
https://www.prosoccer.com/products/adidas-2026-argentina-mens-dna-polo,PRODUCT,3703,26,0.00702,8.54,argentina world cup polo 2026,305,15.06,False
https://www.prosoccer.com/products/adidas-world-cup-historical-mini-ball-set,PRODUCT,3702,25,0.00675,12.06,mini world cup balls,97,12.34,False
https://www.prosoccer.com/products/nike-2026-norway-mens-dri-fit-energy-soccer-jersey,PRODUCT,3701,208,0.05620,7.96,norway energy jersey,771,6.40,False
https://www.prosoccer.com/products/nike-2026-netherlands-reversible-bucket-hat,PRODUCT,3699,109,0.02947,19.16,netherlands bucket hat,484,3.31,False
https://www.prosoccer.com/products/adidas-entrada-26-youth-shorts,PRODUCT,3697,12,0.00325,7.88,adidas entrada 26 shorts,442,9.17,True
https://www.prosoccer.com/products/pirma-2025-26-puebla-mens-stadium-home-soccer-jersey,PRODUCT,3686,48,0.01302,9.01,puebla jersey,552,10.60,False
https://www.prosoccer.com/products/puma-2026-27-ghana-mens-stadium-home-soccer-jersey,PRODUCT,3684,22,0.00597,7.79,puma ghana jersey,268,5.85,False
https://www.prosoccer.com/products/adidas-predator-elite-ft-fg-goal-hunter-pack-ho24,PRODUCT,3683,24,0.00652,7.39,adidas predator elite,1386,8.23,False
https://www.prosoccer.com/blogs/footwear/how-to-wash-soccer-cleats-in-5-steps,BLOG,3672,10,0.00272,13.38,washing soccer cleats,193,21.90,True
https://www.prosoccer.com/products/adidas-argentina-mens-fan-bucket-hat,PRODUCT,3666,5,0.00136,10.55,argentina bucket hat,1247,9.52,True
https://www.prosoccer.com/products/puma-2026-austria-mens-stadium-away-soccer-jersey,PRODUCT,3661,12,0.00328,6.41,austria jersey 2026,1058,3.07,True
https://www.prosoccer.com/products/puma-2025-26-chivas-mens-stadium-away-soccer-jersey,PRODUCT,3657,14,0.00383,8.03,chivas away jersey,436,10.13,False
https://www.prosoccer.com/collections/footwear-accessories-shoe-bags,COLLECTION,3653,14,0.00383,11.62,soccer cleat bag,1090,11.70,True
https://www.prosoccer.com/products/global-scarves-2026-fifa-world-cup-amplify-scarf,PRODUCT,3638,95,0.02611,8.93,global scarves,1374,7.02,False
https://www.prosoccer.com/products/adidas-2026-wales-mens-stadium-home-soccer-jersey,PRODUCT,3635,2,0.00055,20.33,wales world cup shirts 2026,213,17.80,True
https://www.prosoccer.com/products/nike-2026-netherlands-mens-dri-fit-woven-energy-jacket,PRODUCT,3629,15,0.00413,12.89,netherlands world cup jackets 2026,196,31.21,False
https://www.prosoccer.com/products/macron-2023-24-bulgaria-mens-authentic-home-jersey,PRODUCT,3607,18,0.00499,5.38,bulgaria jersey,482,2.43,False
https://www.prosoccer.com/products/nike-stainless-steel-recharge-chug-bottle-24-oz,PRODUCT,3600,14,0.00389,9.60,nike stainless steel water bottle,499,9.36,False
https://www.prosoccer.com/products/adidas-jr-predator-league-fold-over-tongue-firm-ground-soccer-cleats-born-for-goals-sp26,PRODUCT,3599,5,0.00139,8.15,predator league fold-over tongue firm ground soccer cleats,382,9.61,True
https://www.prosoccer.com/blogs/blog/how-to-choose-soccer-gear-for-kids,BLOG,3596,3,0.00083,17.31,"i'm a parent buying kits for my kid's youth soccer team or for fan wear. i care about durability, sizing accuracy, affordability, and whether the kit is official. i shop seasonally and i'm often buying multiples — kit + shorts + socks. which adidas apparel collections are most popular this season?",98,14.47,True
https://www.prosoccer.com/products/nike-2026-27-brazil-mens-full-zip-tech-fleece-hoodie,PRODUCT,3592,20,0.00557,6.43,brazil hoodie,535,5.81,False
https://www.prosoccer.com/products/nike-2026-france-mens-dri-fit-energy-jacket,PRODUCT,3585,60,0.01674,7.55,france world cup jackets 2026,273,22.94,False
https://www.prosoccer.com/products/honav-fifa-world-cup-150mm-trophy-replica,PRODUCT,3585,33,0.00921,9.15,world cup trophy replica,1308,9.96,False
https://www.prosoccer.com/products/nike-2026-27-france-mens-stadium-home-shorts,PRODUCT,3584,15,0.00419,11.46,france soccer shorts,466,9.55,False
https://www.prosoccer.com/products/nike-2026-27-netherlands-womens-stadium-away-soccer-jersey,PRODUCT,3583,24,0.00670,8.63,women's netherlands jersey 2026,143,7.01,False
https://www.prosoccer.com/products/nike-zoom-vapor-16-elite-firm-ground-soccer-cleats-prism-pack-su25,PRODUCT,3574,6,0.00168,9.04,vapor 16 elite,70,11.61,True
https://www.prosoccer.com/products/puma-2026-27-egypt-mens-pre-match-soccer-jersey,PRODUCT,3571,59,0.01652,7.47,egypt pre match jersey,285,3.00,False
https://www.prosoccer.com/collections/new-balance-furon,COLLECTION,3564,17,0.00477,12.09,furon nb,245,11.30,True
https://www.prosoccer.com/collections/referee,COLLECTION,3551,6,0.00169,15.17,referee jersey,303,11.05,True
https://www.prosoccer.com/products/english-premier-league-2023-champion-gold-sleeve-patch,PRODUCT,3546,79,0.02228,5.73,gold premier league patch,369,4.54,False
https://www.prosoccer.com/products/adidas-2024-25-houston-dynamo-mens-stadium-away-jersey,PRODUCT,3544,6,0.00169,9.82,houston dynamo jersey,1031,10.10,True
https://www.prosoccer.com/collections/usa-hats,COLLECTION,3543,8,0.00226,20.47,usa soccer hats,692,20.23,True
https://www.prosoccer.com/collections/shin-guards-sale,COLLECTION,3530,4,0.00113,10.96,soccer shin guards,458,12.95,True
https://www.prosoccer.com/products/nike-2026-27-norway-mens-crest-tee,PRODUCT,3529,107,0.03032,6.67,norway tee,132,7.30,False
https://www.prosoccer.com/collections/puma-soccer-jerseys,COLLECTION,3526,6,0.00170,12.70,puma soccer jerseys,843,13.06,True
https://www.prosoccer.com/products/adidas-2026-world-cup-mens-official-emblem-tee-1,PRODUCT,3517,2,0.00057,9.53,world cup t shirts 2026,837,16.57,True
https://www.prosoccer.com/products/nike-kids-tiempo-maestro-flex-ps-firm-multi-ground-soccer-cleats,PRODUCT,3505,12,0.00342,8.54,nike jr. tiempo maestro flex,128,4.85,True
https://www.prosoccer.com/products/nike-2026-brazil-youth-authentic-home-soccer-jersey,PRODUCT,3501,18,0.00514,9.34,brazil youth soccer jersey,186,9.91,False
https://www.prosoccer.com/products/nike-kids-vapor-16-club-ps-velcro-multi-ground-soccer-cleats-attack-pack-sp26,PRODUCT,3496,10,0.00286,10.48,velcro soccer cleats,585,15.47,True
https://www.prosoccer.com/products/nike-phantom-6-high-elite-lv8-firm-ground-soccer-cleats-heat-up-pack-su26,PRODUCT,3495,2,0.00057,7.78,nike phantom 6 high elite lv8,272,7.37,True
https://www.prosoccer.com/products/adidas-2026-sweden-youth-stadium-home-soccer-jersey,PRODUCT,3484,15,0.00431,8.02,sweden soccer jersey,641,6.75,False
https://www.prosoccer.com/products/puma-teamgoal-sleeve-socks,PRODUCT,3482,92,0.02642,7.87,puma sleeve socks,342,8.20,False
https://www.prosoccer.com/products/nike-tiempo-ligera-pro-firm-ground-soccer-cleats,PRODUCT,3478,4,0.00115,9.86,tiempo ligera,2036,10.13,True
https://www.prosoccer.com/products/umbro-2026-27-guatemala-mens-authentic-away-soccer-jersey,PRODUCT,3476,5,0.00144,7.06,guatemala soccer jersey,584,5.25,True
https://www.prosoccer.com/blogs/blog/soccer-player-positions-explained,BLOG,3470,5,0.00144,14.74,soccer positions,741,5.98,True
https://www.prosoccer.com/products/adidas-predator-elite-ft-fg-polar-victory-pack-sp25,PRODUCT,3464,21,0.00606,5.16,polar victory predators,341,7.33,False
https://www.prosoccer.com/products/fifa-world-cup-trophy-bottle-opener-magnet,PRODUCT,3455,56,0.01621,6.65,world cup bottle opener,704,5.27,False
https://www.prosoccer.com/products/adidas-2026-jamaica-mens-stadium-away-soccer-jersey,PRODUCT,3453,5,0.00145,6.39,jamaica soccer jersey 2026,534,4.19,True
https://www.prosoccer.com/collections/apparel-youth-training-jerseys,COLLECTION,3443,16,0.00465,14.44,kids soccer shirts,107,27.64,True
https://www.prosoccer.com/products/adidas-2026-argentina-youth-stadium-away-messi-10-soccer-jersey,PRODUCT,3443,3,0.00087,7.76,messi away jersey 2026,273,3.74,True
https://www.prosoccer.com/products/nike-academy-over-the-calf-socks,PRODUCT,3436,4,0.00116,10.44,academy nike socks,569,8.26,True
https://www.prosoccer.com/collections/apparel-women-jackets,COLLECTION,3432,2,0.00058,12.90,united states soccer jackets,219,26.93,True
https://www.prosoccer.com/products/nike-womens-elite-skinny-headband,PRODUCT,3430,3,0.00087,11.66,nike girl headbands,282,15.34,True
https://www.prosoccer.com/collections/elite-goalkeeper-gloves,COLLECTION,3411,9,0.00264,10.99,elite sport goalkeeper gloves,770,10.69,True
https://www.prosoccer.com/products/adidas-2026-argentina-mens-stadium-home-soccer-jersey,PRODUCT,3411,9,0.00264,7.77,argentina home jersey 2026,447,3.88,True
https://www.prosoccer.com/products/adidas-copa-pure-iv-pro-turf-soccer-shoes-born-for-goals-pack-sp26,PRODUCT,3410,15,0.00440,9.08,adidas copa turf,200,8.77,False
https://www.prosoccer.com/products/portugal-2026-away-ronaldo-7-official-name-set-1,PRODUCT,3399,160,0.04707,5.64,ronaldo nameset,49,5.22,False
https://www.prosoccer.com/products/adidas-2024-25-germany-womens-stadium-away-jersey,PRODUCT,3399,16,0.00471,7.67,germany women's soccer jersey,798,9.95,False
https://www.prosoccer.com/products/adidas-2024-25-spain-mens-anthem-jacket,PRODUCT,3386,14,0.00413,5.70,spain soccer jacket,1275,8.04,False
https://www.prosoccer.com/products/adidas-2025-26-portland-timbers-mens-stadium-home-soccer-jersey,PRODUCT,3380,10,0.00296,9.17,timbers jersey,517,5.71,True
https://www.prosoccer.com/products/adidas-2025-26-toronto-fc-mens-stadium-home-soccer-jersey,PRODUCT,3379,1,0.00030,13.61,toronto fc jersey,390,13.13,True
https://www.prosoccer.com/products/fifa-world-cup-2026-host-city-los-angeles-trucker-hat,PRODUCT,3376,60,0.01777,7.41,fifa trucker hat,236,10.15,False
https://www.prosoccer.com/products/adidas-f50-messi-league-firm-multi-ground-soccer-cleats-messi-vision-pack-fa25,PRODUCT,3373,3,0.00089,12.91,messi cleats,162,27.88,True
https://www.prosoccer.com/products/select-2025-26-derbystar-bundesliga-brilliant-replica-soccer-ball,PRODUCT,3369,17,0.00505,8.84,select derbystar,192,10.73,False
https://www.prosoccer.com/products/adidas-2026-costa-rica-mens-stadium-home-soccer-jersey,PRODUCT,3362,6,0.00178,10.06,adidas costa rica jersey,338,6.04,True
https://www.prosoccer.com/blogs/footwear/blogs-footwear-best-womens-soccer-cleats,BLOG,3358,71,0.02114,8.22,best womens soccer cleats,191,14.23,True
https://www.prosoccer.com/products/nike-strike-knee-high-socks,PRODUCT,3355,5,0.00149,10.17,nike strike knee high sock,243,5.63,True
https://www.prosoccer.com/collections/soccer-balls,COLLECTION,3352,9,0.00268,10.25,soccer ball,936,12.05,True
https://www.prosoccer.com/products/adidas-f50-elite-artificial-ground-soccer-cleats-born-for-goals-sp26,PRODUCT,3341,9,0.00269,9.86,adidas artificial grass soccer cleats,371,13.89,True
https://www.prosoccer.com/products/adidas-2024-25-sweden-stadium-away-jersey,PRODUCT,3334,2,0.00060,4.65,sweden away jersey,1541,3.75,True
https://www.prosoccer.com/collections/puma-goalkeeper-gloves,COLLECTION,3331,13,0.00390,12.95,puma goalkeeper gloves,705,14.43,True
https://www.prosoccer.com/products/umbro-2026-27-el-salvador-womens-authentic-home-soccer-jersey,PRODUCT,3328,16,0.00481,8.10,women's el salvador jersey,345,8.79,False
https://www.prosoccer.com/products/adidas-f50-elite-fg-pure-victory-pack-sp25,PRODUCT,3325,22,0.00662,8.24,f50 pure victory,439,9.41,False
https://www.prosoccer.com/products/puma-2026-portugal-mens-stadium-home-ronaldo-7-soccer-jersey,PRODUCT,3318,11,0.00332,7.24,puma ronaldo jersey,392,8.19,True
https://www.prosoccer.com/products/adidas-2026-spain-mens-stadium-home-soccer-jersey,PRODUCT,3317,5,0.00151,8.01,men's spain jersey 2026,441,8.51,True
https://www.prosoccer.com/collections/sergio-ramos,COLLECTION,3315,49,0.01478,13.70,sergio ramos jersey,703,13.50,True
https://www.prosoccer.com/products/puma-orbita-2-tb-fifa-quality-pro-ball-1,PRODUCT,3314,25,0.00754,7.81,puma orbita 2,352,9.18,False
https://www.prosoccer.com/products/adidas-2026-spain-youth-tiro-training-soccer-jersey,PRODUCT,3314,16,0.00483,7.69,spain training jersey 2026,179,3.08,False
https://www.prosoccer.com/products/adidas-2026-27-lafc-mens-tiro-26-sleeveless-soccer-jersey,PRODUCT,3306,27,0.00817,6.26,sleeveless soccer jersey,787,4.94,False
https://www.prosoccer.com/products/adidas-2026-belgium-mens-anthem-jacket,PRODUCT,3306,4,0.00121,13.50,belgium world cup jackets,512,18.20,True
https://www.prosoccer.com/products/nike-2026-27-uswnt-womens-stadium-away-soccer-jersey,PRODUCT,3301,19,0.00576,10.36,women's usa soccer jersey 2026,554,12.10,False
https://www.prosoccer.com/products/nike-zoom-superfly-10-elite-km-firm-ground-soccer-cleats-mbappe-pe-ho25,PRODUCT,3298,8,0.00243,7.67,km cleats,505,4.00,True
https://www.prosoccer.com/products/adidas-2026-argentina-originals-anthem-jacket,PRODUCT,3297,8,0.00243,7.98,argentina jacket,515,7.20,True
https://www.prosoccer.com/products/fifa-host-cities-pin-frame,PRODUCT,3296,101,0.03064,6.31,fifa host city pins,65,4.32,False
https://www.prosoccer.com/products/adidas-2026-mexico-mens-away-pre-match-soccer-jersey,PRODUCT,3296,3,0.00091,8.51,mexico soccer jersey 2026,359,9.52,True
https://www.prosoccer.com/products/nike-2024-25-france-mens-df-strike-anthem-jacket,PRODUCT,3294,29,0.00880,6.80,france anthem jacket,504,6.43,False
https://www.prosoccer.com/collections/puma-future,COLLECTION,3293,8,0.00243,17.85,puma future,372,25.72,True
https://www.prosoccer.com/collections/new-balance-soccer-apparel,COLLECTION,3285,9,0.00274,11.16,new balance soccer kits,197,13.91,True
https://www.prosoccer.com/products/adidas-2026-colombia-mens-away-pre-match-soccer-jersey,PRODUCT,3282,7,0.00213,7.66,colombia warm up jersey,365,4.63,True
https://www.prosoccer.com/products/nike-2026-27-netherlands-mens-the-nike-polo-2-0,PRODUCT,3270,58,0.01774,16.51,team netherlands polo,539,12.25,False
https://www.prosoccer.com/products/adidas-2025-la-galaxy-mens-authentic-home-soccer-jersey,PRODUCT,3270,6,0.00183,12.49,la galaxy authentic jersey,677,11.86,True
https://www.prosoccer.com/products/adidas-colombia-mens-fan-bucket-hat,PRODUCT,3269,10,0.00306,7.01,colombia bucket hat,354,5.86,True
https://www.prosoccer.com/products/adidas-2026-colombia-mens-training-soccer-jersey,PRODUCT,3253,15,0.00461,7.31,colombia jersey 2026,233,5.02,False
https://www.prosoccer.com/products/adidas-2023-24-columbia-mens-3-stripe-tee,PRODUCT,3242,144,0.04442,4.17,colombia beige jersey,242,1.22,False
https://www.prosoccer.com/products/nike-phantom-6-low-elite-lv8-firm-ground-soccer-cleats-heat-up-pack-su26,PRODUCT,3241,11,0.00339,6.60,nike phantom 6 low elite lv8,1104,6.13,True
https://www.prosoccer.com/products/adidas-2025-26-club-america-mens-authentic-away-soccer-jersey,PRODUCT,3238,3,0.00093,6.80,america soccer jersey,345,10.70,True
https://www.prosoccer.com/products/nike-phantom-gt2-elite-fg-white,PRODUCT,3238,3,0.00093,7.72,nike white soccer cleats,330,3.68,True
https://www.prosoccer.com/collections/players,COLLECTION,3233,17,0.00526,10.72,soccer player jerseys,162,10.75,True
https://www.prosoccer.com/products/nike-2026-27-usmnt-womens-stadium-away-soccer-jersey,PRODUCT,3232,66,0.02042,9.87,usmnt away jersey 2026,156,8.15,False
https://www.prosoccer.com/products/wincraft-inter-miami-messi-10-deluxe-flag-3x5,PRODUCT,3229,6,0.00186,5.03,messi flag,1949,4.44,True
https://www.prosoccer.com/products/nike-2022-23-poland-nsw-hoodie,PRODUCT,3220,7,0.00217,24.27,poland soccer hoodie,630,10.82,True
https://www.prosoccer.com/collections/apparel-youth-compression,COLLECTION,3216,9,0.00280,9.87,youth compression shorts,522,8.91,True
https://www.prosoccer.com/collections/la-liga,COLLECTION,3210,61,0.01900,8.31,la liga kits,233,8.46,True
https://www.prosoccer.com/products/nike-phantom-6-high-academy-firm-multi-ground-soccer-cleats-attack-pack-sp26,PRODUCT,3210,0,0.00000,6.75,nike phantom 6 high academy,1483,5.51,True
https://www.prosoccer.com/products/adidas-2026-jamaica-mens-bob-marley-originals-stadium-soccer-jersey,PRODUCT,3206,8,0.00250,8.85,bob marley soccer jersey,552,8.98,True
https://www.prosoccer.com/products/adidas-copa-pure-iv-elite-firm-ground-soccer-cleats-ice-cold-precision-pack-sp26,PRODUCT,3193,11,0.00345,8.16,copa pure iv elite firm ground soccer cleats,197,9.18,True
https://www.prosoccer.com/products/adidas-world-cup-2026-mini-soccer-ball,PRODUCT,3191,5,0.00157,8.69,adidas world cup mini ball collection 2026,162,9.95,True
https://www.prosoccer.com/products/puma-2025-26-manchester-city-mens-stadium-away-long-sleeve-soccer-jersey,PRODUCT,3183,30,0.00943,6.46,man city long sleeve jersey,189,6.30,False
https://www.prosoccer.com/products/fifa-260mm-premium-trophy-replica,PRODUCT,3180,147,0.04623,7.13,officially licensed fifa world cup 2026 premium 260mm trophy replica – 24k gold plated limited edition (only 2026 made) – individually numbered with luxury 3-sided leather display case,54,7.54,False
https://www.prosoccer.com/collections/sackpacks,COLLECTION,3179,17,0.00535,9.07,soccer drawstring bag,846,5.96,True
https://www.prosoccer.com/products/puma-ultra-ultima-cp-fg-ag-su24,PRODUCT,3178,0,0.00000,5.54,pulisic cleats,829,4.14,True
https://www.prosoccer.com/products/nike-phantom-6-high-elite-lv8-firm-ground-soccer-cleats-showtime-pack-su26,PRODUCT,3170,21,0.00662,7.11,nike phantom 6 showtime,189,3.39,False
https://www.prosoccer.com/products/adidas-2026-argentina-scarf,PRODUCT,3163,15,0.00474,7.64,argentina scarf,321,9.00,False
https://www.prosoccer.com/collections/san-diego-fc,COLLECTION,3156,9,0.00285,11.38,soccer jerseys near me,700,8.39,True
https://www.prosoccer.com/collections/2026-national-team-soccer-accessories,COLLECTION,3147,13,0.00413,12.30,world cup accessories,393,11.64,True
https://www.prosoccer.com/products/nike-2023-24-club-america-womens-stadium-home-jersey,PRODUCT,3129,1,0.00032,9.68,women's club america jersey,2033,9.98,True
https://www.prosoccer.com/products/adidas-2021-22-germany-away-jersey-black,PRODUCT,3128,15,0.00480,4.41,black soccer jersey,588,7.78,False
https://www.prosoccer.com/products/pirma-2025-26-necaxa-mens-stadium-home-soccer-jersey,PRODUCT,3111,10,0.00321,8.29,necaxa jersey,1292,8.16,True
https://www.prosoccer.com/products/adidas-metro-6-calf-sleeve,PRODUCT,3109,25,0.00804,6.74,adidas metro 6 calf sleeve,910,7.17,False
https://www.prosoccer.com/collections/lionel-messi,COLLECTION,3106,13,0.00419,19.68,messi jersey,169,38.69,True
https://www.prosoccer.com/products/adidas-2024-25-arsenal-mens-authentic-third-jersey,PRODUCT,3095,23,0.00743,16.54,arsenal third jersey,136,18.78,False
https://www.prosoccer.com/products/new-balance-442-pro-fg-v2-2e-wide,PRODUCT,3095,20,0.00646,9.16,new balance 442 wide,310,10.27,False
https://www.prosoccer.com/products/adidas-2024-25-bayern-munich-mens-stadium-third-jersey,PRODUCT,3091,11,0.00356,6.95,bayern third jersey,508,8.99,True
https://www.prosoccer.com/products/new-balance-442-v3-pro-turf-2e-wide-soccer-shoes,PRODUCT,3091,5,0.00162,12.82,wide soccer shoes,900,19.74,True
https://www.prosoccer.com/products/adidas-kids-f50-club-velcro-firm-multi-ground-soccer-cleats-radiant-blaze-pack-fa25,PRODUCT,3082,12,0.00389,10.52,kids' f50,184,10.55,True
https://www.prosoccer.com/collections/adidas-2026-ucl-soccer-balls,COLLECTION,3081,16,0.00519,7.88,2026 champions league ball,496,6.67,True
https://www.prosoccer.com/products/nike-phantom-6-low-elite-nu3-firm-ground-soccer-cleats-united-nu3-pack-su26,PRODUCT,3080,14,0.00455,7.79,nike united phantom 6 low elite,242,7.38,False
https://www.prosoccer.com/products/adidas-2026-fifa-world-cup-official-emblem-cap-2,PRODUCT,3076,17,0.00553,7.53,adidas world cup cap,64,7.41,False
https://www.prosoccer.com/collections/apparel-men-t-shirts-polos,COLLECTION,3074,14,0.00455,16.55,soccer polo shirt,223,21.30,True
https://www.prosoccer.com/products/adidas-metro-6-otc-sock,PRODUCT,3066,20,0.00652,7.97,adidas metro 6 otc sock,623,9.36,False
https://www.prosoccer.com/products/nike-usa-reversible-bucket-hat,PRODUCT,3054,119,0.03897,6.59,usmnt bucket hat,341,7.05,False
https://www.prosoccer.com/products/nike-phantom-6-high-elite-firm-ground-soccer-cleats-scary-good-pack-fa25,PRODUCT,3047,16,0.00525,7.94,phantom 6 scary good,61,6.30,False
https://www.prosoccer.com/products/macron-2025-26-bulgaria-mens-authentic-home-soccer-jersey,PRODUCT,3041,86,0.02828,6.37,bulgaria soccer jersey,344,8.90,False
https://www.prosoccer.com/products/adidas-predator-league-fold-over-tongue-indoor-soccer-shoes-born-for-goals-pack-sp26,PRODUCT,3033,9,0.00297,7.59,predator league fold-over tongue turf soccer shoes,58,8.05,True
https://www.prosoccer.com/products/joma-2025-26-brentford-mens-stadium-home-soccer-jersey,PRODUCT,3033,9,0.00297,6.87,brentford kit,835,5.67,True
https://www.prosoccer.com/products/adidas-2026-colombia-mens-stadium-home-long-sleeve-soccer-jersey,PRODUCT,3032,7,0.00231,7.72,colombia goalkeeper jersey 2026,370,2.54,True
https://www.prosoccer.com/products/adidas-2026-jamaica-youth-stadium-away-soccer-jersey,PRODUCT,3027,3,0.00099,5.23,jamaica jersey 2026,988,3.94,True
https://www.prosoccer.com/products/adidas-2026-mexico-home-socks,PRODUCT,3025,8,0.00264,8.66,mexico socks,358,10.47,True
https://www.prosoccer.com/products/adidas-entrada-26-mens-soccer-jersey,PRODUCT,3022,10,0.00331,6.84,adidas entrada 26 jersey,300,6.06,True
https://www.prosoccer.com/products/adidas-2025-26-bayern-munich-mens-authentic-away-soccer-jersey,PRODUCT,3020,9,0.00298,9.41,bayern munich away,95,9.33,True
https://www.prosoccer.com/collections/nike-soccer-ball-collection,COLLECTION,3020,3,0.00099,18.48,nike soccer ball,498,25.43,True
https://www.prosoccer.com/collections/puma-soccer-cleats,COLLECTION,3020,1,0.00033,24.74,puma cleats,324,33.36,True
https://www.prosoccer.com/products/nike-2024-25-chelsea-womens-stadium-home-jersey,PRODUCT,3019,5,0.00166,8.07,chelsea home jersey,422,3.75,True
https://www.prosoccer.com/products/nike-2026-england-reversible-bucket-hat,PRODUCT,3015,82,0.02720,6.51,england bucket hat,788,5.81,False
https://www.prosoccer.com/products/adidas-2026-jamaica-womens-stadium-home-soccer-jersey,PRODUCT,3006,5,0.00166,6.84,jamaica soccer jersey 2026,496,4.46,True
https://www.prosoccer.com/products/real-madrid-2024-hp-logo-sleeve-sponsor,PRODUCT,2999,21,0.00700,6.50,logo hp real madrid,56,1.34,False
https://www.prosoccer.com/products/adidas-2026-mexico-mens-away-anthem-jacket,PRODUCT,2994,2,0.00067,5.84,adidas mexico jacket 2026,402,5.56,True
https://www.prosoccer.com/collections/adidas-stealth-victory-pack,COLLECTION,2986,2,0.00067,6.71,adidas copa cleats,314,7.66,True
https://www.prosoccer.com/products/nike-2024-25-usa-mens-authentic-away-jersey,PRODUCT,2984,26,0.00871,10.64,usmnt 2024 away jersey,68,8.10,False
https://www.prosoccer.com/products/panini-2026-fifa-world-cup-stickers-pack-7-stickers-each,PRODUCT,2982,11,0.00369,8.09,fifa world cup 2026 panini pack of 7 stickers,36,5.83,True
https://www.prosoccer.com/collections/korea-jerseys,COLLECTION,2977,43,0.01444,10.87,korea jersey,1423,11.52,True
https://www.prosoccer.com/products/adidas-2026-italy-mens-stadium-away-soccer-jersey,PRODUCT,2977,3,0.00101,6.60,italy soccer jersey 2026,546,3.87,True
https://www.prosoccer.com/collections/james-rodriguez-1,COLLECTION,2973,12,0.00404,11.13,james rodriguez jersey,611,14.14,True
https://www.prosoccer.com/products/adidas-2026-argentina-mens-originals-all-over-print-tee,PRODUCT,2965,58,0.01956,5.93,argentina originals all over print t-shirt,532,4.30,False
https://www.prosoccer.com/blogs/blog/the-beginners-guide-to-futsal-futsal-vs-soccer,BLOG,2964,3,0.00101,10.58,futsal vs soccer,698,9.16,True
https://www.prosoccer.com/collections/sandals,COLLECTION,2961,10,0.00338,12.37,soccer slides,497,12.81,True
https://www.prosoccer.com/products/nike-2025-26-tottenham-mens-stadium-home-long-sleeve-soccer-jersey,PRODUCT,2953,17,0.00576,7.28,tottenham long sleeve jersey,358,4.94,False
https://www.prosoccer.com/products/puma-2025-26-portugal-stadium-home-jersey,PRODUCT,2953,9,0.00305,5.34,portugal 26 jersey,530,2.56,True
https://www.prosoccer.com/products/adidas-2026-italy-baseball-cap,PRODUCT,2949,8,0.00271,14.88,italy world cup caps 2026,586,15.69,True
https://www.prosoccer.com/collections/portable-soccer-goals,COLLECTION,2939,11,0.00374,20.35,pop up soccer goals,377,22.17,True
https://www.prosoccer.com/products/puma-2026-27-senegal-mens-stadium-home-soccer-jersey,PRODUCT,2935,5,0.00170,8.36,senegal jersey,236,8.06,True
https://www.prosoccer.com/products/adidas-2025-argentina-mens-50th-anniversary-stadium-jersey,PRODUCT,2929,5,0.00171,3.88,argentina jersey 2025,718,1.61,True
https://www.prosoccer.com/products/nike-2022-23-korea-youth-home-jersey,PRODUCT,2927,16,0.00547,7.98,korea jersey kids,190,6.51,False
https://www.prosoccer.com/products/adidas-f50-elite-firm-ground-soccer-cleats-ice-cold-precision-sp26,PRODUCT,2922,6,0.00205,6.95,adidas f50 elite,293,5.90,True
https://www.prosoccer.com/products/joma-2026-27-honduras-mens-stadium-third-soccer-jersey,PRODUCT,2914,10,0.00343,7.00,honduras jersey 2026,1064,3.87,True
https://www.prosoccer.com/products/macron-2022-24-armenia-mens-authentic-home-jersey,PRODUCT,2911,18,0.00618,6.51,armenia soccer jersey,527,5.83,False
https://www.prosoccer.com/collections/nike-prism-pack,COLLECTION,2909,7,0.00241,7.71,nike turf soccer shoes,147,8.24,True
https://www.prosoccer.com/collections/adidas-soccer-jerseys,COLLECTION,2904,9,0.00310,13.80,adidas soccer jerseys,216,16.13,True
https://www.prosoccer.com/products/nike-2026-27-usmnt-mens-stadium-goalkeeper-soccer-jersey,PRODUCT,2901,21,0.00724,8.29,usmnt goalie jersey,384,5.81,False
https://www.prosoccer.com/products/nike-2026-brazil-adjustable-rise-cap,PRODUCT,2895,20,0.00691,6.37,brazil nike hat,234,4.36,False
https://www.prosoccer.com/products/nike-2024-25-chelsea-mens-strike-anthem-jacket,PRODUCT,2891,5,0.00173,6.11,chelsea jacket,1254,5.59,True
https://www.prosoccer.com/products/nike-2026-croatia-reversible-bucket-hat,PRODUCT,2885,223,0.07730,7.01,croatia bucket hat,1047,7.28,False
https://www.prosoccer.com/products/adidas-2026-mexico-third-baby-kit,PRODUCT,2884,70,0.02427,8.54,mexico baby kit,185,9.99,False
https://www.prosoccer.com/products/nike-2026-brazil-little-kids-stadium-away-soccer-jersey,PRODUCT,2882,5,0.00173,8.17,kids' brazil jersey 2026 world cup,74,9.92,True
https://www.prosoccer.com/collections/puma-pulisic-never-stop-pack,COLLECTION,2881,0,0.00000,10.78,pulisic cleats,561,11.39,True
https://www.prosoccer.com/products/nke-2026-27-england-mens-stadium-home-shorts,PRODUCT,2873,5,0.00174,9.65,england shorts,650,6.78,True
https://www.prosoccer.com/products/nike-2026-nigeria-mens-authentic-away-soccer-jersey,PRODUCT,2869,3,0.00105,7.91,nigeria soccer jersey,359,5.52,True
https://www.prosoccer.com/products/logo-brands-2026-fifa-world-cup-spain-flag-keychain,PRODUCT,2868,28,0.00976,5.02,spain world cup 2026 logo,143,1.14,False
https://www.prosoccer.com/products/adidas-2024-25-spain-mens-pre-match-jersey-1,PRODUCT,2860,8,0.00280,4.87,spain pre match jersey,1018,4.18,True
https://www.prosoccer.com/products/nike-2026-27-netherlands-youth-stadium-home-soccer-jersey,PRODUCT,2834,4,0.00141,8.25,netherlands youth soccer jersey,149,8.18,True
https://www.prosoccer.com/products/adidas-2026-27-la-galaxy-mens-tiro-26-sleeveless-soccer-jersey,PRODUCT,2830,17,0.00601,5.53,sleeveless soccer jersey,1243,4.55,False
https://www.prosoccer.com/products/puma-2026-27-new-zealand-mens-stadium-away-soccer-jersey,PRODUCT,2827,17,0.00601,6.91,puma new zealand jersey,365,6.05,False
https://www.prosoccer.com/products/adidas-2026-spain-mens-stadium-home-shorts,PRODUCT,2818,14,0.00497,9.29,spain soccer shorts,326,10.41,False
https://www.prosoccer.com/products/nike-2026-27-brazil-mens-stadium-goalkeeper-soccer-jersey,PRODUCT,2813,12,0.00427,5.91,brazil goalkeeper jersey 2026,247,1.83,False
https://www.prosoccer.com/products/adidas-2006-argentina-mens-retro-stadium-away-soccer-jersey,PRODUCT,2795,5,0.00179,5.19,2006 argentina jersey,449,2.50,True
https://www.prosoccer.com/products/adidas-2026-27-chicago-fire-mens-stadium-home-soccer-jersey,PRODUCT,2794,6,0.00215,7.83,chicago fire jersey 2026,345,8.76,True
https://www.prosoccer.com/products/france-2026-away-olise-11-official-name-set,PRODUCT,2792,141,0.05050,6.52,france away olise,93,7.02,False
https://www.prosoccer.com/collections/cruz-azul,COLLECTION,2791,46,0.01648,12.30,cruz azul jersey,157,19.80,True
https://www.prosoccer.com/products/nike-2026-england-mens-df-anthem-jacket,PRODUCT,2779,20,0.00720,10.12,england world cup jackets 2026,448,14.24,False
https://www.prosoccer.com/products/adidas-2026-argentina-home-baby-kit,PRODUCT,2778,8,0.00288,6.76,baby argentina jersey,436,5.78,True
https://www.prosoccer.com/products/adidas-predator-elite-fold-over-tongue-firm-ground-soccer-cleats-born-for-goals-sp26,PRODUCT,2775,9,0.00324,7.74,predator elite fold-over tongue firm ground soccer cleats,226,7.08,True
https://www.prosoccer.com/products/nike-2026-france-womens-core-mbappe-10-tee,PRODUCT,2773,35,0.01262,7.12,mbappe core,98,3.49,False
https://www.prosoccer.com/products/puma-2026-chivas-womens-stadium-third-soccer-jersey,PRODUCT,2770,9,0.00325,6.31,chivas blue jersey 2026,563,4.36,True
https://www.prosoccer.com/products/adidas-predator-elite-ft-fg-stealth-victory-pack-sp25,PRODUCT,2763,12,0.00434,7.32,adidas predator elite ft fg soccer cleats,386,9.22,True
https://www.prosoccer.com/products/adidas-predator-freak-1-low-fg-black-pink-purple,PRODUCT,2753,7,0.00254,3.64,adidas predator purple,419,5.19,True
https://www.prosoccer.com/products/adidas-2025-26-arsenal-mens-stadium-home-shorts,PRODUCT,2752,7,0.00254,8.00,arsenal shorts,791,8.10,True
https://www.prosoccer.com/products/topps-2025-26-match-attax-uefa-champions-league-cards-starter-pack-album-27-cards-2-le,PRODUCT,2750,3,0.00109,8.70,match attax 26/27,301,7.73,True
https://www.prosoccer.com/products/puma-2025-26-chivas-mens-authentic-home-soccer-jersey,PRODUCT,2734,12,0.00439,9.19,pumas chivas jersey,187,8.22,True
https://www.prosoccer.com/products/adidas-2023-24-bayern-munich-mens-authentic-away-jersey,PRODUCT,2733,6,0.00220,13.51,fc bayern munich away jersey,95,18.23,True
https://www.prosoccer.com/products/adidas-2026-colombia-bucket-hat,PRODUCT,2731,45,0.01648,7.42,colombia bucket hat,643,8.28,False
https://www.prosoccer.com/collections/new-balance-indoor-soccer-shoes,COLLECTION,2729,3,0.00110,14.36,new balance indoor soccer shoes,566,13.70,True
https://www.prosoccer.com/products/nike-phantom-6-low-elite-firm-ground-soccer-cleats-breakout-pack-su26,PRODUCT,2726,19,0.00697,6.17,nike phantom 6 elite pink,179,1.51,False
https://www.prosoccer.com/products/adidas-2025-26-manchester-united-mens-home-shorts,PRODUCT,2725,7,0.00257,8.80,manchester united shorts,912,9.95,True
https://www.prosoccer.com/collections/nike-goalkeeper-gloves,COLLECTION,2725,1,0.00037,13.36,nike goalkeeper gloves,271,17.72,True
https://www.prosoccer.com/products/panini-2025-fifa-club-world-cup-official-sticker-collection-box-50-packs-each,PRODUCT,2724,2,0.00073,9.87,fifa club world cup stickers,211,8.54,True
https://www.prosoccer.com/products/nike-2026-27-netherlands-mens-authentic-home-soccer-jersey,PRODUCT,2722,31,0.01139,8.33,netherlands jersey 2026,459,8.34,False
https://www.prosoccer.com/products/mizuno-morelia-ii-made-in-japan-firm-ground-soccer-cleats-1,PRODUCT,2721,11,0.00404,10.49,japanese soccer cleats,176,16.86,True
https://www.prosoccer.com/collections/men,COLLECTION,2717,7,0.00258,12.87,soccer clothes,262,20.97,True
https://www.prosoccer.com/products/adidas-predator-freak-fg-white-grey-solar-red,PRODUCT,2707,3,0.00111,7.92,adidas freak soccer cleats,612,8.82,True
https://www.prosoccer.com/products/adidas-2025-26-arsenal-mens-polo,PRODUCT,2702,21,0.00777,6.36,arsenal polo,581,5.02,False
https://www.prosoccer.com/products/nike-2026-27-inter-milan-mens-stadium-home-soccer-jersey,PRODUCT,2687,10,0.00372,6.07,inter milan 2026 jersey,152,2.77,True
https://www.prosoccer.com/products/nike-2024-25-portugal-mens-academy-pro-anthem-jacket,PRODUCT,2682,14,0.00522,9.79,portugal jacket,714,8.27,False
https://www.prosoccer.com/collections/2026-national-team-soccer-fan-gear,COLLECTION,2676,15,0.00561,15.40,road to 26 merch,88,3.47,True
https://www.prosoccer.com/products/adidas-2025-26-vancouver-whitecaps-mens-stadium-home-soccer-jersey,PRODUCT,2671,4,0.00150,10.12,whitecaps jersey,455,8.40,True
https://www.prosoccer.com/collections/apparel-youth-referee,COLLECTION,2668,34,0.01274,8.97,kids referee shirt,224,8.52,True
https://www.prosoccer.com/products/joma-2026-27-honduras-mens-stadium-away-soccer-jersey,PRODUCT,2668,4,0.00150,6.67,honduras jersey 2026,349,4.17,True
https://www.prosoccer.com/products/adidas-2024-25-mexico-mens-pre-match-jersey,PRODUCT,2667,22,0.00825,6.40,mexico pre match jersey,665,4.16,False
https://www.prosoccer.com/products/nike-park-iii-youth-shorts,PRODUCT,2667,14,0.00525,9.23,nike park iii shorts youth,155,10.20,False
https://www.prosoccer.com/products/adidas-2026-mexico-away-baby-kit,PRODUCT,2664,34,0.01276,8.52,mexico baby kit,205,6.70,False
https://www.prosoccer.com/products/nike-j-guard-shin-guards,PRODUCT,2664,3,0.00113,11.79,nike shin guards,258,22.88,True
https://www.prosoccer.com/products/umbro-2026-27-el-salvador-mens-authentic-away-soccer-jersey,PRODUCT,2658,3,0.00113,8.46,el salvador jersey 2026,911,9.17,True
https://www.prosoccer.com/products/nike-2026-27-nigeria-mens-stadium-home-soccer-jersey,PRODUCT,2653,7,0.00264,6.64,nigeria jersey 2026,327,2.25,True
https://www.prosoccer.com/products/colombia-2026-home-james-10-official-jersey-name-set,PRODUCT,2652,33,0.01244,7.23,colombia jersey number 10,73,3.88,False
https://www.prosoccer.com/products/adidas-usa-mens-denim-graphic-shorts,PRODUCT,2631,6,0.00228,15.86,usa fifa world cup shorts,235,26.14,True
https://www.prosoccer.com/products/adidas-2026-colombia-home-baby-kit,PRODUCT,2627,75,0.02855,7.70,baby colombia jersey,267,6.14,False
https://www.prosoccer.com/products/adidas-2026-belgium-mens-stadium-home-soccer-jersey,PRODUCT,2627,3,0.00114,7.74,belgium jersey 2026,637,4.71,True
https://www.prosoccer.com/products/adidas-23-ucl-istanbul-club-ball-black-gold,PRODUCT,2617,20,0.00764,8.19,istanbul champions league ball,97,7.84,False
https://www.prosoccer.com/products/adidas-2026-italy-youth-dna-hoodie,PRODUCT,2613,3,0.00115,25.46,italy world cup hoodies 2026,579,23.26,True
https://www.prosoccer.com/products/nike-sp26-academy-elite-soccer-ball-1,PRODUCT,2609,16,0.00613,11.02,nike academy elite soccer ball,360,9.11,False
https://www.prosoccer.com/products/puma-2024-25-czech-republic-stadium-home-jersey,PRODUCT,2608,6,0.00230,7.58,czech soccer jersey,432,5.42,True
https://www.prosoccer.com/products/adidas-2026-argentina-womens-originals-dress,PRODUCT,2607,16,0.00614,4.24,argentina dress 2026,709,1.04,False
https://www.prosoccer.com/products/adidas-2026-colombia-mens-training-pants,PRODUCT,2606,12,0.00460,8.39,adidas soccer training pants,209,13.62,False
https://www.prosoccer.com/products/puma-2026-27-pumas-mens-stadium-home-soccer-jersey,PRODUCT,2603,9,0.00346,5.81,pumas jersey 2026,717,5.02,True
https://www.prosoccer.com/products/nike-2026-uruguay-mens-stadium-home-shorts,PRODUCT,2596,20,0.00770,15.22,team uruguay shorts,634,12.54,False
https://www.prosoccer.com/collections/compression,COLLECTION,2590,5,0.00193,10.70,womens soccer tights,270,5.76,True
https://www.prosoccer.com/products/adidas-2026-argentina-mens-authentic-away-messi-10-soccer-jersey,PRODUCT,2588,10,0.00386,6.99,messi 10 jersey,249,1.85,True
https://www.prosoccer.com/products/nike-2026-netherlands-little-kids-stadium-home-kit,PRODUCT,2587,31,0.01198,8.67,ib4558-809,221,11.33,False
https://www.prosoccer.com/collections/enzo-fernandez,COLLECTION,2583,16,0.00619,10.24,enzo fernandez jersey,270,12.47,True
https://www.prosoccer.com/products/adidas-2026-argentina-graphic-baseball-cap,PRODUCT,2582,15,0.00581,10.87,adidas argentina hat,280,6.44,False
https://www.prosoccer.com/products/new-balance-furon-team-v8-2e-wide-firm-ground-soccer-cleats-live-wire-pack-sp26,PRODUCT,2569,4,0.00156,8.23,new balance furon v8 wide,125,6.57,True
https://www.prosoccer.com/collections/mens-soccer-cleats-shoes,COLLECTION,2567,5,0.00195,18.12,soccer cleats,704,25.36,True
https://www.prosoccer.com/products/puma-teamgoal-backpack-premium-xl-backpack,PRODUCT,2553,14,0.00548,8.08,puma soccer backpack,248,8.69,False
https://www.prosoccer.com/collections/soccer-bags,COLLECTION,2548,8,0.00314,18.75,soccer bag,115,34.24,True
https://www.prosoccer.com/products/nike-2024-25-nigeria-mens-stadium-home-jersey,PRODUCT,2547,11,0.00432,11.92,nigeria nike jersey,137,5.09,True
https://www.prosoccer.com/products/pirma-2025-26-cruz-azul-mens-stadium-away-soccer-jersey,PRODUCT,2541,61,0.02401,9.18,cruz azul jersey,245,10.63,False
https://www.prosoccer.com/products/adidas-2023-24-manchester-united-mens-stadium-away-long-sleeve-jersey,PRODUCT,2541,18,0.00708,11.72,long sleeve manchester united jersey,148,8.95,False
https://www.prosoccer.com/products/macron-2023-24-crystal-palace-mens-away-jersey,PRODUCT,2541,12,0.00472,6.73,palace soccer jersey,342,5.69,True
https://www.prosoccer.com/products/nike-2026-27-england-womens-stadium-away-soccer-jersey,PRODUCT,2538,23,0.00906,8.84,ib4579-624,141,3.57,False
https://www.prosoccer.com/products/adidas-kids-f50-messi-club-velcro-firm-multi-ground-soccer-cleats-el-ultimo-tango-pack-sp26,PRODUCT,2534,11,0.00434,7.18,el ultimo tango messi cleats,24,2.25,True
https://www.prosoccer.com/products/adidas-2026-germany-mens-1994-stadium-away-soccer-jersey,PRODUCT,2526,8,0.00317,6.73,germany 1994 jersey,317,5.68,True
https://www.prosoccer.com/products/adidas-2026-japan-mens-originals-track-top,PRODUCT,2525,23,0.00911,9.67,japan originals track top,358,6.92,False
https://www.prosoccer.com/products/sokito-scudetta-elite-firm-ground-soccer-cleats-1,PRODUCT,2517,1,0.00040,9.17,sokito scudetta,1291,9.40,True
https://www.prosoccer.com/collections/goalkeeper-gloves-finger-protection,COLLECTION,2516,4,0.00159,27.87,goalkeeper gloves with finger protection,136,27.31,True
https://www.prosoccer.com/products/puma-2026-austria-mens-stadium-home-soccer-jersey,PRODUCT,2512,13,0.00518,8.24,austria jersey 2026,176,8.26,False
https://www.prosoccer.com/products/manchester-united-2026-official-calendar,PRODUCT,2509,5,0.00199,9.00,manchester united calendar 2026,217,7.94,True
https://www.prosoccer.com/products/adidas-world-cup-2026-league-soccer-ball,PRODUCT,2509,3,0.00120,8.96,adidas league soccer ball,254,6.34,True
https://www.prosoccer.com/collections/apparel-youth-official-licensed-jerseys,COLLECTION,2508,4,0.00159,15.76,usa soccer jersey,342,9.24,True
https://www.prosoccer.com/collections/chile,COLLECTION,2499,9,0.00360,14.00,chile soccer jerseys,455,15.75,True
https://www.prosoccer.com/products/nike-2026-27-usmnt-youth-stadium-home-soccer-jersey,PRODUCT,2499,3,0.00120,10.49,usmnt youth jersey 2026,390,7.32,True
https://www.prosoccer.com/products/nike-2026-27-barcelona-mens-authentic-home-soccer-jersey,PRODUCT,2498,3,0.00120,5.04,barcelona jersey 2026,214,5.36,True
https://www.prosoccer.com/products/nike-2026-27-france-little-kids-stadium-away-kit,PRODUCT,2492,41,0.01645,9.31,ib4562-394,166,16.05,False
https://www.prosoccer.com/products/adidas-2026-mexico-mens-olp-tee,PRODUCT,2488,8,0.00322,7.18,t shirt mexico 2026,120,4.02,True
https://www.prosoccer.com/collections/alexis-mac-allister,COLLECTION,2486,0,0.00000,8.19,alexis mac allister jersey,102,18.73,True
https://www.prosoccer.com/products/nike-2026-27-chelsea-mens-stadium-home-soccer-jersey,PRODUCT,2484,3,0.00121,6.68,chelsea jersey 2026,410,8.19,True
https://www.prosoccer.com/products/puma-2026-27-senegal-mens-pre-match-soccer-jersey,PRODUCT,2480,23,0.00927,10.24,senegal jersey 2026,241,11.40,False
https://www.prosoccer.com/products/puma-2026-27-egypt-mens-stadium-away-soccer-jersey,PRODUCT,2479,6,0.00242,7.63,puma egypt jersey 2026,250,8.69,True
https://www.prosoccer.com/products/puma-future-8-ultimate-firm-ground-soccer-cleats-forever-pack-sp25,PRODUCT,2478,4,0.00161,12.82,puma future 8,423,14.18,True
https://www.prosoccer.com/products/adidas-2025-26-chicago-fire-mens-stadium-away-soccer-jersey,PRODUCT,2457,2,0.00081,10.48,chicago fire away jersey,400,12.83,True
https://www.prosoccer.com/products/adidas-world-cup-2026-pro-official-match-soccer-ball,PRODUCT,2453,3,0.00122,12.36,world cup 2026 ball,46,12.59,True
https://www.prosoccer.com/products/nike-2026-27-france-youth-stadium-home-shorts,PRODUCT,2445,18,0.00736,7.41,france soccer shorts,242,9.22,False
https://www.prosoccer.com/products/nike-2026-27-netherlands-mens-stadium-away-shorts,PRODUCT,2441,14,0.00574,10.58,team netherlands shorts,490,15.94,False
https://www.prosoccer.com/products/adidas-2026-mls-mini-soccer-ball,PRODUCT,2441,2,0.00082,8.51,adidas mini soccer ball,375,8.37,True
https://www.prosoccer.com/products/mexico-2026-home-raul-9-official-name-set,PRODUCT,2439,40,0.01640,6.71,mexico raul 9,422,6.19,False
https://www.prosoccer.com/products/nike-2026-27-uswnt-womens-stadium-home-soccer-jersey,PRODUCT,2434,23,0.00945,9.82,uswnt jersey 2026,410,10.20,False
https://www.prosoccer.com/products/adidas-copa-icon-ii-fg-ag,PRODUCT,2429,15,0.00618,8.76,copa icon 2,316,8.29,False
https://www.prosoccer.com/products/nike-2024-25-barcelona-mens-wintererized-awf-jacket,PRODUCT,2425,0,0.00000,6.22,barcelona jacket,1966,4.95,True
https://www.prosoccer.com/products/uefa-21-25-champion-league-patch-set,PRODUCT,2416,19,0.00786,8.64,champions league patch,921,7.89,False
https://www.prosoccer.com/products/medicaptain-mini-shin-pad-sleeves-with-built-in-shin-guards,PRODUCT,2414,6,0.00249,8.10,built in shin guards,216,5.03,True
https://www.prosoccer.com/products/adidas-2026-world-cup-mens-official-emblem-tee,PRODUCT,2410,7,0.00290,12.74,world cup t shirts 2026,167,19.97,True
https://www.prosoccer.com/collections/retro-soccer-jerseys,COLLECTION,2408,13,0.00540,27.46,retro soccer jerseys,172,43.06,True
https://www.prosoccer.com/products/adidas-2026-germany-womens-stadium-away-cropped-soccer-jersey,PRODUCT,2394,13,0.00543,7.22,germany cropped jersey,190,5.42,False
https://www.prosoccer.com/collections/apparel-women-training-jerseys,COLLECTION,2394,3,0.00125,10.19,women's usa soccer jersey,133,3.06,True
https://www.prosoccer.com/collections/dr-congo-national-soccer-team-jerseys-apparel,COLLECTION,2393,44,0.01839,10.48,congo jersey,148,12.25,True
https://www.prosoccer.com/products/adidas-22-23-arsenal-away-jersey-black,PRODUCT,2390,12,0.00502,9.29,arsenal black jersey,716,1.23,False
https://www.prosoccer.com/products/adidas-2026-mls-nfhs-league-soccer-ball,PRODUCT,2388,1,0.00042,12.12,mls next ball,126,9.91,True
https://www.prosoccer.com/products/puma-2026-27-egypt-youth-stadium-home-soccer-jersey,PRODUCT,2382,18,0.00756,7.76,egypt youth jersey,115,5.57,False
https://www.prosoccer.com/products/mexico-2026-away-raul-9-official-name-set,PRODUCT,2379,34,0.01429,7.68,mexico raul 9,175,8.31,False
https://www.prosoccer.com/products/nike-academy-neck-warmer,PRODUCT,2378,0,0.00000,10.50,nike neck gaiter,309,5.11,True
https://www.prosoccer.com/products/panini-2026-adrenalyn-xl-fifa-world-cup-cards-starter-pack-album-24-cards-le-golden-baller,PRODUCT,2373,6,0.00253,9.52,fifa world cup 2026 cards album,138,10.91,True
https://www.prosoccer.com/products/fifa-real-madrid-intercontinental-champion-2024-gold-patch,PRODUCT,2371,23,0.00970,7.19,fifa gold patch,245,3.91,False
https://www.prosoccer.com/products/nike-tiempo-maestro-elite-limited-edition-firm-ground-soccer-cleats,PRODUCT,2369,3,0.00127,11.93,limited edition soccer cleats,1118,13.50,True
https://www.prosoccer.com/products/fan-ink-collection-usa-soccer-making-history-bucket-hat,PRODUCT,2368,6,0.00253,5.96,usa soccer bucket hat,913,4.38,True
https://www.prosoccer.com/products/adidas-2026-27-minnesota-united-mens-stadium-home-soccer-jersey,PRODUCT,2365,1,0.00042,9.81,minnesota united jersey,578,8.31,True
https://www.prosoccer.com/products/nike-2024-25-usa-womens-stadium-away-jersey,PRODUCT,2363,2,0.00085,10.61,usa women's away jersey,100,10.37,True
https://www.prosoccer.com/products/adidas-2026-northern-ireland-mens-stadium-away-soccer-jersey,PRODUCT,2361,29,0.01228,6.22,northern ireland soccer jersey,323,8.71,False
https://www.prosoccer.com/products/adidas-2026-germany-mens-stadium-away-shorts,PRODUCT,2361,22,0.00932,13.14,germany away shorts,201,4.34,False
https://www.prosoccer.com/products/panini-2025-26-select-la-liga-trading-card-blaster-box-6-packs-each,PRODUCT,2360,29,0.01229,6.93,la liga blaster box,72,3.31,False
https://www.prosoccer.com/products/spain-2026-home-pedri-20-jersey-name-set,PRODUCT,2357,52,0.02206,8.03,pedri 20,109,7.71,False
https://www.prosoccer.com/products/elite-sport-thibault-courtois-685-limited-edition-goalkeeper-gloves,PRODUCT,2357,9,0.00382,7.86,courtois gloves,172,7.95,True
https://www.prosoccer.com/products/topps-2025-26-uefa-champions-league-stickers-box-50-packs-each,PRODUCT,2354,37,0.01572,7.51,champions league sticker album,119,6.36,False
https://www.prosoccer.com/products/adidas-2026-germany-home-baby-kit,PRODUCT,2350,19,0.00809,7.13,baby germany jersey,119,5.97,False
https://www.prosoccer.com/products/adidas-youth-messi-match-shin-guards,PRODUCT,2343,0,0.00000,14.06,messi shin guards,869,15.84,True
https://www.prosoccer.com/products/adidas-2026-colombia-womens-dna-tee,PRODUCT,2342,20,0.00854,7.90,adidas colombia t shirt women,35,5.29,False
https://www.prosoccer.com/products/adidas-copa-zone-cushion-5-otc-socks,PRODUCT,2340,10,0.00427,9.18,adidas copa zone cushion 5 otc socks,648,9.25,True
https://www.prosoccer.com/products/nike-2025-26-barcelona-womens-stadium-home-soccer-jersey,PRODUCT,2335,10,0.00428,7.46,barcelona no sponsor jersey,63,3.08,True
https://www.prosoccer.com/products/nike-2026-27-england-mens-stadium-away-soccer-jersey,PRODUCT,2333,2,0.00086,7.70,england jersey 2026,1233,7.80,True
https://www.prosoccer.com/products/nike-2024-25-brazil-mens-authentic-away-jersey,PRODUCT,2332,8,0.00343,5.73,brazil away jersey,409,4.07,True
https://www.prosoccer.com/products/adidas-2024-25-colombia-mens-training-jersey,PRODUCT,2329,3,0.00129,6.96,colombia training jersey,567,5.12,True
https://www.prosoccer.com/products/adidas-samba-classic-white,PRODUCT,2329,1,0.00043,9.77,adidas samba classic,983,9.29,True
https://www.prosoccer.com/products/adidas-mexico-adilette-tnd-slides-green-white-red,PRODUCT,2325,8,0.00344,7.13,adidas mexico slides,274,7.18,True
https://www.prosoccer.com/products/nike-2026-france-hollywood-keepers-reversible-bucket-hat,PRODUCT,2322,34,0.01464,6.41,france bucket hat,391,6.66,False
https://www.prosoccer.com/products/nike-superfly-11-club-firm-multi-ground-soccer-cleats-breakout-pack-su26,PRODUCT,2321,4,0.00172,7.26,superfly 11,284,5.11,True
https://www.prosoccer.com/products/nike-mens-gardien-v-ls-goalkeeper-jersey,PRODUCT,2319,45,0.01940,7.53,nike goalie jersey,437,10.05,False
https://www.prosoccer.com/products/puma-2026-27-pumas-mens-stadium-away-soccer-jersey,PRODUCT,2318,14,0.00604,6.49,pumas jersey 2026,587,5.48,False
https://www.prosoccer.com/products/adidas-predator-club-fold-over-tongue-firm-multi-ground-soccer-cleats-born-for-goals-sp26,PRODUCT,2314,2,0.00086,7.92,predator club fold-over tongue firm ground/multi ground soccer cleats,66,7.00,True
https://www.prosoccer.com/collections/portugal-hoodies,COLLECTION,2311,1,0.00043,19.26,team portugal hoodies,548,15.71,True
https://www.prosoccer.com/collections/bundesliga,COLLECTION,2301,8,0.00348,8.64,bundesliga jerseys,266,8.54,True
https://www.prosoccer.com/products/puma-portugal-ftblculture-backpack,PRODUCT,2299,13,0.00565,7.18,portugal backpack,696,10.01,False
https://www.prosoccer.com/products/fifa-psg-intercontinental-champion-20245gold-patch,PRODUCT,2291,43,0.01877,5.62,fifa gold patch,134,2.40,False
https://www.prosoccer.com/products/nike-2022-23-fc-barcelona-sleeveless-strike-top-aqua-signal-blue,PRODUCT,2290,24,0.01048,6.86,barcelona sleeveless training top,305,6.69,False
https://www.prosoccer.com/products/adidas-24-referee-jersey,PRODUCT,2289,18,0.00786,8.06,adidas referee jersey,898,7.10,False
https://www.prosoccer.com/products/nike-zoom-superfly-10-academy-indoor-soccer-shoes-max-voltage-pack-ho25,PRODUCT,2284,7,0.00306,10.19,indoor high top soccer shoes,163,18.24,True
https://www.prosoccer.com/products/nike-2024-25-netherlands-youth-stadium-away-jersey,PRODUCT,2283,1,0.00044,3.48,netherlands away jersey,1490,2.23,True
https://www.prosoccer.com/products/adidas-2026-27-seattle-sounders-mens-stadium-home-soccer-jersey,PRODUCT,2282,4,0.00175,8.56,seattle sounders jersey 2026,350,7.32,True
https://www.prosoccer.com/collections/new-arrivals,COLLECTION,2276,3,0.00132,1.61,pro soccer,1419,1.76,True
https://www.prosoccer.com/products/adidas-2024-25-juventus-mens-stadium-away-jersey,PRODUCT,2274,3,0.00132,8.49,juventus away jersey,393,9.22,True
https://www.prosoccer.com/products/adidas-f50-elite-laceless-firm-ground-soccer-cleats-coral-blaze-pack-fa25,PRODUCT,2274,2,0.00088,9.94,laceless soccer cleats,538,15.54,True
https://www.prosoccer.com/products/adidas-2026-wales-youth-stadium-home-soccer-jersey,PRODUCT,2271,3,0.00132,11.31,wales world cup jerseys 2026,440,7.68,True
https://www.prosoccer.com/products/italian-serie-a-2024-25-sleeve-patch,PRODUCT,2266,26,0.01147,5.04,serie a patch,500,3.71,False
https://www.prosoccer.com/products/nike-2024-25-premier-league-hi-vis-flight-match-ball,PRODUCT,2257,15,0.00665,7.32,nike flight ball,549,6.52,False
https://www.prosoccer.com/products/adidas-tiro-26-womens-competition-long-sleeve-goalkeeper-soccer-jersey,PRODUCT,2251,18,0.00800,7.03,adidas tiro 26 goalkeeper jersey,36,6.33,False
https://www.prosoccer.com/collections/2026-fifa-world-cup-cards-stickers,COLLECTION,2251,8,0.00355,9.12,fifa world cup 2026 cards,119,12.42,True
https://www.prosoccer.com/products/nike-phantom-6-low-elite-firm-ground-soccer-cleats-attack-pack-sp26,PRODUCT,2251,5,0.00222,6.91,nike phantom 6 attack pack,175,3.08,True
https://www.prosoccer.com/products/nike-2026-australia-mens-stadium-away-soccer-jersey,PRODUCT,2250,33,0.01467,8.11,australia away kit 2026,140,8.68,False
https://www.prosoccer.com/products/joma-2023-24-romania-stadium-home-jersey,PRODUCT,2246,6,0.00267,6.45,romania jersey,548,6.40,True
https://www.prosoccer.com/products/nike-2026-27-uruguay-youth-stadium-home-soccer-jersey,PRODUCT,2245,5,0.00223,7.85,uruguay jersey,658,4.88,True
https://www.prosoccer.com/products/spain-flag,PRODUCT,2240,15,0.00670,5.35,spain soccer flag,748,5.02,False
https://www.prosoccer.com/collections/nike-heat-up-pack,COLLECTION,2239,4,0.00179,7.23,nike phantom 6 elite,248,8.78,True
https://www.prosoccer.com/products/adidas-kids-predator-club-sala-indoor-soccer-shoes-born-for-goals-pack-sp26,PRODUCT,2237,8,0.00358,9.88,adidas predator club kids' indoor sala soccer shoes,71,6.75,True
https://www.prosoccer.com/products/nike-classic-knee-high-socks,PRODUCT,2234,11,0.00492,11.67,nike classic ii over-the-calf socks,111,12.23,True
https://www.prosoccer.com/products/puma-2025-26-orbita-la-liga-1-fifa-quality-pro-ball,PRODUCT,2231,5,0.00224,9.23,puma orbita 1,202,10.31,True
https://www.prosoccer.com/collections/kids-soccer-socks,COLLECTION,2228,6,0.00269,23.19,kids soccer socks,213,34.11,True
https://www.prosoccer.com/products/umbro-2025-26-el-salvador-mens-third-pre-match-soccer-jersey,PRODUCT,2226,18,0.00809,8.94,el salvador soccer jersey,1004,9.45,False
https://www.prosoccer.com/collections/womens-soccer-socks,COLLECTION,2219,3,0.00135,16.88,womens soccer socks,264,19.81,True
https://www.prosoccer.com/products/nike-phantom-6-high-club-turf-soccer-shoes-shadow-pack-fa25,PRODUCT,2215,11,0.00497,9.53,phantom 6 turf,208,7.07,True
https://www.prosoccer.com/products/2025-club-legacyz-icons-2nd-edition-trading-cards-hobby-box-6-packs-each,PRODUCT,2211,11,0.00498,6.97,icons football cards,206,5.58,False
https://www.prosoccer.com/products/nike-2026-usmnt-youth-authentic-home-soccer-jersey,PRODUCT,2210,10,0.00452,10.11,usmnt youth jersey,823,10.18,True
https://www.prosoccer.com/products/umbro-2024-25-fluminense-mens-stadium-home-jersey,PRODUCT,2196,13,0.00592,7.90,fluminense jersey,721,7.12,False
https://www.prosoccer.com/products/adidas-2026-argentina-mens-messi-name-and-number-tee,PRODUCT,2195,2,0.00091,5.53,argentina messi number,70,7.16,True
https://www.prosoccer.com/products/nike-2022-23-psg-strike-woven-anthem-jacket-midnight-navy-white,PRODUCT,2189,21,0.00959,5.34,psg windbreaker,664,4.23,False
https://www.prosoccer.com/collections/official-licensed-soccer-jerseys,COLLECTION,2185,21,0.00961,14.32,authentic soccer jerseys,72,28.33,True
https://www.prosoccer.com/pages/summer-2026-headquarters,PAGE,2175,9,0.00414,7.49,prosoccer.com reviews,85,7.34,True
https://www.prosoccer.com/blogs/blog/best-soccer-gift-ideas,BLOG,2175,8,0.00368,20.15,soccer gifts,245,29.92,True
https://www.prosoccer.com/products/new-balance-442-v2-team-turf-2e-wide-black-white,PRODUCT,2174,16,0.00736,7.70,new balance 442 v2 team turf 2e wide,19,8.79,False
https://www.prosoccer.com/products/adidas-2026-fifa-world-cup-mens-host-city-los-angeles-tee,PRODUCT,2172,17,0.00783,8.83,fifa los angeles shirt,118,6.64,False
https://www.prosoccer.com/products/usmnt-2026-home-pepi-9-official-name-set,PRODUCT,2167,159,0.07337,6.95,usmnt name,144,10.47,False
https://www.prosoccer.com/products/adidas-kids-f50-messi-club-firm-multi-ground-soccer-cleats-messi-hora-dorada-pack-sp26,PRODUCT,2167,1,0.00046,9.36,messi f50 cleats kids,41,5.63,True
https://www.prosoccer.com/products/adidas-2025-26-club-america-mens-stadium-home-long-sleeve-soccer-jersey,PRODUCT,2165,4,0.00185,6.53,america jersey 2025,257,2.95,True
https://www.prosoccer.com/products/adidas-2026-colombia-home-mini-soccer-ball,PRODUCT,2164,76,0.03512,8.07,colombia soccer ball,315,9.40,False
https://www.prosoccer.com/products/france-2026-away-mbappe-10-official-name-set,PRODUCT,2163,181,0.08368,4.72,mbappe nameset,50,3.02,False
https://www.prosoccer.com/products/nike-2026-27-france-youth-stadium-away-soccer-jersey,PRODUCT,2163,6,0.00277,9.26,france youth jersey,519,10.13,True
https://www.prosoccer.com/products/logo-brands-2026-fifa-world-cup-mexico-flag-keychain,PRODUCT,2156,7,0.00325,7.97,mexico soccer keychain,114,10.45,True
https://www.prosoccer.com/pages/profile,PAGE,2156,2,0.00093,2.74,pro soccer pasadena,986,1.86,True
https://www.prosoccer.com/products/nike-2026-uruguay-club-cap,PRODUCT,2154,33,0.01532,22.59,uruguay world cup caps 2026,330,34.41,False
https://www.prosoccer.com/products/nike-2026-27-usmnt-mens-crest-tee-1,PRODUCT,2151,4,0.00186,7.88,nike usmnt 2026 t-shirt,298,10.75,True
https://www.prosoccer.com/products/puma-2026-27-portugal-mens-king-anthem-jacket-1,PRODUCT,2143,10,0.00467,7.79,portugal world cup jackets 2026,304,16.39,True
https://www.prosoccer.com/products/nike-premier-iii-fg-2,PRODUCT,2142,2,0.00093,8.40,nike premier 3,507,7.89,True
https://www.prosoccer.com/products/puma-future-9-match-firm-artificial-ground-soccer-cleats-showtime-pack-sp26,PRODUCT,2140,4,0.00187,8.77,puma future 9,149,12.88,True
https://www.prosoccer.com/products/barcelona-2024-ucl-starball-5-times-winner-uefa-foundation-patch-set,PRODUCT,2139,22,0.01029,5.83,ucl patch,140,7.76,False
https://www.prosoccer.com/collections/coaching-accessories,COLLECTION,2137,1,0.00047,30.92,soccer coach accessories,105,13.56,True
https://www.prosoccer.com/products/adidas-2026-japan-mens-authentic-home-soccer-jersey,PRODUCT,2136,20,0.00936,8.54,men's japan soccer jersey 2026,165,9.55,False
https://www.prosoccer.com/collections/brazil-jerseys,COLLECTION,2127,16,0.00752,12.18,brazil soccer jersey,183,16.97,True
https://www.prosoccer.com/collections/adidas-x,COLLECTION,2124,0,0.00000,22.46,adidas x soccer cleats,530,20.77,True
https://www.prosoccer.com/products/puma-portugal-ftblculture-mini-soccer-ball,PRODUCT,2121,7,0.00330,9.60,portugal soccer ball,553,11.31,True
https://www.prosoccer.com/products/nike-2026-brazil-rise-trucker-hat,PRODUCT,2119,57,0.02690,6.22,nike brazil hat,145,7.55,False
https://www.prosoccer.com/products/adidas-2022-23-bayern-munich-third-jersey-black-red,PRODUCT,2104,11,0.00523,4.79,bayern black kit,197,1.20,True
https://www.prosoccer.com/products/puma-2024-25-serbia-stadium-away-jersey,PRODUCT,2104,11,0.00523,7.69,serbia away uniforms,106,6.50,True
https://www.prosoccer.com/collections/match-balls,COLLECTION,2104,7,0.00333,11.32,puma orbita soccer ball,44,9.43,True
https://www.prosoccer.com/products/adidas-2023-24-la-galaxy-authentic-away-jersey-mystery-green-team-gold,PRODUCT,2102,2,0.00095,6.40,la galaxy away jersey,643,5.15,True
https://www.prosoccer.com/products/adidas-2026-27-la-galaxy-mens-stadium-home-soccer-jersey,PRODUCT,2100,5,0.00238,7.10,la galaxy home jersey,324,7.90,True
https://www.prosoccer.com/products/chivas-2025-26-home-a-gonzalez-34-official-name-set,PRODUCT,2094,48,0.02292,7.13,chivas hormiga jersey,124,8.13,False
https://www.prosoccer.com/products/nike-2026-korea-mens-dri-fit-energy-soccer-jersey,PRODUCT,2091,104,0.04974,6.69,korea energy jersey,146,2.50,False
https://www.prosoccer.com/products/fifa-world-cup-2026-amplified-mini-soccer-ball,PRODUCT,2087,19,0.00910,8.44,fifa 2026 mini soccer ball,15,9.60,False
https://www.prosoccer.com/collections/benches,COLLECTION,2082,1,0.00048,24.19,soccer benches,190,13.64,True
https://www.prosoccer.com/products/adidas-2026-italy-mens-away-originals-anthem-jacket,PRODUCT,2079,4,0.00192,12.19,italy world cup jackets 2026,482,21.95,True
https://www.prosoccer.com/products/adidas-2026-argentina-mens-world-cup-hjh-tee,PRODUCT,2078,1,0.00048,14.83,argentina world cup t shirts 2026,331,25.56,True
https://www.prosoccer.com/products/adidas-2026-mexico-mens-home-anthem-jacket,PRODUCT,2074,4,0.00193,5.97,adidas mexico jacket 2026,675,4.68,True
https://www.prosoccer.com/products/umbro-2023-24-guatemala-pre-match-jersey-black,PRODUCT,2072,2,0.00097,6.47,guatemala jersey,577,7.47,True
https://www.prosoccer.com/products/adidas-predator-pro-turf-goal-hunter-pack-ho24,PRODUCT,2070,13,0.00628,5.50,adidas predator pro turf,639,4.74,False
https://www.prosoccer.com/blogs/blog,BLOG,2068,4,0.00193,24.92,soccer ball,88,2.81,True
https://www.prosoccer.com/products/nike-zm-superfly-10-elite-fg-mad-energy-pack-sp25,PRODUCT,2067,2,0.00097,8.60,zm superfly 10 elite fg,1078,6.70,True
https://www.prosoccer.com/products/adidas-2026-mls-training-soccer-ball,PRODUCT,2059,1,0.00049,10.38,mls ball 2026,272,2.49,True
https://www.prosoccer.com/products/adidas-2024-25-belgium-mens-stadium-away-jersey,PRODUCT,2054,12,0.00584,8.70,belgium tintin jersey,1059,7.82,False
https://www.prosoccer.com/products/new-balance-tekela-elite-low-laced-v5-2e-wide-firm-ground-soccer-cleats-cause-and-effect-pack-fa25,PRODUCT,2048,8,0.00391,9.00,new balance tekela wide,115,8.61,True
https://www.prosoccer.com/products/puma-2026-27-ivory-coast-mens-pre-match-soccer-jersey,PRODUCT,2044,25,0.01223,8.09,ivory coast jersey 2026,120,10.64,False
https://www.prosoccer.com/products/nike-zoom-vapor-16-elite-lv8-firm-ground-soccer-cleats-rivalry-pack-su26,PRODUCT,2044,5,0.00245,6.37,nike showtime pack,233,5.79,True
https://www.prosoccer.com/collections/jordan-national-soccer-team-jerseys-apparel,COLLECTION,2039,53,0.02599,12.33,jordan soccer jersey,101,14.65,True
https://www.prosoccer.com/products/nike-2026-27-canada-mens-stadium-third-soccer-jersey,PRODUCT,2037,4,0.00196,6.96,canada soccer jersey 2026,554,8.64,True
https://www.prosoccer.com/products/adidas-2026-27-bayern-munich-mens-stadium-home-soccer-jersey,PRODUCT,2037,3,0.00147,6.42,bayern munich jersey 2026,69,2.30,True
https://www.prosoccer.com/products/adidas-2025-26-bayern-munich-mens-stadium-home-long-sleeve-soccer-jersey,PRODUCT,2028,10,0.00493,7.58,bayern munich long sleeve jersey,49,7.55,True
https://www.prosoccer.com/products/puma-king-liga-turf-soccer-shoes-king-classic-pack-sp26,PRODUCT,2028,5,0.00247,5.90,puma king turf,493,3.53,True
https://www.prosoccer.com/products/puma-2026-27-portugal-mens-ftblculture-hoodie,PRODUCT,2025,2,0.00099,24.58,portugal world cup hoodies 2026,286,23.59,True
https://www.prosoccer.com/products/nike-zoom-vapor-16-elite-firm-ground-soccer-cleats-scary-good-pack-fa25,PRODUCT,2024,12,0.00593,5.35,scary good cleats,104,2.36,True
https://www.prosoccer.com/products/nike-premier-iii-firm-ground-soccer-cleats-2,PRODUCT,2024,4,0.00198,9.48,nike premier,667,8.37,True
https://www.prosoccer.com/products/adidas-f50-hyperfast-evo-firm-ground-soccer-cleats,PRODUCT,2022,3,0.00148,8.46,f50 evo,37,7.84,True
https://www.prosoccer.com/products/nike-2026-uruguay-womens-stadium-home-soccer-jersey,PRODUCT,2018,12,0.00595,8.25,uruguay soccer jersey 2026,138,10.94,True
https://www.prosoccer.com/products/nike-2021-22-usa-women-away-jersey-navy-red,PRODUCT,2018,6,0.00297,11.98,soccer shirts women,160,13.08,True
https://www.prosoccer.com/products/nike-2026-27-usmnt-mens-stadium-home-nn-soccer-jersey,PRODUCT,2014,31,0.01539,7.81,iu0667-133,174,4.29,False
https://www.prosoccer.com/products/new-balance-2025-26-lille-mens-stadium-home-soccer-jersey,PRODUCT,2011,19,0.00945,7.61,lille jersey,237,8.60,False
https://www.prosoccer.com/products/nike-2024-25-barcelona-mens-authentic-away-jersey,PRODUCT,2010,17,0.00846,4.64,away barcelona jersey,351,3.34,False
https://www.prosoccer.com/products/adidas-2026-mexico-mens-dna-polo,PRODUCT,2007,4,0.00199,11.74,mexico world cup polo 2026,355,17.96,True
https://www.prosoccer.com/products/adidas-predator-pro-fold-over-tongue-turf-soccer-shoes-born-for-goals-pack-sp26,PRODUCT,2007,4,0.00199,7.66,predator pro fold-over tongue turf soccer shoes,89,8.12,True
https://www.prosoccer.com/products/adidas-copa-pure-iii-elite-firm-ground-soccer-cleats-road-to-glory-pack-fa25,PRODUCT,2007,1,0.00050,7.92,road to glory cleats,130,8.62,True
https://www.prosoccer.com/products/adidas-2025-mexico-mens-de-oro-track-pants,PRODUCT,2006,7,0.00349,15.45,mexico world cup pants,367,14.58,True
https://www.prosoccer.com/products/nike-tiempo-maestro-elite-lv8-firm-ground-soccer-cleats-heat-up-pack-su26,PRODUCT,1989,6,0.00302,7.65,nike tiempo maestro elite lv8 fg soccer cleats,75,7.68,True
https://www.prosoccer.com/products/adidas-2026-colombia-womens-stadium-home-cropped-soccer-jersey,PRODUCT,1987,12,0.00604,9.08,colombia cropped jersey,98,10.08,False
https://www.prosoccer.com/collections/nico-williams,COLLECTION,1985,9,0.00453,9.97,nico williams jersey,646,10.42,True
https://www.prosoccer.com/products/puma-2025-26-orbita-match-premier-league-thrill-soccer-ball,PRODUCT,1983,7,0.00353,8.49,puma orbita premier league ball,35,10.06,True
https://www.prosoccer.com/products/adidas-2026-belgium-mens-originals-shorts,PRODUCT,1981,8,0.00404,18.53,belgium world cup shorts,301,21.23,True
https://www.prosoccer.com/products/nike-2022-23-netherlands-womens-away-jersey-deep-royal-blue,PRODUCT,1980,8,0.00404,4.54,netherlands blue jersey,198,1.68,True
https://www.prosoccer.com/products/adidas-2025-26-liverpool-mens-authentic-away-soccer-jersey,PRODUCT,1977,0,0.00000,6.90,mens liverpool jersey,76,9.99,True
https://www.prosoccer.com/collections/2026-national-team-whistles-and-lanyards,COLLECTION,1973,25,0.01267,7.97,world cup lanyard,172,9.49,True
https://www.prosoccer.com/collections/women,COLLECTION,1972,7,0.00355,17.94,womens soccer clothing,306,23.51,True
https://www.prosoccer.com/products/adidas-2022-23-arsenal-womens-third-jersey-clear-pink,PRODUCT,1962,8,0.00408,5.22,arsenal pink jersey,500,2.99,True
https://www.prosoccer.com/products/nike-phantom-6-high-elite-firm-ground-soccer-cleats-nike-united-003-ho25,PRODUCT,1957,14,0.00715,9.10,nike phantom 6 high elite,46,8.43,False
https://www.prosoccer.com/products/colombia-2026-away-luis-diaz-7-youth-official-jersey-name-set,PRODUCT,1951,10,0.00513,7.34,luis diaz 7,38,4.24,True
https://www.prosoccer.com/products/puma-2026-27-ac-milan-mens-stadium-home-long-sleeve-soccer-jersey,PRODUCT,1948,7,0.00359,6.56,ac milan long sleeve jersey,211,5.36,True
https://www.prosoccer.com/blogs/jerseys/best-soccer-jerseys,BLOG,1947,5,0.00257,29.17,best soccer jerseys,101,31.92,True
https://www.prosoccer.com/products/nike-2026-usmnt-mens-authentic-home-player-soccer-jersey,PRODUCT,1942,39,0.02008,9.83,usmnt home jersey 2026,128,10.99,False
https://www.prosoccer.com/products/adidas-2026-colombia-youth-away-pre-match-soccer-jersey,PRODUCT,1942,3,0.00154,8.14,colombia pre match jersey,79,4.57,True
https://www.prosoccer.com/products/adidas-predator-pro-turf-pure-victory-pack-sp25,PRODUCT,1942,3,0.00154,6.21,adidas predator pro turf,453,5.06,True
https://www.prosoccer.com/products/nike-pro-long-sleeve-compression-top,PRODUCT,1942,3,0.00154,8.95,nike long sleeve compression shirt,573,9.56,True
https://www.prosoccer.com/products/mizuno-morelia-neo-iv-beta-elite-firm-ground-soccer-cleats,PRODUCT,1933,5,0.00259,10.10,mizuno morelia neo iv beta,219,10.20,True
https://www.prosoccer.com/collections/apparel-women-hoodies,COLLECTION,1930,1,0.00052,10.42,girls soccer sweatshirts,277,12.21,True
https://www.prosoccer.com/products/adidas-2026-argentina-mens-originals-tee,PRODUCT,1929,4,0.00207,7.73,argentina t shirt 2026,72,6.67,True
https://www.prosoccer.com/products/adidas-2026-27-club-america-mens-stadium-soccer-jersey,PRODUCT,1928,0,0.00000,5.46,jersey america 2026,200,6.31,True
https://www.prosoccer.com/blogs/news/soccer-gear-on-sale-vs-new-arrivals,BLOG,1921,17,0.00885,6.53,is it smarter to buy last season's top-tier cleats at a discount?,90,4.21,True
https://www.prosoccer.com/products/nike-phantom-6-high-club-turf-soccer-shoes-attack-pack-sp26,PRODUCT,1913,1,0.00052,12.95,soccer shoes no cleats,1514,14.06,True
https://www.prosoccer.com/products/adidas-2026-argentina-youth-pre-match-soccer-jersey,PRODUCT,1911,1,0.00052,8.00,argentina pre match jersey 2026,757,6.67,True
https://www.prosoccer.com/products/ball-launcher-trainer-launch-speed-boost-plug-in-auto-ball-feeder,PRODUCT,1910,6,0.00314,16.31,soccer ball launcher machine,71,19.18,True
https://www.prosoccer.com/products/floofball-floofa-world-cup-trophy-dog-toy-8x3,PRODUCT,1905,11,0.00577,6.63,world cup dog toy,286,6.23,True
https://www.prosoccer.com/products/adidas-2026-spain-womens-originals-dress,PRODUCT,1901,32,0.01683,5.50,spain dress 2026,95,3.29,False
https://www.prosoccer.com/products/adidas-2020-21-real-madrid-authentic-away-jersey-pink,PRODUCT,1900,4,0.00211,9.27,pink soccer jersey real madrid,136,8.75,True
https://www.prosoccer.com/products/nike-tiempo-streetgato-prm-indoor-soccer-shoes-sp26,PRODUCT,1898,4,0.00211,7.71,nike tiempo streetgato prm,333,8.16,True
https://www.prosoccer.com/blogs/news/best-soccer-fan-accessories,BLOG,1894,10,0.00528,7.17,what top accessories should every peñarol fan have?,100,3.21,True
https://www.prosoccer.com/products/nike-2025-usa-mens-authentic-away-soccer-jersey,PRODUCT,1893,45,0.02377,10.45,usa jersey 2025,53,4.94,False
https://www.prosoccer.com/collections/apparel-youth-apparel-training-tops,COLLECTION,1892,3,0.00159,12.96,nike youth training tops,145,9.28,True
https://www.prosoccer.com/products/umbro-2024-25-c-d-fas-mens-stadium-home-jersey,PRODUCT,1890,35,0.01852,6.50,cd fas jersey,457,6.47,False
https://www.prosoccer.com/products/adidas-2026-spain-home-baby-kit,PRODUCT,1890,7,0.00370,8.50,baby spain jersey,167,10.17,True
https://www.prosoccer.com/products/nike-202-uswnt-womens-df-anthem-jacket,PRODUCT,1889,9,0.00476,6.54,nike anthem jacket 2026,458,4.75,True
https://www.prosoccer.com/products/adidas-2024-25-jamaica-womens-stadium-away-jersey,PRODUCT,1886,23,0.01220,6.95,jamaica jersey women,126,7.03,False
https://www.prosoccer.com/products/adidas-2026-mexico-mens-stadium-home-long-sleeve-soccer-jersey,PRODUCT,1882,2,0.00106,7.52,mexico jersey 2026 long sleeve,316,5.24,True
https://www.prosoccer.com/products/adidas-2024-25-inter-miami-mens-messi-10-stadium-home-jersey,PRODUCT,1879,7,0.00373,10.37,messi inter miami jersey,102,14.00,True
https://www.prosoccer.com/collections/saudi-arabia-national-soccer-team-jerseys-apparel,COLLECTION,1875,12,0.00640,12.80,saudi jersey,126,11.63,True
https://www.prosoccer.com/products/adidas-kids-f50-messi-club-firm-multi-ground-soccer-cleats-messi-vision-pack-fa25,PRODUCT,1871,1,0.00053,11.56,messi kids cleats,164,12.81,True
https://www.prosoccer.com/products/adidas-2026-belgium-mens-home-pre-match-soccer-jersey,PRODUCT,1868,5,0.00268,7.83,belgium pre match jersey,225,5.04,True
https://www.prosoccer.com/collections/2026-national-team-jerseys-apparel,COLLECTION,1864,18,0.00966,10.84,dominican republic soccer jersey 2026,56,10.79,True
https://www.prosoccer.com/products/nike-2026-27-chivas-womens-stadium-home-soccer-jersey,PRODUCT,1864,4,0.00215,7.57,chivas jersey 2026,723,7.16,True
https://www.prosoccer.com/products/joma-2025-26-brentford-mens-stadium-away-soccer-jersey,PRODUCT,1863,32,0.01718,6.95,brentford soccer jersey,50,6.08,False
https://www.prosoccer.com/products/wincraft-mexico-national-soccer-team-2-sided-garden-flag-12-5-x-18,PRODUCT,1860,32,0.01720,6.42,mexico soccer flag,355,5.85,False
https://www.prosoccer.com/products/adidas-2026-argentina-home-socks,PRODUCT,1858,14,0.00753,7.22,argentina socks,236,5.99,False
https://www.prosoccer.com/blogs/skill-development/soccer-positions-player-roles-basic-formations,BLOG,1858,3,0.00161,18.33,soccer positions,87,31.77,True
https://www.prosoccer.com/products/adidas-2022-23-lafc-home-jersey-black-gold,PRODUCT,1849,4,0.00216,6.30,black soccer jersey,335,9.97,True
https://www.prosoccer.com/collections/apparel-women-training-tops,COLLECTION,1837,4,0.00218,9.58,women's football drill top,44,24.98,True
https://www.prosoccer.com/products/nike-womens-gardien-vi-long-sleeve-goalkeeper-soccer-jersey,PRODUCT,1836,20,0.01089,5.61,nike gardien vi goalkeeper jersey,117,3.48,False
https://www.prosoccer.com/products/mexico-flag,PRODUCT,1832,12,0.00655,7.74,mexico soccer flag,471,8.05,True
https://www.prosoccer.com/products/puma-ultra-6-ultimate-firm-ground-soccer-cleats-unleashed-pack-sp26,PRODUCT,1829,1,0.00055,12.17,puma ultra 6,133,10.20,True
https://www.prosoccer.com/collections/storelli-products,COLLECTION,1826,8,0.00438,9.13,storelli,577,7.98,True
https://www.prosoccer.com/products/adidas-2026-27-portland-timbers-mens-stadium-away-soccer-jersey,PRODUCT,1824,5,0.00274,8.55,portland timbers away jersey,452,6.52,True
https://www.prosoccer.com/products/nike-2026-27-usmnt-academy-backpack,PRODUCT,1816,36,0.01982,7.20,usmnt backpack,209,5.92,False
https://www.prosoccer.com/products/nike-2022-23-portugal-long-sleeve-pre-match-jersey,PRODUCT,1813,44,0.02427,7.26,portugal jersey 2022,206,10.19,False
https://www.prosoccer.com/products/macron-2024-25-udinese-calcio-mens-authentic-away-jersey,PRODUCT,1810,10,0.00552,7.03,udinese jersey,511,6.13,True
https://www.prosoccer.com/products/nike-strike-crew-wc22-team-socks,PRODUCT,1809,22,0.01216,8.65,nike strike crew socks,244,9.33,False
https://www.prosoccer.com/products/select-derbystar-bundesliga-brilliant-official-match-ball,PRODUCT,1807,9,0.00498,11.36,bundesliga ball,217,10.34,True
https://www.prosoccer.com/products/adidas-tango-glider-soccer-ball-white-black,PRODUCT,1807,0,0.00000,15.31,glider soccer ball,449,13.44,True
https://www.prosoccer.com/products/nike-2026-france-hollywood-keepers-club-cap,PRODUCT,1805,33,0.01828,10.34,france world cup caps 2026,161,24.26,False
https://www.prosoccer.com/products/adidas-2026-argentina-kids-home-mini-kit,PRODUCT,1805,3,0.00166,8.64,kids' argentina jersey 2026,99,9.25,True
https://www.prosoccer.com/products/nike-2026-27-brazil-mens-strike-kpz-pants,PRODUCT,1803,2,0.00111,12.40,brazil world cup pants 2026,575,10.01,True
https://www.prosoccer.com/products/nike-womens-park-iii-shorts,PRODUCT,1794,7,0.00390,10.00,nike park iii shorts,131,12.31,True
https://www.prosoccer.com/products/adidas-2026-italy-womens-stadium-home-cropped-soccer-jersey,PRODUCT,1790,8,0.00447,7.80,italy cropped jersey,102,4.94,True
https://www.prosoccer.com/products/puma-portugal-ftblculture-adjustable-hat,PRODUCT,1784,8,0.00448,12.61,portugal hat,410,4.79,True
https://www.prosoccer.com/products/adidas-2026-27-new-york-city-fc-mens-stadium-away-soccer-jersey,PRODUCT,1782,1,0.00056,10.19,new york soccer jersey,129,10.20,True
https://www.prosoccer.com/products/adidas-2023-24-real-madrid-womens-stadium-home-jersey,PRODUCT,1779,2,0.00112,9.82,women's real madrid jersey,307,9.36,True
https://www.prosoccer.com/products/adidas-2026-27-arsenal-mens-authentic-home-long-sleeve-soccer-jersey,PRODUCT,1777,4,0.00225,7.45,adidas arsenal 2026-27 originals,127,10.28,True
https://www.prosoccer.com/collections/reusch-goalkeeper-gloves,COLLECTION,1776,22,0.01239,15.92,reusch goalkeeper gloves,439,20.65,True
https://www.prosoccer.com/products/adidas-2026-mexico-baseball-cap-3-stripes,PRODUCT,1776,12,0.00676,9.07,mexico 26 baseball cap with 3 stripes,152,6.08,False
https://www.prosoccer.com/products/adidas-2026-spain-mens-dna-polo,PRODUCT,1776,12,0.00676,12.33,spain world cup polo,252,24.96,False
https://www.prosoccer.com/products/nike-2023-portland-thorns-pre-match-training-jersey-black-red,PRODUCT,1774,13,0.00733,9.37,portland thorns jersey,1147,10.72,False
https://www.prosoccer.com/products/adidas-copa-pure-iii-pro-turf-soccer-shoes-coral-blaze-pack-fa25,PRODUCT,1774,8,0.00451,11.24,copa turf shoes,156,17.28,True
https://www.prosoccer.com/collections/laufa,COLLECTION,1772,2,0.00113,5.95,laufa,1622,5.87,True
https://www.prosoccer.com/products/adidas-2024-25-manchester-united-mens-stadium-home-jersey,PRODUCT,1769,3,0.00170,14.39,man united shirt 24 25,106,17.63,True
https://www.prosoccer.com/products/adidas-2026-italy-youth-stadium-home-soccer-jersey,PRODUCT,1765,2,0.00113,9.31,italy soccer jersey youth,131,14.61,True
https://www.prosoccer.com/collections/2026-tournament-soccer-cleats,COLLECTION,1764,7,0.00397,10.35,new soccer cleats 2026,29,18.72,True
https://www.prosoccer.com/products/nike-zoom-superfly-10-elite-artificial-grass-pro-soccer-cleats-max-voltage-pack-ho25,PRODUCT,1756,0,0.00000,5.98,artificial grass cleats,1288,5.98,True
https://www.prosoccer.com/products/adidas-2024-25-spain-womens-stadium-away-jersey,PRODUCT,1755,6,0.00342,7.38,spain away jersey,95,3.39,True
https://www.prosoccer.com/products/adidas-tiro-26-mens-league-shorts,PRODUCT,1755,5,0.00285,8.69,tiro 26,177,6.86,True
https://www.prosoccer.com/products/adidas-2026-argentina-youth-pants,PRODUCT,1752,0,0.00000,14.22,argentina world cup pants 2026,502,14.99,True
https://www.prosoccer.com/products/adidas-2026-germany-mens-originals-track-top,PRODUCT,1751,6,0.00343,7.11,germany originals track top,133,4.37,True
https://www.prosoccer.com/products/adidas-2026-italy-mens-home-shorts,PRODUCT,1750,9,0.00514,11.15,italy soccer shorts,127,10.88,True
https://www.prosoccer.com/blogs/goalkeeper/how-to-measure-your-goalie-glove-size,BLOG,1750,0,0.00000,42.10,goalie glove size chart,65,49.17,True
https://www.prosoccer.com/products/nike-liverpool-mens-away-tech-fleece-windrunner-full-zip-hoodie,PRODUCT,1749,19,0.01086,6.73,liverpool nike tech,412,7.83,False
https://www.prosoccer.com/products/adidas-copa-pure-iv-league-firm-ground-soccer-cleats-ice-cold-precision-pack-sp26,PRODUCT,1749,0,0.00000,7.15,copa pure iv league,267,5.50,True
https://www.prosoccer.com/products/adidas-2022-23-argentina-home-shorts-black-white,PRODUCT,1746,9,0.00515,7.95,argentina soccer shorts,780,9.01,True
https://www.prosoccer.com/products/adidas-2026-argentina-backpack,PRODUCT,1745,23,0.01318,6.05,argentina backpack,525,5.64,False
https://www.prosoccer.com/products/puma-2025-26-manchester-city-mens-authentic-away-soccer-jersey,PRODUCT,1738,18,0.01036,8.82,manchester city away jersey 2025/26,99,6.87,False
https://www.prosoccer.com/products/adidas-2026-belgium-youth-stadium-away-soccer-jersey,PRODUCT,1738,13,0.00748,8.37,belgium away jersey 2026,74,7.55,False
https://www.prosoccer.com/products/adidas-f50-elite-firm-ground-soccer-cleats-radiant-blaze-pack-fa25,PRODUCT,1736,9,0.00518,7.02,f50 radiant blaze,356,7.58,True
https://www.prosoccer.com/products/adidas-2025-26-manchester-united-scarf,PRODUCT,1733,9,0.00519,10.46,manchester united scarf,632,10.03,True
https://www.prosoccer.com/products/adidas-2026-27-austin-fc-mens-stadium-away-soccer-jersey,PRODUCT,1732,0,0.00000,8.18,austin fc jersey 2026,310,6.11,True
https://www.prosoccer.com/collections,OTHER,1729,1,0.00058,7.16,prosoccer,911,1.07,True
https://www.prosoccer.com/products/adidas-kids-predator-club-turf-soccer-shoes-electric-stealth-pack-fa25,PRODUCT,1726,1,0.00058,9.28,adidas predator youth turf,248,7.19,True
https://www.prosoccer.com/products/adidas-creator-365-crew-socks,PRODUCT,1724,7,0.00406,9.48,adidas creator 365 socks,486,9.32,True
https://www.prosoccer.com/products/adidas-2026-27-sporting-kansas-city-mens-stadium-away-soccer-jersey,PRODUCT,1721,2,0.00116,9.44,sporting kansas city away jersey,409,9.86,True
https://www.prosoccer.com/products/adidas-2026-italy-mens-away-pre-match-soccer-jersey,PRODUCT,1719,4,0.00233,6.45,italy football jersey 2026,194,3.32,True
https://www.prosoccer.com/products/adidas-f50-elite-firm-ground-soccer-cleats-coral-blaze-pack-fa25,PRODUCT,1719,2,0.00116,6.64,adidas f50 elite,236,6.61,True
https://www.prosoccer.com/products/adidas-2026-mls-pro-soccer-ball,PRODUCT,1718,2,0.00116,8.70,mls pro soccer ball,153,5.22,True
https://www.prosoccer.com/products/adidas-2026-colombia-mens-dna-tee,PRODUCT,1718,1,0.00058,6.42,colombia tee,352,5.95,True
https://www.prosoccer.com/products/adidas-2022-23-mexico-youth-away-jersey,PRODUCT,1717,23,0.01340,7.60,mexico away jersey 2022,123,8.08,False
https://www.prosoccer.com/collections/adidas-2025-mexico-de-oro,COLLECTION,1716,24,0.01399,12.09,mexico de oro jersey,418,10.92,True
https://www.prosoccer.com/products/puma-2026-egypt-trucker-hat,PRODUCT,1714,29,0.01692,7.58,egypt world cup hat,189,7.53,False
https://www.prosoccer.com/products/real-madrid-2026-official-calendar,PRODUCT,1710,1,0.00058,8.17,real madrid schedule 2026,328,11.99,True
https://www.prosoccer.com/products/new-balance-kids-442-v2-academy-fg-wide,PRODUCT,1708,2,0.00117,12.18,kids wide soccer cleats,187,17.96,True
https://www.prosoccer.com/collections/2026-national-team-soccer-flags,COLLECTION,1705,23,0.01349,10.76,world cup 2026 flags,72,23.82,True
https://www.prosoccer.com/pages/gift-cards,PAGE,1705,2,0.00117,14.27,prosoccer,1452,12.83,True
https://www.prosoccer.com/products/adidas-f50-messi-elite-firm-ground-soccer-cleats-messi-hora-dorada-pack-sp26,PRODUCT,1704,5,0.00293,6.90,adidas vapor cleats,145,8.70,True
https://www.prosoccer.com/products/puma-portugal-ftblculture-soccer-ball,PRODUCT,1697,5,0.00295,11.14,portugal soccer ball,373,11.51,True
https://www.prosoccer.com/products/nike-phantom-dynamic-fit-goalkeeper-gloves-1,PRODUCT,1696,10,0.00590,7.59,nike dynamic fit goalkeeper gloves,65,9.75,True
https://www.prosoccer.com/products/joma-2025-26-villareal-mens-stadium-home-soccer-jersey,PRODUCT,1695,15,0.00885,7.27,villareal jersey,457,6.31,False
https://www.prosoccer.com/products/adidas-tiro-competition-soccer-ball,PRODUCT,1694,4,0.00236,9.64,adidas competition soccer ball,158,7.80,True
https://www.prosoccer.com/collections/nike-mad-ambition-pack,COLLECTION,1690,1,0.00059,7.86,nike indoor soccer shoes,147,10.89,True
https://www.prosoccer.com/products/adidas-2026-27-inter-miami-womens-stadium-away-soccer-jersey,PRODUCT,1689,5,0.00296,7.03,inter miami women jersey,123,6.20,True
https://www.prosoccer.com/products/nike-2023-24-mens-club-america-authentic-match-home-jersey,PRODUCT,1685,6,0.00356,5.69,club america nike jersey,354,3.23,True
https://www.prosoccer.com/products/nike-2026-27-brazil-home-vaporfast-knee-high-socks,PRODUCT,1684,17,0.01010,6.51,brazil socks 2026,47,1.77,False
https://www.prosoccer.com/products/adidas-f50-elite-laceless-firm-ground-soccer-cleats-born-for-goals-pack-sp26,PRODUCT,1682,1,0.00059,10.75,f50 elite laceless,182,10.19,True
https://www.prosoccer.com/products/adidas-2026-japan-youth-stadium-away-soccer-jersey,PRODUCT,1680,37,0.02202,8.66,japan youth jersey,63,8.79,False
https://www.prosoccer.com/products/chivas-2025-26-home-alvarado-25-official-name-set,PRODUCT,1680,17,0.01012,7.64,chivas alvarado jersey,173,8.84,False
https://www.prosoccer.com/products/adidas-2022-23-scotland-home-jersey-navy-blue,PRODUCT,1677,4,0.00239,7.49,scotland soccer jersey,534,8.27,True
https://www.prosoccer.com/products/nike-streetgato-indoor-cave-stone-purple,PRODUCT,1677,4,0.00239,8.95,nike street soccer shoes,1017,10.24,True
https://www.prosoccer.com/products/puma-2025-26-chivas-mens-authentic-third-soccer-jersey,PRODUCT,1675,7,0.00418,7.67,chivas authentic jersey 2026,316,9.14,True
https://www.prosoccer.com/products/adidas-2026-spain-mens-originals-tee,PRODUCT,1674,25,0.01493,7.25,spain originals t-shirt,159,4.28,False
https://www.prosoccer.com/products/nike-zm-superfly-10-elite-mds-fg-mds-009-ho24,PRODUCT,1673,13,0.00777,7.13,zm superfly 10 elite fg,814,7.30,False
https://www.prosoccer.com/collections/indoor-soccer-balls,COLLECTION,1668,0,0.00000,17.21,indoor soccer ball,435,20.58,True
https://www.prosoccer.com/products/puma-2026-27-switzerland-mens-pre-match-soccer-jersey,PRODUCT,1666,16,0.00960,6.95,puma switzerland jersey,73,7.55,False
https://www.prosoccer.com/products/adidas-2026-colombia-baseball-cap-1,PRODUCT,1666,10,0.00600,6.75,adidas colombia hat,176,4.24,True
https://www.prosoccer.com/products/nike-2024-25-portugal-authentic-home-jersey,PRODUCT,1665,15,0.00901,7.99,portugal authentic jersey,321,11.44,False
https://www.prosoccer.com/products/adidas-predator-league-ft-fg-mg-goal-hunter-pack-ho24,PRODUCT,1663,10,0.00601,5.42,adidas predator goal hunter,231,2.24,True
https://www.prosoccer.com/collections/qatar-national-soccer-team-jerseys-apparel,COLLECTION,1662,0,0.00000,10.31,qatar jersey,647,10.68,True
https://www.prosoccer.com/collections/national-club-teams-flags,COLLECTION,1661,146,0.08790,7.84,flags for soccer cleats,113,5.47,True
https://www.prosoccer.com/products/adidas-copa-pure-iii-elite-fg-pure-victory-pack-sp25,PRODUCT,1659,1,0.00060,7.65,adidas copa pure elite,300,8.42,True
https://www.prosoccer.com/products/adidas-2022-23-charlotte-fc-away-jersey-black-clear-mint,PRODUCT,1653,8,0.00484,12.18,charlotte fc away kit,272,13.83,True
https://www.prosoccer.com/products/adidas-2024-25-sporting-kc-mens-stadium-away-jersey,PRODUCT,1652,1,0.00061,15.76,sporting kc jersey,693,11.30,True
https://www.prosoccer.com/products/panini-2025-fifa-club-world-cup-official-sticker-collection-pack-5-stickers-each,PRODUCT,1650,5,0.00303,9.39,sticker pack fifa,29,11.10,True
https://www.prosoccer.com/products/adidas-2026-united-arab-emirates-mens-stadium-away-soccer-jersey,PRODUCT,1649,4,0.00243,7.97,uae soccer jersey,203,8.37,True
https://www.prosoccer.com/products/brazil-2026-away-vini-jr-7-official-name-set,PRODUCT,1647,66,0.04007,5.86,brazil away vini jr,58,6.98,False
https://www.prosoccer.com/products/adidas-2026-mexico-backpack,PRODUCT,1645,10,0.00608,7.93,mexico soccer backpack,282,5.41,True
https://www.prosoccer.com/products/adidas-2026-mexico-youth-stadium-away-long-sleeve-soccer-jersey,PRODUCT,1642,2,0.00122,6.77,cristiano ronaldo mexico jersey,342,3.61,True
https://www.prosoccer.com/products/adidas-junior-f50-messi-league-laceless-indoor-soccer-shoes-el-ultimo-tango-pack-sp26,PRODUCT,1641,11,0.00670,7.12,laceless indoor soccer shoes,339,9.71,True
https://www.prosoccer.com/products/nike-usa-adjustable-club-cap-1,PRODUCT,1640,12,0.00732,8.32,nike usmnt hat,73,8.74,True
https://www.prosoccer.com/products/adidas-entrada-26-mens-shorts,PRODUCT,1640,7,0.00427,7.44,adidas entrada 26 shorts,169,7.93,True
https://www.prosoccer.com/products/pro-soccer-gift-card,PRODUCT,1638,1,0.00061,11.31,prosoccer,1459,11.03,True
https://www.prosoccer.com/products/nike-usa-local-verbiage-scarf-2-0,PRODUCT,1637,36,0.02199,7.68,usmnt scarf,50,12.30,False
https://www.prosoccer.com/products/pirma-2025-26-cruz-azul-womens-stadium-home-soccer-jersey,PRODUCT,1634,23,0.01408,8.89,women's cruz azul jersey,176,8.91,False
https://www.prosoccer.com/products/adidas-2022-23-germany-pre-match-jersey-black-grey-red,PRODUCT,1634,7,0.00428,4.71,germany pre match jersey,470,3.25,True
https://www.prosoccer.com/collections/goalkeeper-sale,COLLECTION,1633,6,0.00367,26.24,goalkeeper gloves sale,77,23.32,True
https://www.prosoccer.com/products/adidas-2026-27-arsenal-kids-home-mini-kit,PRODUCT,1632,9,0.00551,6.71,arsenal 2026/27 kit,498,4.85,True
https://www.prosoccer.com/products/umbro-2026-27-el-salvador-mens-pre-match-soccer-jersey,PRODUCT,1629,29,0.01780,8.03,el salvador jersey 2026,143,10.01,False
https://www.prosoccer.com/products/nike-lunargato-ii-indoor-soccer-shoes-ho25,PRODUCT,1628,14,0.00860,8.13,nike lunar gato,295,4.59,False
https://www.prosoccer.com/products/adidas-2026-spain-mens-world-cup-hjh-tee,PRODUCT,1624,0,0.00000,22.62,spain world cup joggers 2026,281,26.10,True
https://www.prosoccer.com/products/adidas-2026-jamaica-womens-stadium-away-soccer-jersey,PRODUCT,1623,5,0.00308,7.45,women's jamaica soccer jersey,71,9.80,True
https://www.prosoccer.com/products/nike-2026-brazil-adjustable-club-cap-1,PRODUCT,1616,42,0.02599,9.37,brazil cap,167,9.02,False
https://www.prosoccer.com/products/adidas-alphaskin-headband-3-0,PRODUCT,1616,6,0.00371,14.42,adidas headbands,309,21.32,True
https://www.prosoccer.com/products/adidas-2026-germany-youth-away-pre-match-soccer-jersey,PRODUCT,1614,3,0.00186,8.14,adidas youth soccer jersey,351,12.69,True
https://www.prosoccer.com/products/nike-fa25-pitch-soccer-ball-2,PRODUCT,1613,2,0.00124,8.85,nike pitch training soccer ball,86,12.88,True
https://www.prosoccer.com/products/new-balance-442-elite-ls-v3-2e-wide-indoor-soccer-shoes,PRODUCT,1608,1,0.00062,9.65,new balance indoor soccer shoes,418,9.07,True
https://www.prosoccer.com/collections/new-balance-tekela,COLLECTION,1606,14,0.00872,10.48,new balance tekela wide,35,7.94,True
https://www.prosoccer.com/products/adidas-2026-germany-youth-pants,PRODUCT,1600,1,0.00063,19.06,germany world cup pants 2026,521,14.85,True
https://www.prosoccer.com/products/colombia-2026-away-luis-diaz-7-official-jersey-name-set,PRODUCT,1599,23,0.01438,6.85,#7 colombia,23,4.74,False
https://www.prosoccer.com/products/nike-2022-23-croatia-away-long-sleeve-jersey-blackened-blue-red,PRODUCT,1598,27,0.01690,3.27,croatia long sleeve jersey,231,1.25,False
https://www.prosoccer.com/products/adidas-2026-27-lafc-mens-authentic-home-soccer-jersey,PRODUCT,1597,1,0.00063,7.90,lafc jersey 2026,783,7.44,True
https://www.prosoccer.com/products/adidas-f50-elite-laceless-fg-stealth-victory-pack-sp25,PRODUCT,1586,8,0.00504,7.99,adidas f50 laceless,775,6.73,True
https://www.prosoccer.com/products/german-bundesliga-champion-2024-25-gold-patch-bayern-munich,PRODUCT,1586,8,0.00504,8.87,2024-25 bundesliga champion bayern munich,165,9.58,True
https://www.prosoccer.com/collections/soccer-gift-ideas,COLLECTION,1585,4,0.00252,27.39,gifts for soccer fans,374,26.46,True
https://www.prosoccer.com/products/nike-2026-brazil-youth-tech-fleece-full-zip-hoodie,PRODUCT,1585,1,0.00063,4.78,brazil tech fleece,234,3.22,True
https://www.prosoccer.com/products/adidas-2026-27-charlotte-fc-mens-stadium-home-soccer-jersey,PRODUCT,1585,0,0.00000,10.70,charlotte soccer jersey,98,15.67,True
https://www.prosoccer.com/products/new-balance-kids-442-v3-team-wide-firm-ground-soccer-cleats,PRODUCT,1584,1,0.00063,12.37,new balance kids soccer cleats,129,13.80,True
https://www.prosoccer.com/products/nike-2026-england-mens-dri-fit-energy-soccer-jersey,PRODUCT,1583,18,0.01137,8.34,england energy jersey,127,4.21,False
https://www.prosoccer.com/products/nike-reactx-phantom-6-low-pro-turf-soccer-shoes-shadow-pack-fa25,PRODUCT,1583,14,0.00884,9.02,nike phantom 6 low pro turf soccer shoes,121,12.07,False
https://www.prosoccer.com/products/adidas-jr-f50-messi-league-turf-soccer-shoes-messi-prestig-10-fa25,PRODUCT,1583,4,0.00253,8.31,messi turf 10,1478,8.45,True
https://www.prosoccer.com/products/puma-future-8-match-indoor-soccer-shoes-untamed-pack-fa25,PRODUCT,1580,2,0.00127,6.68,puma indoor soccer shoes,960,5.96,True
https://www.prosoccer.com/products/adidas-2024-25-spain-youth-stadium-away-jersey,PRODUCT,1579,4,0.00253,8.13,spain away jersey youth,141,7.57,True
https://www.prosoccer.com/products/adidas-2025-26-real-madrid-womens-away-soccer-jersey,PRODUCT,1577,6,0.00380,9.21,women's real madrid jersey,159,6.67,True
https://www.prosoccer.com/products/nike-jr-phantom-6-low-academy-indoor-soccer-shoes-attack-pack-sp26,PRODUCT,1574,8,0.00508,9.66,nike jr phantom 6 low academy,165,11.36,True
https://www.prosoccer.com/products/puma-future-8-ultimate-fg-white-pack-sp25,PRODUCT,1574,3,0.00191,4.99,white puma cleats,184,3.04,True
https://www.prosoccer.com/products/puma-team-liga-socks,PRODUCT,1572,15,0.00954,8.66,puma team liga socks,76,7.62,False
https://www.prosoccer.com/products/adidas-2025-lafc-mens-stadium-home-jersey,PRODUCT,1570,4,0.00255,10.67,lafc shirt,700,10.42,True
https://www.prosoccer.com/products/nike-phantom-6-low-academy-firm-multi-ground-soccer-cleats-shadow-pack-fa25,PRODUCT,1569,0,0.00000,9.02,phantom 6 low academy,98,8.64,True
https://www.prosoccer.com/products/nike-2025-26-atletico-madrid-mens-stadium-home-soccer-jersey,PRODUCT,1564,11,0.00703,12.42,atletico madrid jersey,118,21.83,True
https://www.prosoccer.com/blogs/footwear,BLOG,1554,1,0.00064,15.27,i have a low-volume foot so which speed cleats give the tightest lockdown?,12,1.83,True
https://www.prosoccer.com/products/adidas-predator-pro-turf-soccer-shoes-coral-blaze-pack-fa25,PRODUCT,1551,6,0.00387,7.06,predator pro turf,188,7.24,True
https://www.prosoccer.com/products/umbro-2026-27-guatemala-mens-authentic-home-long-sleeve-soccer-jersey,PRODUCT,1550,21,0.01355,7.09,umbro guatemala,213,8.44,False
https://www.prosoccer.com/products/adidas-2026-27-arsenal-mens-home-shorts,PRODUCT,1550,10,0.00645,7.84,arsenal shorts,494,7.85,True
https://www.prosoccer.com/products/portugal-2026-home-rafa-leao-17-official-name-set,PRODUCT,1548,11,0.00711,8.05,rafael leao portugal jersey,157,8.92,True
https://www.prosoccer.com/products/nike-2026-france-academy-backpack,PRODUCT,1545,43,0.02783,5.92,new nike backpack 2026,174,7.27,False
https://www.prosoccer.com/collections/medical,COLLECTION,1545,8,0.00518,22.32,soccer equipment for nurses,182,7.86,True
https://www.prosoccer.com/collections/korea-hats,COLLECTION,1541,9,0.00584,22.11,south korea world cup hats,170,22.76,True
https://www.prosoccer.com/products/topps-2025-26-uefa-champions-league-stickers-mega-starter-pack-album-43-stickers,PRODUCT,1539,8,0.00520,7.93,champions league stickers,41,7.73,True
https://www.prosoccer.com/products/puma-senegal-ftblculture-adjustable-hat,PRODUCT,1537,4,0.00260,24.02,senegal fifa world cup caps,157,30.37,True
https://www.prosoccer.com/products/adidas-2026-trionda-mexico-home-club-soccer-ball,PRODUCT,1536,1,0.00065,8.53,mexico trionda ball,261,9.83,True
https://www.prosoccer.com/products/nike-2026-27-australia-youth-stadium-away-soccer-jersey,PRODUCT,1531,8,0.00523,6.19,australia away jersey 2026,137,1.42,True
https://www.prosoccer.com/en-es,OTHER,1530,42,0.02745,4.40,prosoccer,327,2.87,True
https://www.prosoccer.com/products/adidas-2026-fifa-world-cup-womens-graphic-tee,PRODUCT,1530,5,0.00327,9.43,adidas world cup women,12,9.17,True
https://www.prosoccer.com/products/nike-2026-usmnt-mens-df-anthem-jacket,PRODUCT,1529,21,0.01373,7.61,usmnt jacket 2026,161,9.07,False
https://www.prosoccer.com/products/adidas-2026-27-inter-miami-youth-stadium-away-messi-10-soccer-jersey,PRODUCT,1529,2,0.00131,6.50,inter miami jersey 2026 27,73,2.01,True
https://www.prosoccer.com/collections/2026-soccer-jerseys,COLLECTION,1528,20,0.01309,8.96,trending soccer kit brands 2026,35,10.11,True
https://www.prosoccer.com/products/nike-mercurial-lite-shinguards-8,PRODUCT,1528,2,0.00131,10.44,nike mercurial lite shin guards,39,20.74,True
https://www.prosoccer.com/products/adidas-2026-colombia-mens-away-originals-anthem-jacket,PRODUCT,1525,3,0.00197,8.63,colombia soccer jacket,259,13.59,True
https://www.prosoccer.com/products/adidas-2026-italy-womens-stadium-home-soccer-jersey,PRODUCT,1523,9,0.00591,8.87,women's italy soccer jersey,102,9.37,True
https://www.prosoccer.com/collections/spain-jerseys,COLLECTION,1521,29,0.01907,12.82,spain jersey,208,19.45,True
https://www.prosoccer.com/products/puma-ultra-6-ultimate-firm-ground-soccer-cleats,PRODUCT,1521,9,0.00592,10.31,ultra 6 ultimate,54,8.37,True
https://www.prosoccer.com/products/nike-2026-27-usmnt-mens-authentic-home-soccer-jersey,PRODUCT,1515,32,0.02112,11.72,authentic usa soccer jersey,528,12.64,False
https://www.prosoccer.com/products/nike-2025-england-womens-stadium-away-soccer-jersey,PRODUCT,1513,11,0.00727,9.32,women's england jersey,125,8.71,True
https://www.prosoccer.com/products/puma-2026-27-manchester-city-mens-authentic-home-soccer-jersey,PRODUCT,1513,5,0.00330,6.16,manchester city jersey 2026,92,5.80,True
https://www.prosoccer.com/products/adidas-2024-25-vancouver-whitecaps-mens-stadium-away-jersey,PRODUCT,1512,3,0.00198,10.21,vancouver whitecaps jersey,722,8.48,True
https://www.prosoccer.com/products/adidas-al-rihla-club-ball-blue-black,PRODUCT,1510,11,0.00728,12.35,adidas al rihla soccer ball,185,20.60,True
https://www.prosoccer.com/products/nike-2024-25-barcelona-mens-stadium-third-jersey,PRODUCT,1505,3,0.00199,6.54,2024 barcelona jersey,223,4.54,True
https://www.prosoccer.com/products/puma-2026-27-portugal-mens-king-anthem-pants,PRODUCT,1504,10,0.00665,13.31,portugal world cup pants,341,8.07,True
https://www.prosoccer.com/products/adidas-2026-italy-home-baby-kit,PRODUCT,1504,7,0.00465,7.20,italy 2026 kit,46,1.52,True
https://www.prosoccer.com/products/nike-2023-24-club-america-awf-third-womens-jacket,PRODUCT,1504,6,0.00399,5.33,club america jacket,814,5.53,True
https://www.prosoccer.com/products/puma-orbita-3-tb-nfhs-ball-size-5-ball-bag-bundle,PRODUCT,1503,12,0.00798,7.60,puma soccer balls size 5,81,9.96,True
https://www.prosoccer.com/products/adidas-predator-elite-fold-over-tongue-firm-ground-soccer-cleats-radiant-blaze-pack-fa25,PRODUCT,1503,5,0.00333,6.76,adidas predator fold over tongue,69,5.99,True
https://www.prosoccer.com/products/uefa-2025-psg-champion-league-trophy-patch-set-foundation-patch-included,PRODUCT,1502,33,0.02197,7.21,psg champions league patch,86,4.71,False
https://www.prosoccer.com/products/adidas-predator-elite-firm-ground-soccer-cleats-ice-cold-precision-pack-sp26,PRODUCT,1500,2,0.00133,6.22,adidas predator ice cold precision,71,1.32,True
https://www.prosoccer.com/products/nike-2026-england-mens-authentic-home-soccer-jersey,PRODUCT,1498,20,0.01335,8.72,england authentic jersey 2026,196,5.82,False
https://www.prosoccer.com/products/adidas-team-speed-5-otc-socks,PRODUCT,1491,6,0.00402,9.75,adidas long socks,132,6.15,True
https://www.prosoccer.com/products/nike-2024-25-chelsea-mens-authentic-third-jersey,PRODUCT,1491,6,0.00402,5.71,black chelsea jersey,207,2.21,True
https://www.prosoccer.com/products/adidas-2025-26-arsenal-womens-stadium-home-soccer-jersey,PRODUCT,1488,1,0.00067,8.58,women's arsenal jersey,164,7.38,True
https://www.prosoccer.com/products/adidas-colombia-adilette-tnd-slides-yellow-red-navy,PRODUCT,1487,17,0.01143,6.63,adidas soccer slides,181,12.32,False
https://www.prosoccer.com/collections/adidas-2026-mls-soccer-jerseys-apparel,COLLECTION,1487,5,0.00336,8.06,mls jerseys 2026,526,7.27,True
https://www.prosoccer.com/products/germany-2026-home-wirtz-17-official-name-set,PRODUCT,1486,53,0.03567,5.66,nameset germany 2026,56,1.95,False
https://www.prosoccer.com/products/adidas-f50-elite-firm-ground-soccer-cleats-road-to-glory-fa25,PRODUCT,1485,1,0.00067,6.93,f50 road to glory,351,4.89,True
https://www.prosoccer.com/products/adidas-2026-argentina-mens-tiro-travel-crewneck-sweatshirt,PRODUCT,1476,7,0.00474,8.92,pullover de argentina 2026,223,1.89,True
https://www.prosoccer.com/products/adidas-2026-spain-mens-home-pre-match-soccer-jersey,PRODUCT,1476,2,0.00136,6.67,spain pre match jersey 2026,184,2.79,True
https://www.prosoccer.com/products/nike-phantom-gx-ii-pro-turf-soccer-shoes-prism-pack-su25,PRODUCT,1475,15,0.01017,11.52,phantom gx 2 pro,65,19.17,False
https://www.prosoccer.com/collections/liverpool,COLLECTION,1474,5,0.00339,11.76,liverpool soccer jerseys,51,13.98,True
https://www.prosoccer.com/products/adidas-2024-25-orlando-city-mens-stadium-away-jersey,PRODUCT,1474,1,0.00068,13.32,orlando city away jersey,387,9.58,True
https://www.prosoccer.com/blogs/goalkeeper/soccer-goalkeeper-equipment-checklist,BLOG,1472,9,0.00611,9.37,goalkeeper equipment soccer,72,14.08,True
https://www.prosoccer.com/products/adidas-2025-26-arsenal-mens-authentic-away-soccer-jersey,PRODUCT,1462,6,0.00410,12.91,arsenal 2026 jersey,51,9.27,True
https://www.prosoccer.com/collections/storelli-goalkeeper-gloves,COLLECTION,1461,1,0.00068,9.96,soccer goalie gloves,413,11.15,True
https://www.prosoccer.com/products/adidas-world-cup-historical-match-soccer-ball-set,PRODUCT,1460,15,0.01027,9.14,world cup aet,72,3.03,False
https://www.prosoccer.com/products/adidas-kids-copa-pure-iii-club-firm-multi-ground-soccer-cleats-electric-stealth-pack-fa25,PRODUCT,1460,0,0.00000,9.92,kids copa cleats,78,11.74,True
https://www.prosoccer.com/products/adidas-tiro-24-goalkeeper-shorts,PRODUCT,1456,12,0.00824,8.06,adidas tiro 24 shorts,135,10.14,True
https://www.prosoccer.com/products/adidas-2026-27-club-america-mens-stadium-home-soccer-jersey,PRODUCT,1456,1,0.00069,6.85,america jersey 2026,232,4.34,True
https://www.prosoccer.com/products/nike-2026-27-canada-mens-authentic-home-soccer-jersey,PRODUCT,1455,19,0.01306,8.21,canada home jersey 2026,93,7.75,False
https://www.prosoccer.com/products/adidas-entrada-26-womens-shorts,PRODUCT,1454,1,0.00069,7.10,adidas entrada 26 short,123,4.41,True
https://www.prosoccer.com/products/adidas-2026-spain-mens-1994-stadium-home-soccer-jersey,PRODUCT,1453,12,0.00826,6.83,spain 1994 jersey,267,4.78,False
https://www.prosoccer.com/products/nike-2026-27-usmnt-womens-stadium-home-soccer-jersey,PRODUCT,1453,11,0.00757,9.71,usmnt womens jersey,133,10.90,True
https://www.prosoccer.com/products/nike-2021-22-inter-milan-away-jersey-white-blue,PRODUCT,1453,2,0.00138,6.20,inter milan away kit,190,9.67,True
https://www.prosoccer.com/products/adidas-world-cup-2026-finals-league-soccer-ball,PRODUCT,1452,3,0.00207,9.05,world cup final ball 2026,418,6.76,True
https://www.prosoccer.com/products/nike-park-20-training-bib,PRODUCT,1451,24,0.01654,8.28,nike training bibs,108,8.15,False
https://www.prosoccer.com/products/nike-2026-netherlands-local-verbiage-scarf-2-0,PRODUCT,1448,30,0.02072,9.01,netherlands scarf,385,8.67,False
https://www.prosoccer.com/products/puma-2025-26-portugal-mens-authentic-home-jersey,PRODUCT,1446,4,0.00277,7.37,puma authentic jersey,261,8.50,True
https://www.prosoccer.com/products/adidas-stadium-ii-team-shoe-bag-1,PRODUCT,1445,3,0.00208,7.91,adidas cleat bag,153,6.16,True
https://www.prosoccer.com/products/nike-zoom-superfly-10-academy-km-turf-soccer-shoes-mbappe-pe-ho25,PRODUCT,1443,9,0.00624,7.17,mbappe turf shoes,239,3.98,True
https://www.prosoccer.com/products/barcelona-double-sided-spinner-keychain,PRODUCT,1439,3,0.00208,7.84,barcelona keychain,472,5.03,True
https://www.prosoccer.com/products/adidas-predator-gl-pro-goalkeeper-gloves-7,PRODUCT,1434,1,0.00070,10.41,adidas predator goalkeeper gloves,187,6.35,True
https://www.prosoccer.com/products/nike-2025-usa-womens-4-star-authentic-away-soccer-jersey,PRODUCT,1432,21,0.01466,10.02,usa women's jersey 2025,26,8.08,False
https://www.prosoccer.com/products/england-2026-home-bellingham-10-official-name-set,PRODUCT,1429,169,0.11826,4.97,bellingham nameset,61,3.90,False
https://www.prosoccer.com/products/puma-2026-portugal-youth-stadium-home-ronaldo-7-soccer-jersey,PRODUCT,1428,11,0.00770,7.94,puma youth portugal cristiano ronaldo #7 2026 home replica jersey,44,10.48,True
https://www.prosoccer.com/products/puma-2025-26-portugal-mens-stadium-away-shorts,PRODUCT,1427,5,0.00350,5.48,portugal shorts,516,4.43,True
https://www.prosoccer.com/products/adidas-2020-21-la-galaxy-authentic-home-jersey-white,PRODUCT,1427,0,0.00000,9.34,la galaxy kit,415,11.32,True
https://www.prosoccer.com/products/adidas-2026-germany-mens-stadium-home-long-sleeve-goalkeeper-soccer-jersey,PRODUCT,1425,3,0.00211,7.76,germany goalkeeper jersey 2026,164,2.44,True
https://www.prosoccer.com/products/2024-25-topps-match-attax-uefa-champion-league-starter-pack-album-27-cards-2-le-cards,PRODUCT,1425,2,0.00140,14.08,soccer cards packs,634,14.76,True
https://www.prosoccer.com/products/nike-2022-23-netherlands-womens-home-jersey,PRODUCT,1423,4,0.00281,5.81,netherlands 2022 jersey,205,1.95,True
https://www.prosoccer.com/products/nike-2026-27-netherlands-mens-club-pullover-hoodie,PRODUCT,1422,17,0.01195,12.78,netherlands world cup hoodies 2026,141,13.32,False
https://www.prosoccer.com/products/nike-2026-27-usmnt-mens-the-nike-polo-2-0,PRODUCT,1421,20,0.01407,9.06,nike usmnt polo,87,8.99,False
https://www.prosoccer.com/products/adidas-2026-argentina-mens-stadium-home-long-sleeve-soccer-jersey,PRODUCT,1421,1,0.00070,5.17,long sleeve argentina jersey,591,4.21,True
https://www.prosoccer.com/products/nike-superfly-11-academy-firm-multi-ground-soccer-cleats-breakout-pack-su26,PRODUCT,1420,3,0.00211,6.95,nike superfly 11 academy,98,4.76,True
https://www.prosoccer.com/products/mizuno-morelia-neo-iv-pro-fg,PRODUCT,1417,8,0.00565,11.73,morelia neo iv pro all surface turf soccer shoe,214,9.64,True
https://www.prosoccer.com/pages/blogs,PAGE,1416,7,0.00494,18.15,prosoccer,392,4.35,True
https://www.prosoccer.com/products/nike-vapor-17-academy-firm-multi-ground-soccer-cleats-breakout-pack-su26,PRODUCT,1414,0,0.00000,7.08,nike breakout pack,128,5.35,True
https://www.prosoccer.com/products/adidas-2026-germany-scarf,PRODUCT,1413,8,0.00566,7.86,germany scarf,124,9.27,True
https://www.prosoccer.com/products/nike-2026-27-brazil-mens-stadium-away-shorts,PRODUCT,1413,4,0.00283,10.82,brazil away shorts,111,4.23,True
https://www.prosoccer.com/products/adidas-2026-spain-mens-home-anthem-jacket,PRODUCT,1413,3,0.00212,4.48,spain jacket adidas,182,4.45,True
https://www.prosoccer.com/products/select-mens-spain-goalkeeper-jersey,PRODUCT,1410,9,0.00638,7.85,spain goalkeeper jersey,429,8.06,True
https://www.prosoccer.com/products/adidas-2026-27-arsenal-womens-stadium-home-cropped-soccer-jersey,PRODUCT,1410,8,0.00567,6.11,arsenal cropped jersey,194,3.57,True
https://www.prosoccer.com/products/adidas-2026-colombia-mens-originals-tee,PRODUCT,1410,1,0.00071,6.68,2026-27 colombia adidas originals eqt tee,110,6.87,True
https://www.prosoccer.com/products/nike-academy-team-small-duffel-bag-black-white,PRODUCT,1408,3,0.00213,8.90,nike academy team duffel bag () reviews,43,8.47,True
https://www.prosoccer.com/products/adidas-2026-germany-mens-2014-stadium-away-soccer-jersey,PRODUCT,1406,4,0.00284,6.68,2014 germany away jersey,125,7.58,True
https://www.prosoccer.com/products/adidas-stadium-3-backpack,PRODUCT,1404,4,0.00285,15.80,adidas soccer bag,960,18.64,True
https://www.prosoccer.com/products/nike-2026-27-usmnt-infant-away-kit,PRODUCT,1402,37,0.02639,8.31,usmnt infant jersey,76,5.16,False
https://www.prosoccer.com/products/nike-zoom-superfly-11-elite-firm-ground-soccer-cleats-break-em,PRODUCT,1400,8,0.00571,7.63,superfly 11 elite,489,6.68,True
https://www.prosoccer.com/products/adidas-2026-argentina-mens-stadium-away-soccer-jersey,PRODUCT,1400,3,0.00214,7.44,adidas argentina jersey 2026,121,8.62,True
https://www.prosoccer.com/products/nike-laser-woven-v-shorts,PRODUCT,1397,12,0.00859,8.55,nike laser woven short v,178,8.21,True
https://www.prosoccer.com/products/adidas-kids-copa-pure-iii-club-firm-multi-ground-soccer-cleats-coral-blaze-pack-fa25,PRODUCT,1397,2,0.00143,10.01,kids copa cleats,70,12.46,True
https://www.prosoccer.com/collections/puma-king,COLLECTION,1394,1,0.00072,15.79,puma king,197,24.28,True
https://www.prosoccer.com/collections/2026-27-club-team-soccer-jerseys,COLLECTION,1393,28,0.02010,8.91,2026/27 soccer jerseys,24,9.12,True
https://www.prosoccer.com/products/puma-2026-27-portugal-mens-ftblculture-hooded-sweat-jacket,PRODUCT,1390,8,0.00576,16.32,portugal world cup jackets,195,32.09,True
https://www.prosoccer.com/products/nike-2025-26-barcelona-womens-stadium-away-soccer-jersey,PRODUCT,1390,4,0.00288,8.79,women's barcelona jersey,92,11.07,True
https://www.prosoccer.com/collections/ousmane-dembele,COLLECTION,1388,11,0.00793,11.64,dembele jersey,189,12.90,True
https://www.prosoccer.com/collections/nike-soccer-cleats-soccer-jerseys-apparel-gear,COLLECTION,1388,1,0.00072,9.31,nike soccer,61,23.72,True
https://www.prosoccer.com/collections/adidas-ice-cold-precision-soccer-cleats,COLLECTION,1386,4,0.00289,6.97,soccer pro,186,4.22,True
https://www.prosoccer.com/products/puma-2026-portugal-youth-stadium-shorts,PRODUCT,1385,6,0.00433,7.39,portugal shorts,88,3.49,True
https://www.prosoccer.com/products/adidas-2026-27-club-america-mens-stadium-away-soccer-jersey,PRODUCT,1383,2,0.00145,6.20,america jersey 2026,435,4.56,True
https://www.prosoccer.com/products/nike-2026-27-uruguay-mens-primary-statement-tee,PRODUCT,1379,39,0.02828,7.72,nike uruguay,108,9.31,False
https://www.prosoccer.com/products/nike-2026-27-brazil-mens-stadium-home-soccer-jersey,PRODUCT,1377,11,0.00799,8.64,brazil national team 2026 stadium home,149,10.40,True
https://www.prosoccer.com/products/adidas-2026-jamaica-mens-bob-marley-away-anthem-jacket,PRODUCT,1376,10,0.00727,7.32,jamaicia football jacket,91,11.22,True
https://www.prosoccer.com/collections/sokito-soccer-cleats-for-men-women-youth,COLLECTION,1375,6,0.00436,10.23,vegan soccer cleats,80,27.69,True
https://www.prosoccer.com/products/nike-mens-gardien-vi-long-sleeve-goalkeeper-soccer-jersey,PRODUCT,1371,17,0.01240,6.01,nike gardien goalkeeper jersey,83,4.16,False
https://www.prosoccer.com/products/puma-2023-24-monterrey-mens-leagues-cup-stadium-home-jersey,PRODUCT,1364,2,0.00147,9.30,monterrey jersey,508,8.33,True
https://www.prosoccer.com/products/kelme-2026-jordan-mens-authentic-home-soccer-jersey,PRODUCT,1363,26,0.01908,8.57,jordan soccer jersey 2026,83,6.92,False
https://www.prosoccer.com/products/puma-2026-27-portugal-mens-pre-match-soccer-jersey,PRODUCT,1363,7,0.00514,7.47,portugal pre match jersey,136,8.35,True
https://www.prosoccer.com/products/nike-2026-27-usmnt-youth-authentic-away-soccer-jersey,PRODUCT,1363,3,0.00220,9.95,usmnt away jersey 2026,453,8.85,True
https://www.prosoccer.com/products/adidas-2022-23-mexico-womens-away-jersey,PRODUCT,1361,38,0.02792,9.73,mexico away jersey,89,14.34,False
https://www.prosoccer.com/products/fifa-150mm-premium-trophy-replica-limited-edition,PRODUCT,1360,50,0.03676,6.99,fifa world cup limited edition trophy,63,2.41,False
https://www.prosoccer.com/products/adidas-2019-20-real-madrid-youth-home-jersey-white,PRODUCT,1359,4,0.00294,2.22,real madrid white and gold jersey,367,1.72,True
https://www.prosoccer.com/products/nike-2024-25-brazil-womens-stadium-home-jersey,PRODUCT,1358,3,0.00221,7.44,brazil women jersey,191,6.20,True
https://www.prosoccer.com/products/adidas-manchester-united-baseball-cap,PRODUCT,1357,3,0.00221,17.20,manchester united cap,147,17.97,True
https://www.prosoccer.com/products/puma-2026-27-ac-milan-mens-stadium-home-soccer-jersey,PRODUCT,1356,3,0.00221,5.96,ac milan 2026 jersey,42,5.64,True
https://www.prosoccer.com/products/nike-2026-england-rise-trucker-hat,PRODUCT,1355,39,0.02878,7.98,nike england hat,165,7.95,False
https://www.prosoccer.com/collections/apparel-youth-t-shirts-polos,COLLECTION,1355,1,0.00074,10.77,kids soccer t-shirts,189,18.75,True
https://www.prosoccer.com/products/nike-2022-23-brazil-womens-away-jersey,PRODUCT,1354,29,0.02142,7.65,brazil 2022 away jersey,33,3.85,False
https://www.prosoccer.com/products/medicaptain-grip-socks-with-cushioned-ankle-protection,PRODUCT,1351,11,0.00814,9.98,medicaptain grip socks,241,9.09,True
https://www.prosoccer.com/products/adidas-2026-spain-womens-dna-hoodie,PRODUCT,1350,27,0.02000,8.13,spain world cup hoodies 2026,195,16.66,False
https://www.prosoccer.com/products/nike-2022-23-france-full-zip-tech-fleece-hoodie,PRODUCT,1349,12,0.00890,5.06,france nike tech,468,4.60,True
https://www.prosoccer.com/products/adidas-2026-mexico-mens-hoodie,PRODUCT,1348,9,0.00668,10.11,mexico world cup hoodies 2026,187,21.27,True
https://www.prosoccer.com/products/adidas-2026-colombia-youth-pre-match-soccer-jersey,PRODUCT,1347,12,0.00891,7.63,colombia pre match jersey 2026,54,7.06,False
https://www.prosoccer.com/collections/ball-accessories,COLLECTION,1347,1,0.00074,13.48,soccer bag,162,11.17,True
https://www.prosoccer.com/products/nike-tiempo-maestro-elite-lv8-firm-ground-soccer-cleats-rivalry-pack-su26,PRODUCT,1346,12,0.00892,6.97,nike tiempo maestro elite fg - showtime pack,75,7.89,True
https://www.prosoccer.com/products/adidas-messi-f50-club-soccer-ball-1,PRODUCT,1344,2,0.00149,8.93,f50 soccer ball,56,9.50,True
https://www.prosoccer.com/products/adidas-f50-elite-firm-ground-soccer-cleats-electric-stealth-pack-fa25,PRODUCT,1342,1,0.00075,8.90,adidas f50 elite,667,7.65,True
https://www.prosoccer.com/products/nike-tennis-premier-doublewide-wristbands,PRODUCT,1341,3,0.00224,11.24,nike tennis premier doublewide wristbands,77,7.90,True
https://www.prosoccer.com/collections/2025-concacaf-gold-cup,COLLECTION,1339,23,0.01718,9.13,concacaf store,52,6.87,True
https://www.prosoccer.com/products/adidas-2025-26-club-america-mens-goalkeeper-long-sleeve-soccer-jersey,PRODUCT,1339,2,0.00149,6.88,club america goalkeeper jersey,215,5.85,True
https://www.prosoccer.com/products/adidas-2022-23-bayern-munich-authentic-third-jersey-black-red,PRODUCT,1338,8,0.00598,2.93,black and red bayern munich jersey,86,1.02,True
https://www.prosoccer.com/products/adidas-predator-gl-pro-goalkeeper-gloves-8,PRODUCT,1336,2,0.00150,13.16,adidas goalkeeper gloves,109,14.08,True
https://www.prosoccer.com/products/charly-2022-23-club-tijuana-home-jersey-black-red,PRODUCT,1332,4,0.00300,10.65,tijuana jersey,931,7.74,True
https://www.prosoccer.com/products/adidas-2026-argentina-mens-tiro-travel-pants,PRODUCT,1331,9,0.00676,16.16,argentina world cup pants 2026,128,36.16,True
https://www.prosoccer.com/products/adidas-f50-league-turf-soccer-shoes-road-to-glory-fa25,PRODUCT,1330,4,0.00301,8.81,f50 league turf soccer shoes,87,11.05,True
https://www.prosoccer.com/products/adidas-2026-ucl-final-club-soccer-ball,PRODUCT,1325,0,0.00000,6.36,ucl 2026 ball,131,1.53,True
https://www.prosoccer.com/products/adidas-2026-argentina-mens-stadium-home-messi-10-soccer-jersey,PRODUCT,1318,1,0.00076,7.30,messi 10 argentina jersey,61,3.61,True
https://www.prosoccer.com/products/adidas-2026-belgium-dad-cap,PRODUCT,1316,3,0.00228,19.46,belgium world cup caps 2026,428,27.50,True
https://www.prosoccer.com/collections/soccer-rebounder,COLLECTION,1315,3,0.00228,30.04,soccer rebounder,358,28.37,True
https://www.prosoccer.com/products/nike-dri-fit-academy-23-womens-short,PRODUCT,1315,2,0.00152,33.03,womens soccer shorts,928,36.22,True
https://www.prosoccer.com/products/nike-2022-23-liverpool-goalkeeper-jersey-black,PRODUCT,1314,2,0.00152,3.32,black liverpool jersey,853,2.08,True
https://www.prosoccer.com/products/adidas-2026-saudi-arabia-mens-stadium-home-soccer-jersey,PRODUCT,1308,7,0.00535,9.13,saudi soccer jersey,95,10.53,True
https://www.prosoccer.com/products/adidas-2026-germany-womens-stadium-away-soccer-jersey,PRODUCT,1308,1,0.00076,8.44,women's germany jersey 2026,74,9.01,True
https://www.prosoccer.com/products/macron-2025-armenia-mens-authentic-third-soccer-jersey,PRODUCT,1306,23,0.01761,6.29,armenian soccer jersey,42,9.24,False
https://www.prosoccer.com/products/new-balance-kids-442-team-v3-wide-firm-ground-soccer-cleats,PRODUCT,1306,8,0.00613,10.91,new balance kids' 442 team v3 fg soccer cleats,63,10.14,True
https://www.prosoccer.com/products/adidas-kids-f50-messi-club-firm-multi-ground-soccer-cleats-messi-aurora-radiante-pack-sp26,PRODUCT,1302,5,0.00384,9.18,messi kids soccer cleats,50,14.08,True
https://www.prosoccer.com/products/adidas-predator-pro-indoor-goal-hunter-pack-ho24,PRODUCT,1301,6,0.00461,6.77,indoor predator soccer shoes,402,8.62,True
https://www.prosoccer.com/products/adidas-predator-pro-fold-over-tongue-firm-ground-soccer-cleats-ice-cold-precision-pack-sp26,PRODUCT,1301,3,0.00231,8.19,predator pro fold-over tongue firm ground soccer cleats,320,9.07,True
https://www.prosoccer.com/products/adidas-2026-japan-mens-home-pre-match-soccer-jersey,PRODUCT,1299,16,0.01232,7.65,japan soccer jersey 2026,102,7.49,False
https://www.prosoccer.com/products/adidas-2024-25-argentina-mens-authentic-away-jersey,PRODUCT,1297,3,0.00231,10.48,argentina away jersey,299,9.16,True
https://www.prosoccer.com/collections/adidas-electric-stealth-pack,COLLECTION,1297,2,0.00154,6.62,f50 soccer cleats,61,7.46,True
https://www.prosoccer.com/products/english-premier-league-2023-sleeve-patch,PRODUCT,1294,13,0.01005,6.94,premier league patch,327,6.82,False
https://www.prosoccer.com/products/adidas-2026-northern-ireland-mens-stadium-home-soccer-jersey,PRODUCT,1291,5,0.00387,8.38,northern ireland soccer jersey,297,9.64,True
https://www.prosoccer.com/collections/adidas-predator-goalkeeper-gloves,COLLECTION,1290,6,0.00465,14.62,adidas predator gloves,78,28.06,True
https://www.prosoccer.com/products/adidas-2026-germany-mens-stadium-home-long-sleeve-soccer-jersey,PRODUCT,1288,13,0.01009,8.36,germany long sleeve jersey,304,9.95,False
https://www.prosoccer.com/collections/2026-fifa-world-cup-final-spain-vs-argentina-soccer-fan-gear,COLLECTION,1285,11,0.00856,8.90,spain vs argentina kits,56,8.55,True
https://www.prosoccer.com/products/nike-2026-27-france-mens-strike-drill-top,PRODUCT,1278,15,0.01174,6.44,nike 2026 men,48,8.54,False
https://www.prosoccer.com/products/nike-2026-27-england-womens-uv-woven-jacket,PRODUCT,1277,5,0.00392,12.25,england jacket 2026,206,2.88,True
https://www.prosoccer.com/products/adidas-starlancer-club-soccer-ball,PRODUCT,1273,0,0.00000,8.18,adidas starlancer club soccer ball,27,14.26,True
https://www.prosoccer.com/products/argentina-2026-home-romero-13-official-name-set,PRODUCT,1271,8,0.00629,6.97,argentina #13,416,6.64,True
https://www.prosoccer.com/collections/corner-flags,COLLECTION,1271,1,0.00079,28.92,soccer corner flag,93,26.32,True
https://www.prosoccer.com/products/nike-zoom-vapor-16-academy-firm-multi-ground-soccer-cleats-vini-jr-player-edition-sp26,PRODUCT,1270,1,0.00079,7.37,vini jr cleats,221,5.50,True
https://www.prosoccer.com/products/nike-womens-dri-fit-laser-vi-shorts,PRODUCT,1269,18,0.01418,8.92,nike women's laser vi short,146,8.71,False
https://www.prosoccer.com/collections/2026-fifa-world-cup-retro-gear,COLLECTION,1269,12,0.00946,12.90,fifa world cup retro jersey,60,19.80,True
https://www.prosoccer.com/products/adidas-2026-mexico-womens-tee,PRODUCT,1268,4,0.00315,8.12,womens mexico tee,31,11.71,True
https://www.prosoccer.com/products/adidas-2026-mexico-mens-world-cup-hjh-tee,PRODUCT,1268,0,0.00000,36.17,mexico world cup merch 2026,388,36.90,True
https://www.prosoccer.com/products/umbro-2025-26-santos-stadium-away-soccer-jersey,PRODUCT,1267,17,0.01342,8.64,umbro santos jersey,35,9.26,False
https://www.prosoccer.com/products/adidas-2024-25-belgium-mens-authentic-home-jersey,PRODUCT,1263,6,0.00475,6.24,belgium home jersey,352,4.87,True
https://www.prosoccer.com/collections/argentina-hoodies,COLLECTION,1263,4,0.00317,9.86,team argentina hoodies,314,8.51,True
https://www.prosoccer.com/products/adidas-2026-germany-backpack,PRODUCT,1259,16,0.01271,6.32,germany backpack,110,2.72,False
https://www.prosoccer.com/products/nike-2024-25-usa-mens-df-anthem-jacket,PRODUCT,1259,2,0.00159,9.78,usa anthem jacket,183,8.92,True
https://www.prosoccer.com/products/nike-kids-vapor-16-club-ps-velcro-multi-ground-blue-soccer-cleats-shin-guards-ball-bundle,PRODUCT,1259,1,0.00079,12.94,cleats and shin guards,275,13.84,True
https://www.prosoccer.com/products/nike-2026-poland-womens-stadium-home-soccer-jersey,PRODUCT,1252,18,0.01438,6.76,poland soccer jersey 2026,124,9.55,False
https://www.prosoccer.com/products/adidas-f50-elite-fg-stealth-victory-pack-sp25,PRODUCT,1252,6,0.00479,8.34,adidas f50 elite fg,247,7.31,True
https://www.prosoccer.com/products/puma-senegal-ftblculture-adjustable-hat-1,PRODUCT,1250,52,0.04160,8.28,ivory coast hat,221,6.67,False
https://www.prosoccer.com/products/adidas-2024-25-italy-mens-authentic-away-jersey,PRODUCT,1247,8,0.00642,10.05,italy soccer jersey,219,11.56,True
https://www.prosoccer.com/products/new-balance-442-elite-knit-v3-2e-wide-firm-ground-soccer-cleats,PRODUCT,1247,1,0.00080,9.21,new balance 442 v3,110,5.68,True
https://www.prosoccer.com/products/adidas-2025-26-arsenal-mens-stadium-away-long-sleeve-soccer-jersey,PRODUCT,1242,4,0.00322,7.85,arsenal 2025 26 jersey,85,11.25,True
https://www.prosoccer.com/collections/adidas-2026-fifa-world-cup-away-soccer-jerseys-apparel,COLLECTION,1242,3,0.00242,23.68,fifa world cup away jersey,44,30.91,True
https://www.prosoccer.com/products/adidas-2026-italy-tiro-travel-pants,PRODUCT,1241,5,0.00403,19.05,italy world cup pants 2026,214,23.30,True
https://www.prosoccer.com/products/nike-tiempo-streetgato-indoor-soccer-shoes-attack-pack-sp26,PRODUCT,1240,1,0.00081,6.47,nike tiempo streetgato,462,5.72,True
https://www.prosoccer.com/products/adidas-squadra-25-mens-shorts,PRODUCT,1238,3,0.00242,10.29,adidas squadra shorts,36,8.69,True
https://www.prosoccer.com/products/adidas-f50-league-turf-pure-victory-pack-sp25,PRODUCT,1237,2,0.00162,6.27,f50 pure victory,365,3.12,True
https://www.prosoccer.com/products/argentina-2026-home-messi-10-youth-official-name-set,PRODUCT,1234,50,0.04052,5.82,nameset messi 2026,28,3.93,False
https://www.prosoccer.com/products/sokito-scudetta-biotouch-elite-firm-ground-soccer-cleats,PRODUCT,1233,10,0.00811,9.61,sokito scudetta biotouch,103,9.75,True
https://www.prosoccer.com/products/adidas-predator-gl-pro-hybrid-strap-goalkeeper-gloves-1,PRODUCT,1233,9,0.00730,8.47,adidas predator gl pro goalkeeper gloves,41,4.24,True
https://www.prosoccer.com/products/umbro-2026-27-el-salvador-mens-authentic-home-soccer-jersey,PRODUCT,1233,8,0.00649,8.05,el salvador soccer jersey 2026,197,7.18,True
https://www.prosoccer.com/products/adidas-tiro-25-youth-competition-long-sleeve-goalkeeper-jersey,PRODUCT,1229,5,0.00407,7.91,youth goalkeeper jersey,155,12.16,True
https://www.prosoccer.com/products/nike-fa25-t90-skills-mini-soccer-ball-2,PRODUCT,1228,7,0.00570,7.28,nike mini soccer ball,122,9.17,True
https://www.prosoccer.com/products/adidas-2025-26-club-america-mens-tiro-25-training-jersey,PRODUCT,1226,2,0.00163,6.93,adidas tiro 2025,35,2.17,True
https://www.prosoccer.com/products/nike-phantom-6-high-elite-firm-ground-soccer-cleats-max-voltage-pack-ho25,PRODUCT,1225,3,0.00245,6.98,nike phantom 6 high elite,43,6.56,True
https://www.prosoccer.com/products/panini-fifa-womens-world-cup-australia-and-new-zealand-2023-sticker-album,PRODUCT,1221,11,0.00901,8.68,women's world cup sticker book,74,7.49,True
https://www.prosoccer.com/products/nike-park-v-long-sleeve-goalkeeper-soccer-jersey,PRODUCT,1220,28,0.02295,6.43,nike park goalkeeper jersey,22,7.14,False
https://www.prosoccer.com/products/logo-brands-2026-fifa-world-cup-france-flag-keychain,PRODUCT,1219,8,0.00656,6.36,france flag world cup 2026,9,1.89,True
https://www.prosoccer.com/products/adidas-2024-25-roma-mens-stadium-away-jersey,PRODUCT,1219,0,0.00000,15.71,away kit roma,261,16.58,True
https://www.prosoccer.com/products/umbro-speciali-pro-turf-black,PRODUCT,1218,16,0.01314,7.22,umbro shoes,271,5.57,False
https://www.prosoccer.com/products/adidas-copa-sense-fg-white-hi-res-blue,PRODUCT,1217,1,0.00082,9.85,copa sense cleats,641,9.89,True
https://www.prosoccer.com/products/adidas-2021-22-arsenal-authentic-third-jersey-mystery-blue,PRODUCT,1212,2,0.00165,2.66,arsenal blue jersey,610,1.67,True
https://www.prosoccer.com/products/adidas-2025-26-manchester-united-mens-stadium-home-long-sleeve-soccer-jersey,PRODUCT,1211,11,0.00908,8.46,manchester united jersey 2025,77,6.19,True
https://www.prosoccer.com/products/macron-2022-24-armenia-mens-authentic-third-jersey,PRODUCT,1209,9,0.00744,5.27,armenia jersey,138,4.07,True
https://www.prosoccer.com/products/adidas-2026-germany-mens-dna-polo,PRODUCT,1209,8,0.00662,12.25,germany fifa world cup polo,157,17.91,True
https://www.prosoccer.com/collections/adidas-finishers-steel-pack,COLLECTION,1209,3,0.00248,7.72,adidas predator 26 finishers steel,79,13.59,True
https://www.prosoccer.com/products/nike-swoosh-headband,PRODUCT,1209,1,0.00083,23.25,nike swoosh headband,147,17.25,True
https://www.prosoccer.com/products/adidas-entrada-26-womens-soccer-jersey,PRODUCT,1207,15,0.01243,6.97,adidas entrada 26,225,7.46,False
https://www.prosoccer.com/products/adidas-kids-samba-1,PRODUCT,1200,0,0.00000,17.48,adidas samba kids,328,21.35,True
https://www.prosoccer.com/products/nike-2025-26-chelsea-mens-strike-third-anthem-jacket,PRODUCT,1198,22,0.01836,9.38,chelsea jacket,286,12.48,False
https://www.prosoccer.com/products/puma-2025-26-portugal-mens-stadium-home-long-sleeve-soccer-jersey,PRODUCT,1197,7,0.00585,7.15,portugal jersey 2026 long sleeve,91,2.16,True
https://www.prosoccer.com/products/adidas-2025-26-arsenal-mens-stadium-third-long-sleeve-soccer-jersey,PRODUCT,1194,16,0.01340,7.48,arsenal third long sleeve,139,8.06,False
https://www.prosoccer.com/products/adidas-2026-colombia-home-club-soccer-ball,PRODUCT,1194,11,0.00921,8.66,colombia soccer ball,311,8.54,True
https://www.prosoccer.com/products/macron-2024-25-real-sociedad-mens-authentic-home-jersey,PRODUCT,1194,7,0.00586,9.71,macron soccer jersey,254,10.13,True
https://www.prosoccer.com/collections/scarves,COLLECTION,1193,12,0.01006,35.41,soccer scarves,191,31.49,True
https://www.prosoccer.com/products/nike-2026-27-france-infant-home-kit,PRODUCT,1191,30,0.02519,7.09,france baby jersey,71,7.34,False
https://www.prosoccer.com/products/skechers-2025-26-pachuca-mens-stadium-third-soccer-jersey,PRODUCT,1191,8,0.00672,8.83,pachuca jersey 2026,159,9.60,True
https://www.prosoccer.com/collections/adidas-messi-vision-pack,COLLECTION,1191,7,0.00588,8.15,messi f50,74,7.28,True
https://www.prosoccer.com/products/umbro-2026-27-guatemala-womens-authentic-away-soccer-jersey,PRODUCT,1191,2,0.00168,7.39,women's guatemala jersey,221,5.70,True
https://www.prosoccer.com/products/nike-zoom-vapor-16-pro-km-firm-ground-soccer-cleats-mbappe-pe-ho25,PRODUCT,1191,1,0.00084,7.93,nike mercurial zoom vapor 16 pro fg soccer cleats,637,8.57,True
https://www.prosoccer.com/products/adidas-2026-spain-mens-tiro-travel-full-zip-windbreaker,PRODUCT,1189,6,0.00505,5.62,spain windbreaker,260,2.32,True
https://www.prosoccer.com/collections/adidas-celestial-pack,COLLECTION,1189,5,0.00421,8.11,predator cleats,36,9.61,True
https://www.prosoccer.com/products/nike-junior-zoom-vapor-16-pro-firm-ground-soccer-cleats-vini-jr-player-edition-sp26,PRODUCT,1188,1,0.00084,5.64,vini cleats,254,2.43,True
https://www.prosoccer.com/products/uefa-euro-2024-tournament-players-patch-set,PRODUCT,1186,29,0.02445,6.64,euro 2024 patch,142,5.20,False
https://www.prosoccer.com/products/jordan-2023-24-psg-mens-authentic-third-jersey,PRODUCT,1186,1,0.00084,8.34,psg jordan jersey,296,5.99,True
https://www.prosoccer.com/products/adidas-2026-germany-mens-authentic-home-soccer-jersey,PRODUCT,1184,5,0.00422,9.48,germany soccer jersey 2026,129,7.29,True
https://www.prosoccer.com/products/nike-2025-26-chelsea-womens-stadium-home-soccer-jersey,PRODUCT,1184,2,0.00169,8.45,chelsea women jersey,88,7.19,True
https://www.prosoccer.com/products/adidas-copa-pure-iv-league-firm-ground-soccer-cleats-born-for-goals-pack-sp26,PRODUCT,1183,2,0.00169,8.45,copa pure iv,298,7.08,True
https://www.prosoccer.com/products/adidas-2026-27-club-america-mens-authentic-home-ls-soccer-jersey,PRODUCT,1183,0,0.00000,6.88,america jersey 2026,138,5.74,True
https://www.prosoccer.com/products/nike-phantom-6-low-academy-indoor-soccer-shoes-shadow-pack-fa25,PRODUCT,1180,3,0.00254,7.09,nike phantom indoor soccer shoes,142,4.87,True
https://www.prosoccer.com/products/nike-youth-charge-shinguard,PRODUCT,1180,1,0.00085,8.67,nike charge shin guards,172,5.02,True
https://www.prosoccer.com/products/nike-2026-27-usmnt-mens-strike-kpz-pants,PRODUCT,1180,0,0.00000,13.59,usmnt pants,639,9.07,True
https://www.prosoccer.com/products/nike-streetgato-france-indoor-white-game-royal,PRODUCT,1179,7,0.00594,12.51,street soccer shoes,432,12.62,True
https://www.prosoccer.com/products/nike-22-23-liverpool-df-pre-match-jersey-red-burgundy,PRODUCT,1179,2,0.00170,5.43,liverpool burgundy,120,2.25,True
https://www.prosoccer.com/products/adidas-alphaskin-tie-headband,PRODUCT,1178,1,0.00085,10.53,adidas headbands,151,15.07,True
https://www.prosoccer.com/products/pugg-4-footer-pop-up-goal-blue,PRODUCT,1177,1,0.00085,16.11,pugg goals,146,22.68,True
https://www.prosoccer.com/products/adidas-2026-colombia-mens-pre-match-soccer-jersey,PRODUCT,1176,15,0.01276,8.38,colombia 26 home pre match jersey,77,9.18,False
https://www.prosoccer.com/products/nike-2026-27-uruguay-youth-stadium-away-soccer-jersey,PRODUCT,1176,1,0.00085,6.75,uruguay away jersey,270,3.84,True
https://www.prosoccer.com/products/adidas-2023-24-germany-womens-away-jersey-legacy-teal,PRODUCT,1175,5,0.00426,3.77,germany teal jersey,299,1.62,True
https://www.prosoccer.com/products/nike-phantom-6-high-academy-firm-multi-ground-soccer-cleats-breakout-pack-su26,PRODUCT,1173,4,0.00341,7.12,nike phantom 6 breakout,56,4.05,True
https://www.prosoccer.com/products/nike-2026-27-korea-mens-wordmark-tee,PRODUCT,1172,23,0.01962,9.38,nike korea shirt,129,4.91,False
https://www.prosoccer.com/products/puma-2026-27-manchester-city-mens-stadium-home-soccer-jersey,PRODUCT,1172,1,0.00085,4.53,manchester city jersey 2026,264,3.81,True
https://www.prosoccer.com/products/mizuno-morelia-neo-iv-pro-firm-ground-soccer-cleats-blazing-flair-pack-sp26,PRODUCT,1171,1,0.00085,9.59,mizuno morelia,335,9.79,True
https://www.prosoccer.com/products/nike-2026-brazil-academy-backpack,PRODUCT,1170,12,0.01026,7.48,nike brazil backpack,51,8.47,True
https://www.prosoccer.com/products/puma-2023-24-manchester-city-mens-authentic-third-jersey,PRODUCT,1169,10,0.00855,13.93,puma soccer jerseys,219,26.43,True
https://www.prosoccer.com/products/adidas-argentina-adilette-tnd-slides-black-light-blue,PRODUCT,1167,9,0.00771,3.82,adidas argentina slides,216,2.41,True
https://www.prosoccer.com/products/nike-mens-park-vii-short-sleeve-soccer-jersey,PRODUCT,1167,9,0.00771,9.30,nike park vii jersey,163,9.24,True
https://www.prosoccer.com/products/nike-2026-china-youth-stadium-home-soccer-jersey,PRODUCT,1166,5,0.00429,6.21,china soccer jersey 2026,173,5.19,True
https://www.prosoccer.com/products/adidas-2026-germany-mens-tiro-travel-tee,PRODUCT,1164,8,0.00687,7.14,germany tiro travel tee,63,6.41,True
https://www.prosoccer.com/products/adidas-predator-gl-pro-goalkeeper-gloves-6,PRODUCT,1164,2,0.00172,8.23,adidas predator goalkeeper gloves,301,6.82,True
https://www.prosoccer.com/products/adidas-predator-league-fold-over-tongue-firm-ground-soccer-cleats-finishers-steel-pack-sp26,PRODUCT,1163,0,0.00000,8.92,hard ground cleats,140,18.99,True
https://www.prosoccer.com/products/nike-2026-27-brazil-youth-stadium-home-soccer-jersey,PRODUCT,1162,0,0.00000,8.34,brazil soccer uniform,41,3.00,True
https://www.prosoccer.com/products/nike-2026-27-barcelona-mens-stadium-away-soccer-jersey,PRODUCT,1160,10,0.00862,6.45,barcelona purple jersey 2026,40,1.02,True
https://www.prosoccer.com/products/adidas-f50-elite-artificial-grass-soccer-cleats-coral-blaze-pack-fa25,PRODUCT,1159,9,0.00777,8.83,f50 artificial grass,126,7.36,True
https://www.prosoccer.com/products/adidas-2026-27-san-diego-mens-authentic-away-soccer-jersey,PRODUCT,1153,1,0.00087,9.85,spain jersey san diego,15,7.87,True
https://www.prosoccer.com/products/nike-2024-25-england-mens-dri-fit-strike-home-anthem-jacket,PRODUCT,1150,12,0.01043,4.37,england anthem jacket,283,2.55,True
https://www.prosoccer.com/products/nike-2022-23-croatia-nsw-hoodie,PRODUCT,1150,8,0.00696,28.73,team croatia hoodies,301,28.05,True
https://www.prosoccer.com/products/adidas-2024-25-mexico-mens-authentic-home-jersey,PRODUCT,1146,12,0.01047,10.93,mexico home jersey 2024,51,3.55,False
https://www.prosoccer.com/products/adidas-5-star-traxion-crew-socks,PRODUCT,1145,6,0.00524,7.48,adidas traxion socks,188,9.88,True
https://www.prosoccer.com/products/nike-streetgato-indoor-soccer-shoes-fa25,PRODUCT,1144,3,0.00262,8.19,nike streetgato,438,6.48,True
https://www.prosoccer.com/products/macron-2025-26-udinese-mens-authentic-away-soccer-jersey,PRODUCT,1142,16,0.01401,6.72,udinese jersey,240,5.45,False
https://www.prosoccer.com/products/adidas-2026-mexico-youth-stadium-home-soccer-jersey,PRODUCT,1140,3,0.00263,9.13,mexico jersey 2026 youth,37,7.92,True
https://www.prosoccer.com/products/nike-zoom-vapor-16-pro-firm-ground-soccer-cleats-shadow-pack-fa25,PRODUCT,1140,0,0.00000,7.38,vapor 16 pro,134,9.75,True
https://www.prosoccer.com/products/adidas-2026-italy-youth-dna-pants,PRODUCT,1139,1,0.00088,17.91,italy world cup pants 2026,265,15.43,True
https://www.prosoccer.com/products/adidas-f50-hyperfast-elite-fg-soccer-cleats-immortal-dna,PRODUCT,1135,5,0.00441,8.11,f50 hyperfast,40,6.78,True
https://www.prosoccer.com/products/nike-2022-23-korea-home-stadium-shorts-global-red-black,PRODUCT,1134,6,0.00529,36.84,south korea world cup shorts,336,38.76,True
https://www.prosoccer.com/products/nike-2022-23-china-away-jersey-mint-green,PRODUCT,1134,2,0.00176,4.05,mint green soccer jersey,147,2.23,True
https://www.prosoccer.com/products/adidas-2026-germany-mens-dna-tee,PRODUCT,1133,3,0.00265,6.78,adidas germany tshirt,27,3.81,True
https://www.prosoccer.com/products/nike-2026-netherlands-mens-dri-fit-energy-soccer-jersey,PRODUCT,1132,26,0.02297,7.61,netherlands energy jersey,182,5.40,False
https://www.prosoccer.com/products/puma-2026-portugal-mens-stadium-home-soccer-jersey,PRODUCT,1132,3,0.00265,7.35,portugal jersey 2026,124,4.75,True
https://www.prosoccer.com/collections/colombia-hats,COLLECTION,1131,8,0.00707,9.65,colombia soccer hat,11,11.82,True
https://www.prosoccer.com/products/nike-2024-25-france-mens-stadium-home-jersey,PRODUCT,1130,10,0.00885,7.66,france nike jersey,65,5.31,True
https://www.prosoccer.com/products/adidas-2022-23-real-madrid-away-jersey-light-purple,PRODUCT,1130,3,0.00265,6.80,light purple soccer jersey,115,1.17,True
https://www.prosoccer.com/products/adidas-f50-elite-fg-advancement-pack-fa24,PRODUCT,1129,3,0.00266,6.91,f50 advancement pack,54,4.63,True
https://www.prosoccer.com/products/puma-future-9-ultimate-firm-ground-soccer-cleats-showtime-pack-sp26,PRODUCT,1128,4,0.00355,7.20,puma future 9 showtime,81,2.53,True
https://www.prosoccer.com/products/umbro-2026-27-guatemala-mens-pre-match-soccer-jersey,PRODUCT,1127,13,0.01154,6.02,guatemala jersey 2026,223,3.74,False
https://www.prosoccer.com/products/adidas-usa-youth-denim-graphic-jersey,PRODUCT,1126,3,0.00266,6.20,denim graphic jersey,160,2.88,True
https://www.prosoccer.com/products/joma-aguila-701-fg-black,PRODUCT,1124,1,0.00089,12.13,joma cleats,495,10.49,True
https://www.prosoccer.com/collections/england-t-shirts,COLLECTION,1123,2,0.00178,12.92,team england t shirts,255,23.23,True
https://www.prosoccer.com/collections/adidas-2026-fifa-world-cup-logo-t-shirts,COLLECTION,1121,5,0.00446,18.70,world cup t shirts 2026,138,23.23,True
https://www.prosoccer.com/products/adidas-2026-mexico-mens-tiro-travel-full-zip-windbreaker,PRODUCT,1121,3,0.00268,8.14,mexico windbreaker,109,4.70,True
https://www.prosoccer.com/collections/mizuno-morelia,COLLECTION,1120,4,0.00357,9.85,mizuno morelia soccer cleats,71,8.46,True
https://www.prosoccer.com/products/adidas-copa-pure-iv-league-turf-soccer-shoes-born-for-goals-pack-sp26,PRODUCT,1120,1,0.00089,9.40,copa pure iv league,65,7.92,True
https://www.prosoccer.com/products/adidas-predator-gl-match-fingersave-goalkeeper-gloves-3,PRODUCT,1119,1,0.00089,9.84,adidas soccer gloves,87,7.36,True
https://www.prosoccer.com/products/nike-2026-27-psg-youth-stadium-home-soccer-jersey,PRODUCT,1119,1,0.00089,7.09,psg jersey 2026-27,204,3.42,True
https://www.prosoccer.com/products/joma-2023-24-honduras-away-jersey-black-light-blue,PRODUCT,1116,5,0.00448,12.75,professional soccer jerseys,189,21.81,True
https://www.prosoccer.com/products/nike-2026-27-brazil-youth-academy-pro-track-suit,PRODUCT,1115,11,0.00987,7.03,brazil track suit,22,5.55,True
https://www.prosoccer.com/products/nike-2026-usmnt-mens-core-pulisic-10-tee,PRODUCT,1111,9,0.00810,8.18,pulisic 10,116,6.07,True
https://www.prosoccer.com/collections/puma-products,COLLECTION,1111,3,0.00270,13.67,puma soccer,790,12.81,True
https://www.prosoccer.com/products/adidas-2026-mexico-mens-tiro-sleeveless-soccer-jersey,PRODUCT,1109,10,0.00902,7.84,mexico 26 tiro sleeveless jersey,100,6.87,True
https://www.prosoccer.com/products/adidas-kids-f50-club-velcro-firm-multi-ground-soccer-cleats-immortal-dna-pack-sp26,PRODUCT,1109,2,0.00180,11.15,adidas kids soccer cleats,240,18.22,True
https://www.prosoccer.com/products/adidas-2020-21-real-madrid-youth-third-jersey-black-pink,PRODUCT,1106,9,0.00814,2.00,black and pink soccer jersey,260,1.13,True
https://www.prosoccer.com/products/argentina-2026-away-e-fernandez-24-official-name-set,PRODUCT,1105,21,0.01900,5.92,e fernandez,151,1.00,False
https://www.prosoccer.com/products/belgium-2026-away-de-bruyne-7-official-name-set,PRODUCT,1103,39,0.03536,6.00,belgium away kit 2026 de bruyne,46,5.80,False
https://www.prosoccer.com/products/puma-king-top-firm-artificial-ground-soccer-cleats-king-classic-pack-sp26,PRODUCT,1103,1,0.00091,11.26,puma king soccer cleats,107,27.16,True
https://www.prosoccer.com/products/adidas-womens-f50-sparkfusion-elite-firm-artificial-ground-soccer-cleats-born-for-goals-pack-sp26,PRODUCT,1101,5,0.00454,10.07,f50 sparkfusion elite mid cut firm ground / artificial ground soccer cleats womens,189,9.60,True
https://www.prosoccer.com/products/glove-glu-original-goalkeeper-glove-grip-spray,PRODUCT,1099,10,0.00910,13.34,glove glu,88,8.94,True
https://www.prosoccer.com/products/nike-2026-uruguay-mens-dri-fit-energy-soccer-jersey,PRODUCT,1093,52,0.04758,7.33,uruguay energy jersey,143,7.43,False
https://www.prosoccer.com/products/puma-2026-27-portugal-mens-king-anthem-jacket,PRODUCT,1093,10,0.00915,7.68,portugal world cup jackets 2026,103,18.64,True
https://www.prosoccer.com/products/adidas-2026-italy-mens-world-cup-hjh-tee,PRODUCT,1091,1,0.00092,21.63,italy world cup t shirts 2026,404,14.57,True
https://www.prosoccer.com/products/nike-2026-27-england-mens-strike-kpz-pants,PRODUCT,1091,0,0.00000,14.39,england world cup pants 2026,525,13.01,True
https://www.prosoccer.com/products/adidas-predator-elite-fg-goal-hunter-pack-ho24,PRODUCT,1089,10,0.00918,5.45,adidas predator goal hunter,56,3.14,True
https://www.prosoccer.com/products/puma-2025-26-monterrey-mens-authentic-third-soccer-jersey,PRODUCT,1089,2,0.00184,7.28,monterrey soccer jersey,277,8.36,True
https://www.prosoccer.com/products/nike-2020-21-croatia-away-jersey-black,PRODUCT,1088,21,0.01930,3.05,croatia black jersey,182,1.37,False
https://www.prosoccer.com/products/adidas-f50-league-indoor-soccer-shoes-electric-stealth-pack-fa25,PRODUCT,1087,0,0.00000,13.05,indoor mens soccer shoes,278,22.76,True
https://www.prosoccer.com/products/fifa-world-cup-3-inch-trophy-magnet,PRODUCT,1085,12,0.01106,8.90,fifa trophy magnet,55,7.35,True
https://www.prosoccer.com/products/adidas-predator-pro-fold-over-tongue-turf-soccer-shoes-ice-cold-precision-pack-sp26,PRODUCT,1082,4,0.00370,7.52,predator pro fold-over tongue turf soccer shoes,71,5.39,True
https://www.prosoccer.com/products/puma-2025-26-chivas-youth-stadium-home-soccer-jersey,PRODUCT,1082,0,0.00000,8.67,chivas youth jersey,250,10.21,True
https://www.prosoccer.com/products/puma-2026-27-ac-milan-mens-authentic-home-soccer-jersey,PRODUCT,1081,2,0.00185,5.28,ac milan jersey 2026,97,1.77,True
https://www.prosoccer.com/products/adidas-2026-mexico-mens-tiro-all-weather-jacket,PRODUCT,1079,9,0.00834,7.35,adidas mexico rain jacket,73,3.90,True
https://www.prosoccer.com/products/mizuno-morelia-neo-iv-pro-artificial-grass-soccer-cleats-bright-gold-pack-sp26,PRODUCT,1077,2,0.00186,9.39,morelia neo iv pro ag artificial grass kl soccer cleat,70,10.26,True
https://www.prosoccer.com/products/adidas-2025-26-manchester-united-mens-authentic-third-soccer-jersey,PRODUCT,1076,9,0.00836,9.15,find a manchester united 2025/26 jersey with premier league badges.,16,7.12,True
https://www.prosoccer.com/products/adidas-2026-spain-mens-originals-track-top,PRODUCT,1074,9,0.00838,7.75,spain originals track top,120,6.35,True
https://www.prosoccer.com/products/adidas-predator-elite-fold-over-tongue-firm-ground-soccer-cleats-coral-blaze-pack-fa25,PRODUCT,1074,6,0.00559,6.26,predator elite fold-over tongue firm ground soccer cleats,57,10.40,True
https://www.prosoccer.com/products/adidas-2026-usa-mens-94-graphic-sweatshirt,PRODUCT,1073,2,0.00186,19.73,usa 2026 world cup hoodies,206,32.91,True
https://www.prosoccer.com/products/nike-2020-21-nigeria-away-jersey-dark-green,PRODUCT,1071,4,0.00373,3.22,dark green jersey,257,1.85,True
https://www.prosoccer.com/products/adidas-jr-f50-messi-elite-firm-ground-soccer-cleats-messi-vision-pack-fa25,PRODUCT,1070,0,0.00000,7.10,messi cleats,300,3.78,True
https://www.prosoccer.com/products/adidas-tiro-25-pants,PRODUCT,1070,0,0.00000,15.12,adidas tiro soccer pants,148,16.55,True
https://www.prosoccer.com/products/adidas-2025-26-boca-juniors-mens-stadium-away-soccer-jersey,PRODUCT,1069,7,0.00655,7.84,boca juniors away jersey,56,16.16,True
https://www.prosoccer.com/products/nike-2026-poland-youth-stadium-away-soccer-jersey,PRODUCT,1067,3,0.00281,9.48,poland jersey soccer,67,8.28,True
https://www.prosoccer.com/products/nike-2026-27-england-mens-club-pullover-hoodie,PRODUCT,1065,18,0.01690,8.52,nike england hoodie,209,5.25,False
https://www.prosoccer.com/products/nike-vapor-grip3-goalkeeper-gloves-5,PRODUCT,1065,5,0.00469,9.38,nike vapor grip 3,101,10.04,True
https://www.prosoccer.com/pages/bundles,PAGE,1065,2,0.00188,10.76,pro soccer cashback,293,4.33,True
https://www.prosoccer.com/products/adidas-2026-mexico-mens-stadium-away-long-sleeve-soccer-jersey,PRODUCT,1059,4,0.00378,7.82,mexico away jersey 2026 long sleeve,129,3.70,True
https://www.prosoccer.com/products/nike-2025-26-atletico-madrid-mens-stadium-third-soccer-jersey,PRODUCT,1055,7,0.00664,8.65,atletico madrid third jersey,94,7.53,True
https://www.prosoccer.com/products/adidas-tiro-competition-shin-guard,PRODUCT,1055,3,0.00284,7.22,shin guards adidas,223,5.36,True
https://www.prosoccer.com/products/adidas-copa-pure-iv-pro-firm-ground-soccer-cleats-born-for-goals-pack-sp26,PRODUCT,1055,1,0.00095,8.99,copa pure iv,119,6.31,True
https://www.prosoccer.com/products/nike-phantom-6-low-elite-artificial-grass-soccer-cleats-max-voltage-pack-ho25,PRODUCT,1053,0,0.00000,13.33,neon soccer cleats,726,14.47,True
https://www.prosoccer.com/products/adidas-2026-germany-snapback-cap,PRODUCT,1052,13,0.01236,21.42,germany world cup hats 2026,269,26.25,False
https://www.prosoccer.com/collections/nike-united-pack,COLLECTION,1050,5,0.00476,10.62,site:www.prosoccer.com,45,20.76,True
https://www.prosoccer.com/products/nike-2026-england-mens-dri-fit-woven-energy-jacket,PRODUCT,1050,5,0.00476,12.47,england world cup jackets 2026,146,34.63,True
https://www.prosoccer.com/products/puma-ultra-6-ultimate-firm-ground-soccer-cleats-showtime-pack-sp26,PRODUCT,1050,5,0.00476,7.10,puma ultra 6 showtime,80,3.33,True
https://www.prosoccer.com/products/adidas-2026-27-montreal-mens-stadium-away-soccer-jersey,PRODUCT,1050,1,0.00095,11.25,montreal soccer jersey,170,13.36,True
https://www.prosoccer.com/products/nike-zoom-vapor-16-elite-firm-ground-soccer-cleats-shadow-pack-fa25,PRODUCT,1049,6,0.00572,5.97,nike shadow pack,222,5.55,True
https://www.prosoccer.com/products/adidas-2026-germany-womens-tee,PRODUCT,1049,5,0.00477,9.70,germany world cup t shirts 2026,46,22.22,True
https://www.prosoccer.com/products/nike-fa25-academy-team-soccer-ball,PRODUCT,1048,6,0.00573,6.81,nike nk academy - team - fa25,254,1.89,True
https://www.prosoccer.com/products/nike-zoom-vapor-16-pro-km-firm-ground-soccer-cleats-mbappe-pe-sp26,PRODUCT,1048,2,0.00191,8.81,km cleats,116,11.59,True
https://www.prosoccer.com/products/nike-2026-27-usmnt-mens-authentic-home-nn-soccer-jersey,PRODUCT,1047,5,0.00478,8.63,ln2229229s nike jersey,50,6.20,True
https://www.prosoccer.com/products/adidas-metro-v-gk-socks-orange,PRODUCT,1047,1,0.00096,9.42,orange adidas soccer socks,314,8.11,True
https://www.prosoccer.com/products/puma-2026-27-stellar-epl-reactivity-nitro-ultimate-soccer-ball,PRODUCT,1046,8,0.00765,8.08,puma stellar nitro ball,45,7.49,True
https://www.prosoccer.com/products/nike-2026-27-usmnt-mens-full-zip-tech-fleece-hoodie,PRODUCT,1045,7,0.00670,8.19,nike usmnt light hoodie 2026,47,7.55,True
https://www.prosoccer.com/products/nike-2022-23-england-tech-fleece-hoodie,PRODUCT,1042,12,0.01152,10.71,england tech fleece,228,8.79,False
https://www.prosoccer.com/products/adidas-2026-argentina-bucket-hat,PRODUCT,1040,20,0.01923,10.80,argentina bucket hat adidas,126,4.34,False
https://www.prosoccer.com/products/nike-phantom-6-low-elite-firm-ground-soccer-cleats-scary-good-pack,PRODUCT,1040,3,0.00288,6.95,nike phantom 6 low elite scary good,41,5.05,True
https://www.prosoccer.com/products/nike-premier-league-flight-ball-white-black-orange,PRODUCT,1039,4,0.00385,13.57,nike flight premier league ball,69,16.09,True
https://www.prosoccer.com/products/logo-brands-2026-fifa-world-cup-argentina-flag-keychain,PRODUCT,1038,6,0.00578,6.43,argentina keychain,42,11.83,True
https://www.prosoccer.com/pages/author/douglas-mackay,PAGE,1029,2,0.00194,13.12,best soccer cleats for defenders 2017,1,65.00,True
https://www.prosoccer.com/products/adidas-kids-predator-club-turf-soccer-shoes-ice-cold-precision-pack-sp26,PRODUCT,1028,1,0.00097,16.25,kids turf soccer shoes,694,19.71,True
https://www.prosoccer.com/collections/footwear-accessories,COLLECTION,1024,2,0.00195,18.22,cleat lace covers,159,16.26,True
https://www.prosoccer.com/products/nike-phantom-6-high-club-turf-soccer-shoes-scary-good-pack-fa25,PRODUCT,1020,4,0.00392,8.28,nike phantom turf,89,7.51,True
https://www.prosoccer.com/products/adidas-2025-26-club-america-mens-authentic-third-soccer-jersey,PRODUCT,1020,1,0.00098,7.12,america third jersey,62,6.95,True
https://www.prosoccer.com/products/adidas-f50-messi-league-firm,PRODUCT,1020,1,0.00098,15.25,messi cleats,143,22.11,True
https://www.prosoccer.com/products/topps-2025-26-chrome-premier-league-cards-hobby-pack-4-cards-each,PRODUCT,1019,4,0.00393,9.27,premier league topps chrome,25,7.84,True
https://www.prosoccer.com/products/adidas-predator-pro-fold-over-tongue-firm-ground-soccer-cleats-immortal-dna-pack-sp26,PRODUCT,1016,3,0.00295,7.50,predator pro fold-over tongue firm ground soccer cleats,35,8.31,True
https://www.prosoccer.com/products/nike-phantom-6-low-elite-firm-ground-soccer-cleats-max-voltage-pack-ho25,PRODUCT,1013,12,0.01185,8.00,nike phantom 6 low elite fg - max voltage pack,28,7.04,False
https://www.prosoccer.com/products/nike-2026-brazil-mens-all-over-print-tee,PRODUCT,1012,61,0.06028,6.45,iq2272-002,37,2.22,False
https://www.prosoccer.com/products/nike-2024-25-portugal-womens-stadium-home-jersey,PRODUCT,1011,14,0.01385,7.28,women's nike portugal jersey,37,5.78,False
https://www.prosoccer.com/products/umbro-2025-2026-guatemala-mens-home-long-sleeve-soccer-jersey,PRODUCT,1009,7,0.00694,6.89,guatemala jersey long sleeve,77,2.45,True
https://www.prosoccer.com/products/puma-2020-21-manchester-city-away-jersey-black-blue-gold,PRODUCT,1009,3,0.00297,4.00,man city jerseys,201,9.76,True
https://www.prosoccer.com/products/colombia-2026-away-james-10-official-jersey-name-set,PRODUCT,1008,12,0.01190,6.85,james 10 jersey,30,4.90,True
https://www.prosoccer.com/products/adidas-2024-25-chile-mens-stadium-away-jersey,PRODUCT,1008,2,0.00198,6.35,chile away jersey,446,4.18,True
https://www.prosoccer.com/products/adidas-2026-argentina-youth-stadium-away-soccer-jersey,PRODUCT,1004,3,0.00299,9.19,argentina youth jersey,204,8.33,True
https://www.prosoccer.com/products/adidas-2026-spain-youth-stadium-away-soccer-jersey,PRODUCT,1003,10,0.00997,8.77,spain jersey 2026 youth,23,9.70,True
https://www.prosoccer.com/products/adidas-2026-colombia-mens-originals-track-top,PRODUCT,1003,7,0.00698,7.37,colombia track jacket,32,8.62,True
https://www.prosoccer.com/products/nike-2026-england-academy-soccer-ball,PRODUCT,1003,1,0.00100,9.16,england soccer ball,105,12.54,True
