url,product_id,product_type,brand,target_keywords,brief_date,brief_file_path,implementer,implementation_date,crawl_verified_date,baseline_impressions,baseline_clicks,baseline_position,baseline_ctr,merchant_listing_status,product_schema_status,review_schema_status,day_30_impressions,day_30_clicks,day_30_position,day_30_ctr,day_60_impressions,day_60_clicks,day_60_position,day_60_ctr,status,notes,primary_keyword,normalized_primary,normalized_target_keywords,primary_volume,ceded_from,kw_source,kw_recorded_date
/products/adidas-2026-united-arab-emirates-mens-stadium-home-soccer-jersey,,jersey,adidas,UAE soccer jersey;united arab emirates soccer jersey;UAE 2026 home jersey;UAE national team jersey;adidas UAE jersey;UAE football jersey,2026-05-26,deliverables/page-optimizations/2026-05-26_session-01/uae-2026-home-stadium_brief.md,,,,,,,,,,,,,,,,,,,superseded,SKU not on disk,UAE soccer jersey,uae soccer jersey,uae soccer jersey;united arab emirates soccer jersey;uae 2026 home jersey;uae national team jersey;adidas uae jersey;uae football jersey,,,brief Primary keyword field,2026-05-26
/products/adidas-2026-united-arab-emirates-mens-stadium-home-soccer-jersey,,jersey,adidas,uae soccer jersey,2026-05-26,deliverables/page-optimizations/2026-05-26_session-01/uae-2026-home-stadium_brief-v2.md,,,,,,,,,,,,,,,,,,,superseded,SKU not on disk,uae soccer jersey,uae soccer jersey,uae soccer jersey,,,brief Primary keyword field,2026-05-26
/products/adidas-2026-united-arab-emirates-mens-stadium-home-soccer-jersey,,jersey,adidas,uae soccer jersey;uae football jersey;uae fa jersey;uae national team jersey;uae home jersey;uae football kit,2026-05-26,deliverables/page-optimizations/2026-05-26_session-01/uae-2026-home-stadium_brief-v3.md,,,,,,,,,,,,,,,,,,,shipped,SKU not on disk,uae soccer jersey,uae soccer jersey,uae soccer jersey;uae football jersey;uae fa jersey;uae national team jersey;uae home jersey;uae football kit,110,,brief Primary keyword field,2026-05-26
/products/adidas-predator-accuracy-1-fg-crazyrush-pack-fa23,,,adidas,adidas predator accuracy;predator accuracy;predator accuracy 1;adidas predator accuracy fg;predator accuracy fg;predator soccer cleats;firm-ground soccer cleats,2026-05-26,deliverables/page-optimizations/2026-05-26_session-01/adidas-predator-accuracy-1-fg-crazyrush-pack-fa23_brief.md,,,,,,,,,,,,,,,,,,,superseded,SKU not on disk,adidas predator accuracy,adidas predator accuracy,adidas predator accuracy;predator accuracy;predator accuracy 1;adidas predator accuracy fg;predator accuracy fg;predator soccer cleats;firm ground soccer cleats,880,,brief Primary keyword field,2026-05-26
/products/adidas-predator-accuracy-1-fg-crazyrush-pack-fa23,,,adidas,adidas predator accuracy;predator accuracy;predator accuracy 1;adidas predator accuracy fg;predator soccer cleats;firm-ground soccer cleats,2026-05-26,deliverables/page-optimizations/2026-05-26_session-01/adidas-predator-accuracy-1-fg-crazyrush-pack-fa23_brief-v2.md,,,,,,,,,,,,,,,,,,,shipped,SKU not on disk,adidas predator accuracy,adidas predator accuracy,adidas predator accuracy;predator accuracy;predator accuracy 1;adidas predator accuracy fg;predator soccer cleats;firm ground soccer cleats,880,,brief Primary keyword field,2026-05-26
/products/nike-2024-25-liverpool-mens-stadium-away-jersey,,jersey,nike,liverpool away jersey;liverpool away kit;liverpool fc away jersey;liverpool stadium jersey;liverpool nike away jersey;liverpool soccer jersey,2026-05-26,deliverables/page-optimizations/2026-05-26_session-01/nike-2024-25-liverpool-mens-stadium-away-jersey_brief-v2.md,,,,,,,,,,,,,,,,,,,shipped,SKU not on disk,liverpool away jersey,liverpool away jersey,liverpool away jersey;liverpool away kit;liverpool fc away jersey;liverpool stadium jersey;liverpool nike away jersey;liverpool soccer jersey,590,,brief Primary keyword field,2026-05-26
/products/adidas-2026-mexico-mens-stadium-away-soccer-jersey,,jersey,adidas,mexico 2026 away jersey;mexico away jersey 2026;mexico away jersey;mexico away kit 2026;mexico burgundy jersey;el tri jersey,2026-05-28,deliverables/page-optimizations/2026-05-28_session-01/adidas-2026-mexico-mens-stadium-away-soccer-jersey_brief.md,,,,,,,,,,,,,,,,,,,shipped,SKU not on disk,mexico 2026 away jersey,mexico 2026 away jersey,mexico 2026 away jersey;mexico away jersey 2026;mexico away jersey;mexico away kit 2026;mexico burgundy jersey;el tri jersey,260,,brief Primary keyword field,2026-05-28
/products/adidas-2026-mexico-mens-stadium-home-soccer-jersey,,jersey,adidas,mexico 2026 home jersey;mexico home jersey;mexico 2026 world cup jersey;mexico jersey 2026;mexico fifa world cup 2026 jersey;mexico stadium jersey;el tri jersey,2026-05-28,deliverables/page-optimizations/2026-05-28_session-01/adidas-2026-mexico-mens-stadium-home-soccer-jersey_brief.md,,,,,,,,,,,,,,,,,,,shipped,SKU not on disk,mexico 2026 home jersey,mexico 2026 home jersey,mexico 2026 home jersey;mexico home jersey;mexico 2026 world cup jersey;mexico jersey 2026;mexico fifa world cup 2026 jersey;mexico stadium jersey;el tri jersey,70,,brief Primary keyword field,2026-05-28
/products/adidas-2026-mexico-mens-stadium-third-soccer-jersey,,jersey,adidas,mexico 2026 third jersey;mexico third jersey 2026;mexico third jersey;mexico third kit 2026;mexico black jersey 2026;mexico alternate jersey;el tri third jersey;mexico black jersey,2026-05-28,deliverables/page-optimizations/2026-05-28_session-01/adidas-2026-mexico-mens-stadium-third-soccer-jersey_brief.md,,,,,,,,,,,,,,,,,,,shipped,SKU not on disk,mexico 2026 third jersey,mexico 2026 third jersey,mexico 2026 third jersey;mexico third jersey 2026;mexico third jersey;mexico third kit 2026;mexico black jersey 2026;mexico alternate jersey;el tri third jersey;mexico black jersey,,,brief Primary keyword field,2026-05-28
/products/adidas-junior-copa-pure-iv-league-firm-ground-soccer-cleats-road-to-glory-pack-sp26,KI0662,cleat,adidas,adidas copa pure iv league,2026-06-03,deliverables/page-optimizations/2026-06-03_session-01/adidas-junior-copa-pure-iv-league-fg-road-to-glory_brief.md,,,,,,,,,,,,,,,,,,,shipped,,adidas copa pure iv league,adidas copa pure iv league,adidas copa pure iv league,,,brief Primary keyword field,2026-06-03
/products/nike-phantom-6-high-elite-artificial-grass-pro-soccer-cleats-breakout-pack-su26,IQ1869-900,cleat,nike,nike phantom 6 high elite ag,2026-06-08,deliverables/page-optimizations/2026-06-08_session-01/nike-phantom-6-high-elite-artificial-grass-pro-soccer-cleats-breakout-pack-su26_brief.md,,,,,,,,,,,,,,,,,,,shipped,,nike phantom 6 high elite ag,nike phantom 6 high elite ag,nike phantom 6 high elite ag,90,,brief Primary keyword field,2026-06-08
/products/nike-phantom-6-high-elite-firm-soccer-cleats-breakout-pack-su26,IH1779-900,cleat,nike,nike phantom 6 elite fg,2026-06-08,deliverables/page-optimizations/2026-06-08_session-01/nike-phantom-6-high-elite-firm-soccer-cleats-breakout-pack-su26_brief.md,,,,,,,,,,,,,,,,,,,shipped,,nike phantom 6 elite fg,nike phantom 6 elite fg,nike phantom 6 elite fg,90,,brief Primary keyword field,2026-06-08
/products/nike-phantom-6-low-elite-artificial-grass-pro-soccer-cleats-breakout-pack-su26,IQ1870-900,cleat,nike,nike phantom 6 elite ag,2026-06-08,deliverables/page-optimizations/2026-06-08_session-01/nike-phantom-6-low-elite-artificial-grass-pro-soccer-cleats-breakout-pack-su26_brief.md,,,,,,,,,,,,,,,,,,,shipped,,nike phantom 6 elite ag,nike phantom 6 elite ag,nike phantom 6 elite ag,320,,brief Primary keyword field,2026-06-08
/products/nike-phantom-6-low-pro-firm-ground-soccer-cleats-breakout-pack-su26,IQ1886-900,cleat,nike,nike phantom 6 pro,2026-06-08,deliverables/page-optimizations/2026-06-08_session-01/nike-phantom-6-low-pro-firm-ground-soccer-cleats-breakout-pack-su26_brief.md,,,,,,,,,,,,,,,,,,,shipped,,nike phantom 6 pro,nike phantom 6 pro,nike phantom 6 pro,720,,brief Primary keyword field,2026-06-08
/products/nike-tiempo-maestro-elite-artificial-grass-pro-soccer-cleats-breakout-pack-su26,IQ2383-901,cleat,nike,nike tiempo maestro elite ag,2026-06-08,deliverables/page-optimizations/2026-06-08_session-01/nike-tiempo-maestro-elite-artificial-grass-pro-soccer-cleats-breakout-pack-su26_brief.md,,,,,,,,,,,,,,,,,,,shipped,,nike tiempo maestro elite ag,nike tiempo maestro elite ag,nike tiempo maestro elite ag,140,"Breakout twins (Batch 1/2, shipped)",brief Primary keyword field,2026-06-08
/products/nike-tiempo-maestro-elite-firm-ground-soccer-cleats-breakout-pack-su26,IH1776-901,cleat,nike,nike tiempo maestro elite fg,2026-06-08,deliverables/page-optimizations/2026-06-08_session-01/nike-tiempo-maestro-elite-firm-ground-soccer-cleats-breakout-pack-su26_brief.md,,,,,,,,,,,,,,,,,,,shipped,,nike tiempo maestro elite fg,nike tiempo maestro elite fg,nike tiempo maestro elite fg,50,"Breakout twins (Batch 1/2, shipped)",brief Primary keyword field,2026-06-08
/products/nike-vapor-17-elite-artificial-grass-pro-soccer-cleats-breakout-pack-su26,IM5806-900,cleat,nike,nike mercurial vapor 17 elite,2026-06-08,deliverables/page-optimizations/2026-06-08_session-01/nike-vapor-17-elite-artificial-grass-pro-soccer-cleats-breakout-pack-su26_brief.md,,,,,,,,,,,,,,,,,,,shipped,,nike mercurial vapor 17 elite,nike mercurial vapor 17 elite,nike mercurial vapor 17 elite,90,,brief Primary keyword field,2026-06-08
/products/nike-vapor-17-elite-firm-ground-soccer-cleats-breakout-pack-su26,IO1560-900,cleat,nike,nike mercurial vapor 17 elite fg,2026-06-08,deliverables/page-optimizations/2026-06-08_session-01/nike-vapor-17-elite-firm-ground-soccer-cleats-breakout-pack-su26_brief.md,,,,,,,,,,,,,,,,,,,shipped,,nike mercurial vapor 17 elite fg,nike mercurial vapor 17 elite fg,nike mercurial vapor 17 elite fg,10,,brief Primary keyword field,2026-06-08
/products/nike-zoom-superfly-11-elite-artificial-grass-pro-soccer-cleats-breakout-pack-su26,IO8221-900,cleat,nike,nike mercurial superfly 11 elite ag,2026-06-08,deliverables/page-optimizations/2026-06-08_session-01/nike-zoom-superfly-11-elite-artificial-grass-pro-soccer-cleats-breakout-pack-su26_brief.md,,,,,,,,,,,,,,,,,,,shipped,,nike mercurial superfly 11 elite ag,nike mercurial superfly 11 elite ag,nike mercurial superfly 11 elite ag,,,brief Primary keyword field,2026-06-08
/products/nike-zoom-superfly-11-elite-firm-ground-soccer-cleats-breakout-pack-su26,IO8219-900,cleat,nike,nike mercurial superfly 11 elite fg,2026-06-08,deliverables/page-optimizations/2026-06-08_session-01/nike-zoom-superfly-11-elite-firm-ground-soccer-cleats-breakout-pack-su26_brief.md,,,,,,,,,,,,,,,,,,,shipped,,nike mercurial superfly 11 elite fg,nike mercurial superfly 11 elite fg,nike mercurial superfly 11 elite fg,,,brief Primary keyword field,2026-06-08
https://www.prosoccer.com/products/adidas-f50-hyperfast-club-firm-multi-ground-soccer-cleats-road-to-glory-pack-sp26,IH9375,cleat,adidas,adidas f50 club,2026-06-10,deliverables/page-optimizations/2026-06-10_session-01/adidas-f50-hyperfast-club-firm-multi-ground-soccer-cleats-road-to-glory-pack-sp26_brief.md,,,,,,,,,,,,,,,,,,,shipped,primary from _audit-trail.md KIRA table,adidas f50 club,adidas f50 club,adidas f50 club,210,,audit-trail.md,2026-06-10
https://www.prosoccer.com/products/adidas-f50-hyperfast-elite-firm-ground-soccer-cleats-road-to-glory-pack-su26,JR5386,cleat,adidas,adidas f50 elite,2026-06-10,deliverables/page-optimizations/2026-06-10_session-01/adidas-f50-hyperfast-elite-firm-ground-soccer-cleats-road-to-glory-pack-su26_brief.md,,,,,,,,,,,,,,,,,,,shipped,primary from _audit-trail.md KIRA table,adidas f50 elite,adidas f50 elite,adidas f50 elite,6600,,audit-trail.md,2026-06-10
https://www.prosoccer.com/products/adidas-f50-hyperfast-elite-laceless-firm-ground-soccer-cleats-road-to-glory-pack-sp26,KJ6080,cleat,adidas,adidas f50 elite laceless,2026-06-10,deliverables/page-optimizations/2026-06-10_session-01/adidas-f50-hyperfast-elite-laceless-firm-ground-soccer-cleats-road-to-glory-pack-sp26_brief.md,,,,,,,,,,,,,,,,,,,shipped,primary from _audit-trail.md KIRA table,adidas f50 elite laceless,adidas f50 elite laceless,adidas f50 elite laceless,1600,,audit-trail.md,2026-06-10
https://www.prosoccer.com/products/adidas-f50-hyperfast-league-mid-firm-ground-soccer-cleats-road-to-glory-pack-sp26,KJ6714,cleat,adidas,adidas f50 league,2026-06-10,deliverables/page-optimizations/2026-06-10_session-01/adidas-f50-hyperfast-league-mid-firm-ground-soccer-cleats-road-to-glory-pack-sp26_brief.md,,,,,,,,,,,,,,,,,,,shipped,primary from _audit-trail.md KIRA table,adidas f50 league,adidas f50 league,adidas f50 league,880,,audit-trail.md,2026-06-10
https://www.prosoccer.com/products/adidas-f50-hyperfast-league-turf-soccer-shoes-road-to-glory-pack-sp26,IH4582,cleat-turf,adidas,adidas f50 league turf,2026-06-10,deliverables/page-optimizations/2026-06-10_session-01/adidas-f50-hyperfast-league-turf-soccer-shoes-road-to-glory-pack-sp26_brief.md,,,,,,,,,,,,,,,,,,,shipped,primary from _audit-trail.md KIRA table,adidas f50 league turf,adidas f50 league turf,adidas f50 league turf,70,,audit-trail.md,2026-06-10
https://www.prosoccer.com/products/adidas-f50-hyperfast-pro-firm-ground-soccer-cleats-road-to-glory-pack-sp26,IH9345,cleat,adidas,adidas f50 pro,2026-06-10,deliverables/page-optimizations/2026-06-10_session-01/adidas-f50-hyperfast-pro-firm-ground-soccer-cleats-road-to-glory-pack-sp26_brief.md,,,,,,,,,,,,,,,,,,,shipped,primary from _audit-trail.md KIRA table,adidas f50 pro,adidas f50 pro,adidas f50 pro,1600,,audit-trail.md,2026-06-10
https://www.prosoccer.com/products/adidas-f50-hyperfast-pro-indoor-soccer-shoes-road-to-glory-pack-sp26,IH4571,shoe-indoor,adidas,adidas f50 indoor,2026-06-10,deliverables/page-optimizations/2026-06-10_session-01/adidas-f50-hyperfast-pro-indoor-soccer-shoes-road-to-glory-pack-sp26_brief.md,,,,,,,,,,,,,,,,,,,shipped,primary from _audit-trail.md KIRA table,adidas f50 indoor,adidas f50 indoor,adidas f50 indoor,320,,audit-trail.md,2026-06-10
https://www.prosoccer.com/products/adidas-f50-hyperfast-pro-turf-soccer-shoes-road-to-glory-pack-sp26,IH4567,cleat-turf,adidas,adidas f50 turf,2026-06-10,deliverables/page-optimizations/2026-06-10_session-01/adidas-f50-hyperfast-pro-turf-soccer-shoes-road-to-glory-pack-sp26_brief.md,,,,,,,,,,,,,,,,,,,shipped,primary from _audit-trail.md KIRA table,adidas f50 turf,adidas f50 turf,adidas f50 turf,720,,audit-trail.md,2026-06-10
https://www.prosoccer.com/products/nike-2026-croatia-mens-stadium-away-soccer-jersey,J000693-CRFT,jersey,nike,croatia jersey 2026,2026-06-10,deliverables/page-optimizations/2026-06-10_session-01/nike-2026-croatia-mens-stadium-away-soccer-jersey_brief.md,,,,,,,,,,,,,,,,,,,shipped,primary from _audit-trail.md KIRA table,croatia jersey 2026,croatia jersey 2026,croatia jersey 2026,390,,audit-trail.md,2026-06-10
https://www.prosoccer.com/products/nike-vapor-17-pro-firm-ground-soccer-cleats-breakout-pack-su26,IO8225-900,cleat,nike,nike mercurial vapor 17 pro,2026-06-10,deliverables/page-optimizations/2026-06-10_session-01/nike-vapor-17-pro-firm-ground-soccer-cleats-breakout-pack-su26_brief.md,,,,,,,,,,,,,,,,,,,shipped,primary from _audit-trail.md KIRA table,nike mercurial vapor 17 pro,nike mercurial vapor 17 pro,nike mercurial vapor 17 pro,10,,audit-trail.md,2026-06-10
https://www.prosoccer.com/products/adidas-f50-hyperfast-league-indoor-soccer-shoes-road-to-glory-pack-sp26,IH4577,shoe-indoor,adidas,adidas f50 indoor soccer shoes;adidas f50 road to glory;adidas f50 league indoor;adidas f50,2026-06-15,deliverables/page-optimizations/2026-06-15_session-01/IH4577_adidas-f50-hyperfast-league-indoor-soccer-shoes-road-to-glory-pack-sp26_brief.md,,,,,,,,,,,,,,,,,,,shipped,,adidas f50 indoor soccer shoes,adidas f50 indoor soccer shoes,adidas f50 indoor soccer shoes;adidas f50 road to glory;adidas f50 league indoor;adidas f50,480,,brief Keywords table,2026-06-15
https://www.prosoccer.com/products/adidas-junior-f50-hyperfast-club-firm-multi-ground-soccer-cleats-road-to-glory-pack-sp26,KK1307,cleat,adidas,adidas junior f50 club;adidas f50 road to glory;adidas youth soccer cleats;adidas f50 youth,2026-06-15,deliverables/page-optimizations/2026-06-15_session-01/KK1307_adidas-junior-f50-hyperfast-club-firm-multi-ground-soccer-cleats-road-to-glory-pack-sp26_brief.md,,,,,,,,,,,,,,,,,,,shipped,,adidas junior f50 club,adidas junior f50 club,adidas junior f50 club;adidas f50 road to glory;adidas youth soccer cleats;adidas f50 youth,0* (GSC override pos 10),,brief Keywords table,2026-06-15
https://www.prosoccer.com/products/adidas-junior-f50-hyperfast-elite-firm-ground-soccer-cleats-road-to-glory-pack-sp26,IH4451,cleat,adidas,adidas junior f50 elite fg;adidas f50 road to glory;adidas youth soccer cleats;youth soccer cleats;adidas f50 youth;f50 youth cleats,2026-06-15,deliverables/page-optimizations/2026-06-15_session-01/IH4451_adidas-junior-f50-hyperfast-elite-firm-ground-soccer-cleats-road-to-glory-pack-sp26_brief.md,,,,,,,,,,,,,,,,,,,shipped,,adidas junior f50 elite fg,adidas junior f50 elite fg,adidas junior f50 elite fg;adidas f50 road to glory;adidas youth soccer cleats;youth soccer cleats;adidas f50 youth;f50 youth cleats,0* (GSC override pos 7),,brief Keywords table,2026-06-15
https://www.prosoccer.com/products/adidas-junior-f50-hyperfast-league-mid-firm-ground-soccer-cleats-road-to-glory-pack-sp26,KK1315,cleat,adidas,adidas junior f50 league mid;adidas f50 road to glory;adidas youth soccer cleats;adidas f50 youth,2026-06-15,deliverables/page-optimizations/2026-06-15_session-01/KK1315_adidas-junior-f50-hyperfast-league-mid-firm-ground-soccer-cleats-road-to-glory-pack-sp26_brief.md,,,,,,,,,,,,,,,,,,,shipped,,adidas junior f50 league mid,adidas junior f50 league mid,adidas junior f50 league mid;adidas f50 road to glory;adidas youth soccer cleats;adidas f50 youth,0* (no GSC signal yet),,brief Keywords table,2026-06-15
https://www.prosoccer.com/products/adidas-junior-f50-hyperfast-league-turf-soccer-shoes-road-to-glory-pack-sp26,KK1319,cleat-turf,adidas,adidas junior f50 turf;adidas f50 road to glory;youth turf soccer shoes;adidas f50 youth,2026-06-15,deliverables/page-optimizations/2026-06-15_session-01/KK1319_adidas-junior-f50-hyperfast-league-turf-soccer-shoes-road-to-glory-pack-sp26_brief.md,,,,,,,,,,,,,,,,,,,shipped,,adidas junior f50 turf,adidas junior f50 turf,adidas junior f50 turf;adidas f50 road to glory;youth turf soccer shoes;adidas f50 youth,0* (GSC override pos 1),,brief Keywords table,2026-06-15
https://www.prosoccer.com/products/adidas-junior-predator-elite-fold-over-tongue-firm-ground-soccer-cleats-road-to-glory-pack-sp26,HP9970,cleat,adidas,adidas junior predator elite fg;adidas predator road to glory;adidas predator youth;youth predator cleats,2026-06-15,deliverables/page-optimizations/2026-06-15_session-01/HP9970_adidas-junior-predator-elite-fold-over-tongue-firm-ground-soccer-cleats-road-to-glory-pack-sp26_brief.md,,,,,,,,,,,,,,,,,,,shipped,,adidas junior predator elite fg,adidas junior predator elite fg,adidas junior predator elite fg;adidas predator road to glory;adidas predator youth;youth predator cleats,0* (no GSC signal yet),,brief Keywords table,2026-06-15
https://www.prosoccer.com/products/adidas-junior-predator-league-fold-over-tongue-firm-ground-soccer-cleats-road-to-glory-pack-sp26,HP9998,cleat,adidas,adidas junior predator league;adidas predator road to glory;adidas predator youth;youth predator cleats,2026-06-15,deliverables/page-optimizations/2026-06-15_session-01/HP9998_adidas-junior-predator-league-fold-over-tongue-firm-ground-soccer-cleats-road-to-glory-pack-sp26_brief.md,,,,,,,,,,,,,,,,,,,shipped,,adidas junior predator league,adidas junior predator league,adidas junior predator league;adidas predator road to glory;adidas predator youth;youth predator cleats,0* (no GSC signal yet),,brief Keywords table,2026-06-15
https://www.prosoccer.com/products/adidas-predator-elite-firm-ground-soccer-cleats-road-to-glory-pack-sp26,HP9973,cleat,adidas,adidas predator elite fg;adidas predator road to glory;adidas predator elite;adidas predator cleats;adidas predator,2026-06-15,deliverables/page-optimizations/2026-06-15_session-01/HP9973_adidas-predator-elite-firm-ground-soccer-cleats-road-to-glory-pack-sp26_brief.md,,,,,,,,,,,,,,,,,,,shipped,,adidas predator elite fg,adidas predator elite fg,adidas predator elite fg;adidas predator road to glory;adidas predator elite;adidas predator cleats;adidas predator,1000,,brief Keywords table,2026-06-15
https://www.prosoccer.com/products/adidas-predator-elite-fold-over-tongue-artificial-grass-soccer-cleats-road-to-glory-pack-sp26,HP9971,cleat,adidas,adidas predator elite ag;adidas predator road to glory;adidas predator elite;adidas predator artificial grass,2026-06-15,deliverables/page-optimizations/2026-06-15_session-01/HP9971_adidas-predator-elite-fold-over-tongue-artificial-grass-soccer-cleats-road-to-glory-pack-sp26_brief.md,,,,,,,,,,,,,,,,,,,shipped,,adidas predator elite ag,adidas predator elite ag,adidas predator elite ag;adidas predator road to glory;adidas predator elite;adidas predator artificial grass,590,,brief Keywords table,2026-06-15
https://www.prosoccer.com/products/adidas-predator-elite-laceless-firm-ground-soccer-cleats-road-to-glory-pack-sp26,HP9967,cleat,adidas,adidas predator elite laceless;adidas predator road to glory;adidas predator elite;adidas predator laceless,2026-06-15,deliverables/page-optimizations/2026-06-15_session-01/HP9967_adidas-predator-elite-laceless-firm-ground-soccer-cleats-road-to-glory-pack-sp26_brief.md,,,,,,,,,,,,,,,,,,,shipped,,adidas predator elite laceless,adidas predator elite laceless,adidas predator elite laceless;adidas predator road to glory;adidas predator elite;adidas predator laceless,390,,brief Keywords table,2026-06-15
https://www.prosoccer.com/products/adidas-junior-predator-league-fold-over-tongue-turf-soccer-shoes-road-to-glory-pack-sp26,HQ0007,cleat-turf,adidas,adidas junior predator league turf fold over;adidas predator road to glory;adidas predator youth;junior predator turf,2026-06-17,deliverables/page-optimizations/2026-06-17_session-01/HQ0007_adidas-junior-predator-league-fold-over-tongue-turf-soccer-shoes-road-to-glory-pack-sp26_brief.md,,,,,,,,,,,,,,,,,,,shipped,,adidas junior predator league turf fold over,adidas junior predator league turf fold over,adidas junior predator league turf fold over;adidas predator road to glory;adidas predator youth;junior predator turf,0* (no GSC signal yet),,brief Keywords table,2026-06-17
https://www.prosoccer.com/products/adidas-junior-predator-league-turf-soccer-shoes-road-to-glory-pack-sp26,KK3725,cleat-turf,adidas,adidas junior predator league turf;adidas predator road to glory;adidas predator youth;junior predator turf shoes,2026-06-17,deliverables/page-optimizations/2026-06-17_session-01/KK3725_adidas-junior-predator-league-turf-soccer-shoes-road-to-glory-pack-sp26_brief.md,,,,,,,,,,,,,,,,,,,shipped,,adidas junior predator league turf,adidas junior predator league turf,adidas junior predator league turf;adidas predator road to glory;adidas predator youth;junior predator turf shoes,0* (no GSC signal yet),,brief Keywords table,2026-06-17
https://www.prosoccer.com/products/adidas-kids-predator-club-fold-over-tongue-firm-multi-ground-soccer-cleats-road-to-glory-pack-sp26,KJ6746,cleat,adidas,adidas kids predator club;adidas predator road to glory;adidas predator youth;kids predator cleats,2026-06-17,deliverables/page-optimizations/2026-06-17_session-01/KJ6746_adidas-kids-predator-club-fold-over-tongue-firm-multi-ground-soccer-cleats-road-to-glory-pack-sp26_brief.md,,,,,,,,,,,,,,,,,,,shipped,,adidas kids predator club,adidas kids predator club,adidas kids predator club;adidas predator road to glory;adidas predator youth;kids predator cleats,0* (no GSC signal yet),,brief Keywords table,2026-06-17
https://www.prosoccer.com/products/adidas-predator-club-fold-over-tongue-firm-multi-ground-soccer-cleats-road-to-glory-pack-sp26,HQ2273,cleat,adidas,adidas predator club;adidas predator road to glory;predator club cleats;adidas predator firm multi ground;predator fg mg,2026-06-17,deliverables/page-optimizations/2026-06-17_session-01/HQ2273_adidas-predator-club-fold-over-tongue-firm-multi-ground-soccer-cleats-road-to-glory-pack-sp26_brief.md,,,,,,,,,,,,,,,,,,,shipped,,adidas predator club,adidas predator club,adidas predator club;adidas predator road to glory;predator club cleats;adidas predator firm multi ground;predator fg mg,260,,brief Keywords table,2026-06-17
https://www.prosoccer.com/products/adidas-predator-elite-fold-over-tongue-firm-ground-soccer-cleats-road-to-glory-pack-sp26,JP6237,cleat,adidas,adidas predator elite fold over tongue fg;adidas predator road to glory;adidas predator elite;predator elite fold over tongue;predator fg cleats,2026-06-17,deliverables/page-optimizations/2026-06-17_session-01/JP6237_adidas-predator-elite-fold-over-tongue-firm-ground-soccer-cleats-road-to-glory-pack-sp26_brief.md,,,,,,,,,,,,,,,,,,,shipped,,adidas predator elite fold over tongue fg,adidas predator elite fold over tongue fg,adidas predator elite fold over tongue fg;adidas predator road to glory;adidas predator elite;predator elite fold over tongue;predator fg cleats,sub-floor* (GSC pos 7.9 733 impr on adjacent query),,brief Keywords table,2026-06-17
https://www.prosoccer.com/products/adidas-predator-league-fold-over-tongue-firm-ground-soccer-cleats-road-to-glory-pack-sp26,JP6271,cleat,adidas,adidas predator league fg;adidas predator road to glory;adidas predator league;predator league firm ground;predator fg cleats,2026-06-17,deliverables/page-optimizations/2026-06-17_session-01/JP6271_adidas-predator-league-fold-over-tongue-firm-ground-soccer-cleats-road-to-glory-pack-sp26_brief.md,,,,,,,,,,,,,,,,,,,shipped,,adidas predator league fg,adidas predator league fg,adidas predator league fg;adidas predator road to glory;adidas predator league;predator league firm ground;predator fg cleats,260,,brief Keywords table,2026-06-17
https://www.prosoccer.com/products/adidas-predator-league-fold-over-tongue-turf-soccer-shoes-road-to-glory-pack-sp26,IH7212,cleat-turf,adidas,adidas predator league turf;adidas predator road to glory;adidas predator turf;adidas predator league;predator turf shoes,2026-06-17,deliverables/page-optimizations/2026-06-17_session-01/IH7212_adidas-predator-league-fold-over-tongue-turf-soccer-shoes-road-to-glory-pack-sp26_brief.md,,,,,,,,,,,,,,,,,,,shipped,,adidas predator league turf,adidas predator league turf,adidas predator league turf;adidas predator road to glory;adidas predator turf;adidas predator league;predator turf shoes,90 (just below floor held for surface uniqueness),,brief Keywords table,2026-06-17
https://www.prosoccer.com/products/adidas-predator-pro-fold-over-turf-soccer-shoes-road-to-glory-pack-sp26,HQ2254,cleat-turf,adidas,adidas predator pro turf;adidas predator road to glory;adidas predator pro;adidas predator turf;predator pro turf shoes,2026-06-17,deliverables/page-optimizations/2026-06-17_session-01/HQ2254_adidas-predator-pro-fold-over-turf-soccer-shoes-road-to-glory-pack-sp26_brief.md,,,,,,,,,,,,,,,,,,,shipped,,adidas predator pro turf,adidas predator pro turf,adidas predator pro turf;adidas predator road to glory;adidas predator pro;adidas predator turf;predator pro turf shoes,260 (GSC pos 4.1 561 impr),,brief Keywords table,2026-06-17
https://www.prosoccer.com/products/nike-2026-croatia-womens-stadium-home-soccer-jersey,J000691-CRFT,jersey,nike,croatia womens home jersey 2026;croatia 2026 home jersey women;croatia national team jersey;nike croatia jersey,2026-06-17,deliverables/page-optimizations/2026-06-17_session-01/J000691-CRFT_nike-2026-croatia-womens-stadium-home-soccer-jersey_brief.md,,,,,,,,,,,,,,,,,,,shipped,,croatia womens home jersey 2026,croatia womens home jersey 2026,croatia womens home jersey 2026;croatia 2026 home jersey women;croatia national team jersey;nike croatia jersey,0* (no GSC signal yet),,brief Keywords table,2026-06-17
https://www.prosoccer.com/products/nike-2026-croatia-youth-stadium-away-soccer-jersey,J000695-CRFT,jersey,nike,croatia youth away jersey 2026;croatia 2026 away jersey youth;croatia national team jersey;nike croatia jersey;croatia youth jersey,2026-06-17,deliverables/page-optimizations/2026-06-17_session-01/J000695-CRFT_nike-2026-croatia-youth-stadium-away-soccer-jersey_brief.md,,,,,,,,,,,,,,,,,,,shipped,,croatia youth away jersey 2026,croatia youth away jersey 2026,croatia youth away jersey 2026;croatia 2026 away jersey youth;croatia national team jersey;nike croatia jersey;croatia youth jersey,0* (no GSC signal yet),,brief Keywords table,2026-06-17
https://www.prosoccer.com/products/adidas-copa-pure-iv-elite-firm-ground-soccer-cleats-road-to-glory-pack-sp26,KI0586,cleat,adidas,adidas copa pure iv elite;adidas copa pure road to glory;copa pure iv elite;adidas copa pure iv elite fg;copa pure iv elite laceless fg,2026-06-30,deliverables/page-optimizations/2026-06-30_session-01/KI0586_adidas-copa-pure-iv-elite-firm-ground-soccer-cleats-road-to-glory-pack-sp26_brief.md,,,,,,,,,,,,,,,,,,,shipped,,adidas copa pure iv elite,adidas copa pure iv elite,adidas copa pure iv elite;adidas copa pure road to glory;copa pure iv elite;adidas copa pure iv elite fg;copa pure iv elite laceless fg,,,brief Keywords table,2026-06-30
https://www.prosoccer.com/products/adidas-copa-pure-iv-league-firm-ground-soccer-cleats-road-to-glory-pack-sp26,KI0653,cleat,adidas,adidas copa pure iv league fg;adidas copa pure road to glory;copa pure iv league;copa pure iv league firm ground;adidas copa pure iv league,2026-06-30,deliverables/page-optimizations/2026-06-30_session-01/KI0653_adidas-copa-pure-iv-league-firm-ground-soccer-cleats-road-to-glory-pack-sp26_brief.md,,,,,,,,,,,,,,,,,,,shipped,,adidas copa pure iv league fg,adidas copa pure iv league fg,adidas copa pure iv league fg;adidas copa pure road to glory;copa pure iv league;copa pure iv league firm ground;adidas copa pure iv league,sub-floor* (GSC override),,brief Keywords table,2026-06-30
https://www.prosoccer.com/products/adidas-copa-pure-iv-league-turf-soccer-shoes-road-to-glory-pack-sp26,KI0645,cleat-turf,adidas,adidas copa pure iv league turf;adidas copa pure road to glory;copa pure iv league turf soccer shoes;copa pure iv league turf;copa pure iv league,2026-06-30,deliverables/page-optimizations/2026-06-30_session-01/KI0645_adidas-copa-pure-iv-league-turf-soccer-shoes-road-to-glory-pack-sp26_brief.md,,,,,,,,,,,,,,,,,,,shipped,,adidas copa pure iv league turf,adidas copa pure iv league turf,adidas copa pure iv league turf;adidas copa pure road to glory;copa pure iv league turf soccer shoes;copa pure iv league turf;copa pure iv league,sub-floor* (GSC override),,brief Keywords table,2026-06-30
https://www.prosoccer.com/products/adidas-copa-pure-iv-pro-firm-ground-soccer-cleats-road-to-glory-pack-sp26,KI0625,cleat,adidas,adidas copa pure iv pro fg;adidas copa pure road to glory;copa pure iv pro;adidas copa pure iv pro;copa pure 4 pro,2026-06-30,deliverables/page-optimizations/2026-06-30_session-01/KI0625_adidas-copa-pure-iv-pro-firm-ground-soccer-cleats-road-to-glory-pack-sp26_brief.md,,,,,,,,,,,,,,,,,,,shipped,,adidas copa pure iv pro fg,adidas copa pure iv pro fg,adidas copa pure iv pro fg;adidas copa pure road to glory;copa pure iv pro;adidas copa pure iv pro;copa pure 4 pro,sub-floor* (GSC override),,brief Keywords table,2026-06-30
https://www.prosoccer.com/products/adidas-copa-pure-iv-pro-turf-soccer-shoes-road-to-glory-pack-sp26,KI0630,cleat-turf,adidas,adidas copa pure iv pro turf;adidas copa pure road to glory;copa pure pro turf;adidas copa pure iv pro turf soccer shoes;copa pure iv pro turf,2026-06-30,deliverables/page-optimizations/2026-06-30_session-01/KI0630_adidas-copa-pure-iv-pro-turf-soccer-shoes-road-to-glory-pack-sp26_brief.md,,,,,,,,,,,,,,,,,,,shipped,,adidas copa pure iv pro turf,adidas copa pure iv pro turf,adidas copa pure iv pro turf;adidas copa pure road to glory;copa pure pro turf;adidas copa pure iv pro turf soccer shoes;copa pure iv pro turf,sub-floor* (GSC override),,brief Keywords table,2026-06-30
https://www.prosoccer.com/products/kelme-2026-bosnia-and-herzegovina-youth-stadium-away-soccer-jersey,7651TX3927,jersey,kelme,bosnia away jersey 2026;kelme bosnia away jersey 2026;kelme bosnia jersey;bosnia soccer jersey;bosnia jersey kids,2026-06-30,deliverables/page-optimizations/2026-06-30_session-01/7651TX3927_kelme-2026-bosnia-and-herzegovina-youth-stadium-away-soccer-jersey_brief.md,,,,,,,,,,,,,,,,,,,shipped,,bosnia away jersey 2026,bosnia away jersey 2026,bosnia away jersey 2026;kelme bosnia away jersey 2026;kelme bosnia jersey;bosnia soccer jersey;bosnia jersey kids,* (GSC override),,brief Keywords table,2026-06-30
https://www.prosoccer.com/products/kelme-2026-bosnia-and-herzegovina-youth-stadium-home-soccer-jersey,7651TX3926,jersey,kelme,bosnia jersey 2026;kelme bosnia jersey 2026;bosnia soccer jersey;bosnia jersey;bosnia jersey kids;kelme bosnia jersey,2026-06-30,deliverables/page-optimizations/2026-06-30_session-01/7651TX3926_kelme-2026-bosnia-and-herzegovina-youth-stadium-home-soccer-jersey_brief.md,,,,,,,,,,,,,,,,,,,shipped,,bosnia jersey 2026,bosnia jersey 2026,bosnia jersey 2026;kelme bosnia jersey 2026;bosnia soccer jersey;bosnia jersey;bosnia jersey kids;kelme bosnia jersey,* (GSC override pos 6.8 227 impr),,brief Keywords table,2026-06-30
https://www.prosoccer.com/products/nike-2026-croatia-womens-stadium-away-soccer-jersey,J000694-CRFT,jersey,nike,women's croatia jersey;croatia 2026 away jersey women;croatia away jersey;croatia womens away jersey 2026;croatia away kit;croatia womens jersey,2026-06-30,deliverables/page-optimizations/2026-06-30_session-01/J000694-CRFT_nike-2026-croatia-womens-stadium-away-soccer-jersey_brief.md,,,,,,,,,,,,,,,,,,,shipped,,women's croatia jersey,women s croatia jersey,women s croatia jersey;croatia 2026 away jersey women;croatia away jersey;croatia womens away jersey 2026;croatia away kit;croatia womens jersey,164 impr (GSC pos 5.6),,brief Keywords table,2026-06-30
https://www.prosoccer.com/products/nike-2026-croatia-youth-stadium-home-soccer-jersey,J000692-CRFT,jersey,nike,croatia youth home jersey 2026;croatia 2026 home jersey youth;croatia youth soccer jersey;croatia youth jersey;croatia jersey kids;nike croatia youth jersey,2026-06-30,deliverables/page-optimizations/2026-06-30_session-01/J000692-CRFT_nike-2026-croatia-youth-stadium-home-soccer-jersey_brief.md,,,,,,,,,,,,,,,,,,,shipped,,croatia youth home jersey 2026,croatia youth home jersey 2026,croatia youth home jersey 2026;croatia 2026 home jersey youth;croatia youth soccer jersey;croatia youth jersey;croatia jersey kids;nike croatia youth jersey,sub-floor* (GSC override),,brief Keywords table,2026-06-30
https://www.prosoccer.com/products/nike-tiempo-maestro-academy-turf-soccer-shoes-breakout-pack-su26,IQ2388-901,cleat-turf,nike,nike tiempo maestro academy turf;nike tiempo maestro breakout pack su26;tiempo turf shoes,2026-06-30,deliverables/page-optimizations/2026-06-30_session-01/IQ2388-901_nike-tiempo-maestro-academy-turf-soccer-shoes-breakout-pack-su26_brief.md,,,,,,,,,,,,,,,,,,,shipped,"META RETARGET 2026-08-04 (ships as its own Matrixify change, pending import; NOT bundled with a batch): primary moved off the bare cross-surface term 'nike tiempo maestro academy' (170, belongs to neither surface) to the turf-qualified 'nike tiempo maestro academy turf' (20, sub-floor). title_tag + description_tag only, no body rewrite. Frees Batch 12 IB1600 to hold 'nike tiempo maestro academy fg mg'. Also fixes the prior forbidden colon-opener in the meta description. Retarget spec: deliverables/page-optimizations/2026-08-04_iq2388-retarget/IQ2388-901_meta-retarget.md | RE-QUALIFIED 2026-08-04 (Mike, pack-succession): under the rule the incumbent for Tiempo Maestro Academy Turf is the earliest live pack (SP26 Shadow/Attack), NOT this Breakout SU26 page; so this page takes a pack-qualified primary. Unqualified ""nike tiempo maestro academy turf"" (20/mo) releases to the SP26 incumbent. Breakout does not recur for this config, so no season code. No measurable DFS volume (both endpoints 2026-08-04). Still a meta-only change; NOT yet imported to Shopify. Supersedes the prior committed-but-unimported unqualified retarget.",nike tiempo maestro academy turf breakout,nike tiempo maestro academy turf breakout,nike tiempo maestro academy turf;nike tiempo maestro breakout pack su26;tiempo turf shoes,,,brief Keywords table; meta-retarget 2026-08-04,2026-08-04
https://www.prosoccer.com/products/nike-zoom-superfly-11-pro-firm-ground-soccer-cleats-breakout-pack-su26,IO8224-900,cleat,nike,nike mercurial superfly 11 pro;nike mercurial superfly 11 breakout pack su26;nike superfly 11 pro;superfly 11 pro;nike mercurial superfly 11 pro fg,2026-06-30,deliverables/page-optimizations/2026-06-30_session-01/IO8224-900_nike-zoom-superfly-11-pro-firm-ground-soccer-cleats-breakout-pack-su26_brief.md,,,,,,,,,,,,,,,,,,,shipped,,nike mercurial superfly 11 pro,nike mercurial superfly 11 pro,nike mercurial superfly 11 pro;nike mercurial superfly 11 breakout pack su26;nike superfly 11 pro;superfly 11 pro;nike mercurial superfly 11 pro fg,sub-floor* (GSC override),,brief Keywords table,2026-06-30
https://www.prosoccer.com/products/adidas-2026-jamaica-mens-authentic-away-soccer-jersey,KB7474,jersey,adidas,jamaica soccer jersey 2026;jamaica bob marley away jersey;jamaica away jersey;jamaica jersey adidas,2026-07-08,deliverables/page-optimizations/2026-07-08_session-01/KB7474_adidas-2026-jamaica-mens-authentic-away_brief.md,,,,,,,,,,,,,,,,,,,shipped,,jamaica soccer jersey 2026,jamaica soccer jersey 2026,jamaica soccer jersey 2026;jamaica bob marley away jersey;jamaica away jersey;jamaica jersey adidas,170,,brief Keywords table,2026-07-08
https://www.prosoccer.com/products/nike-2026-27-chelsea-youth-stadium-home-soccer-jersey,II1663-453,jersey,nike,chelsea youth jersey;chelsea 2026/27 home jersey;chelsea jersey 2026-27;chelsea home jersey;chelsea jersey youth,2026-07-08,deliverables/page-optimizations/2026-07-08_session-01/II1663-453_nike-2026-27-chelsea-youth-stadium-home_brief.md,,,,,,,,,,,,,,,,,,,shipped,,chelsea youth jersey,chelsea youth jersey,chelsea youth jersey;chelsea 2026 27 home jersey;chelsea jersey 2026 27;chelsea home jersey;chelsea jersey youth,170,,brief Keywords table,2026-07-08
https://www.prosoccer.com/products/nike-2026-korea-mens-stadium-home-soccer-jersey,IU3861-679,jersey,nike,south korea soccer jersey 2026;korea 2026 stadium home jersey;korea soccer jersey;korean jersey;korea soccer kit,2026-07-08,deliverables/page-optimizations/2026-07-08_session-01/IU3861-679_nike-2026-korea-mens-stadium-home_brief.md,,,,,,,,,,,,,,,,,,,shipped,,south korea soccer jersey 2026,south korea soccer jersey 2026,south korea soccer jersey 2026;korea 2026 stadium home jersey;korea soccer jersey;korean jersey;korea soccer kit,320,,brief Keywords table,2026-07-08
https://www.prosoccer.com/products/nike-jr-phantom-6-low-pro-firm-multi-ground-soccer-cleats-united-nu3,IR4192-661,cleat,nike,nike jr phantom 6 low pro;nike phantom 6 united nu3 pack;nike jr phantom 6;phantom cleats,2026-07-08,deliverables/page-optimizations/2026-07-08_session-01/IR4192-661_nike-jr-phantom-6-low-pro-fmg_brief.md,,,,,,,,,,,,,,,,,,,shipped,,nike jr phantom 6 low pro,nike jr phantom 6 low pro,nike jr phantom 6 low pro;nike phantom 6 united nu3 pack;nike jr phantom 6;phantom cleats,110,,brief Keywords table,2026-07-08
https://www.prosoccer.com/products/nike-phantom-6-high-elite-ag-pro-soccer-cleats-shadow-fa26,HQ2329-001,cleat,nike,nike phantom 6 high elite ag shadow;nike shadow pack;nike phantom 6 high elite;nike phantom 6 elite,2026-07-08,deliverables/page-optimizations/2026-07-08_session-01/HQ2329-001_nike-phantom-6-high-elite-ag-shadow_brief.md,,,,,,,,,,,,,,,,,,,shipped,,nike phantom 6 high elite ag shadow,nike phantom 6 high elite ag shadow,nike phantom 6 high elite ag shadow;nike shadow pack;nike phantom 6 high elite;nike phantom 6 elite,90* (surge; recent 3mo 170-210),Batch 6 Shadow entries (shipped 2026-07-08),brief Keywords table,2026-07-08
https://www.prosoccer.com/products/nike-phantom-6-high-elite-firm-ground-soccer-cleats-shadow-fa26,HJ2147-001,cleat,nike,nike phantom 6 high elite fg shadow;nike shadow pack;nike phantom 6 high elite;nike phantom 6 elite,2026-07-08,deliverables/page-optimizations/2026-07-08_session-01/HJ2147-001_nike-phantom-6-high-elite-fg-shadow_brief.md,,,,,,,,,,,,,,,,,,,shipped,,nike phantom 6 high elite fg shadow,nike phantom 6 high elite fg shadow,nike phantom 6 high elite fg shadow;nike shadow pack;nike phantom 6 high elite;nike phantom 6 elite,110,Batch 6 Shadow entries (shipped 2026-07-08),brief Keywords table,2026-07-08
https://www.prosoccer.com/products/nike-phantom-6-low-elite-firm-ground-soccer-cleats-shadow-fa26,HJ2146-001,cleat,nike,nike phantom 6 low elite fg;nike shadow pack;nike phantom 6 low elite;nike phantom 6 elite,2026-07-08,deliverables/page-optimizations/2026-07-08_session-01/HJ2146-001_nike-phantom-6-low-elite-fg-shadow_brief.md,,,,,,,,,,,,,,,,,,,shipped,,nike phantom 6 low elite fg,nike phantom 6 low elite fg,nike phantom 6 low elite fg;nike shadow pack;nike phantom 6 low elite;nike phantom 6 elite,110,Batch 6 Shadow entries (shipped 2026-07-08),brief Keywords table,2026-07-08
https://www.prosoccer.com/products/nike-vapor-17-pro-firm-ground-soccer-cleats-shadow-pack-fa26,IF8512-001,cleat,nike,nike vapor 17 pro shadow;nike shadow pack;nike vapor 17 pro;nike mercurial vapor 17 pro,2026-07-08,deliverables/page-optimizations/2026-07-08_session-01/IF8512-001_nike-vapor-17-pro-fg-shadow_brief.md,,,,,,,,,,,,,,,,,,,shipped,,nike vapor 17 pro shadow,nike vapor 17 pro shadow,nike vapor 17 pro shadow;nike shadow pack;nike vapor 17 pro;nike mercurial vapor 17 pro,,Batch 6 Shadow entries (shipped 2026-07-08),brief Keywords table,2026-07-08
https://www.prosoccer.com/products/umbro-2026-dr-congo-mens-authentic-away-soccer-jersey,DRCARM25,jersey,umbro,congo away kit 2026;dr congo white away jersey;congo away jersey;dr congo away jersey 2026,2026-07-08,deliverables/page-optimizations/2026-07-08_session-01/DRCARM25_umbro-2026-dr-congo-mens-authentic-away_brief.md,,,,,,,,,,,,,,,,,,,shipped,,congo away kit 2026,congo away kit 2026,congo away kit 2026;dr congo white away jersey;congo away jersey;dr congo away jersey 2026,20* (GSC override pos 2.05),,brief Keywords table,2026-07-08
https://www.prosoccer.com/products/umbro-2026-dr-congo-mens-authentic-home-soccer-jersey,DRCHRM25,jersey,umbro,dr congo jersey 2026;dr congo home kit 2026;dr congo soccer jersey;congo soccer jersey;umbro congo jersey,2026-07-08,deliverables/page-optimizations/2026-07-08_session-01/DRCHRM25_umbro-2026-dr-congo-mens-authentic-home_brief.md,,,,,,,,,,,,,,,,,,,shipped,,dr congo jersey 2026,dr congo jersey 2026,dr congo jersey 2026;dr congo home kit 2026;dr congo soccer jersey;congo soccer jersey;umbro congo jersey,140,,brief Keywords table,2026-07-08
https://www.prosoccer.com/products/kelme-2026-jordan-mens-authentic-away-soccer-jersey,7651TX1919,jersey,kelme,jordan away jersey 2026;kelme jordan jersey;jordan soccer jersey,2026-07-11,deliverables/page-optimizations/2026-07-11_session-01/7651TX1919_kelme-2026-jordan-mens-authentic-away_brief.md,,,,,,,,,,,,,,,,,,,shipped,gate-meta: deliverables\page-optimizations\2026-07-11_session-01\inputs\7651TX1919_input.md,jordan away jersey 2026,jordan away jersey 2026,jordan away jersey 2026;kelme jordan jersey;jordan soccer jersey,,,inputs gate-meta,2026-07-11
https://www.prosoccer.com/products/nike-reactx-phantom-6-low-pro-turf-soccer-shoes-shadow-fa26,HJ4123-001,cleat-turf,nike,nike phantom 6 low pro turf shadow;nike shadow pack;nike reactx phantom 6,2026-07-11,deliverables/page-optimizations/2026-07-11_session-01/HJ4123-001_nike-reactx-phantom-6-low-pro-turf-shadow_brief.md,,,,,,,,,,,,,,,,,,,shipped,gate-meta: deliverables\page-optimizations\2026-07-11_session-01\inputs\HJ4123-001_input.md,nike phantom 6 low pro turf shadow,nike phantom 6 low pro turf shadow,nike phantom 6 low pro turf shadow;nike shadow pack;nike reactx phantom 6,,,inputs gate-meta,2026-07-11
https://www.prosoccer.com/products/nike-tiempo-ligera-pro-firm-ground-soccer-cleats-shadow-fa26,HQ3158-002,cleat,nike,nike tiempo ligera pro fg shadow;nike shadow pack;nike tiempo ligera,2026-07-11,deliverables/page-optimizations/2026-07-11_session-01/HQ3158-002_nike-tiempo-ligera-pro-fg-shadow_brief.md,,,,,,,,,,,,,,,,,,,shipped,gate-meta: deliverables\page-optimizations\2026-07-11_session-01\inputs\HQ3158-002_input.md,nike tiempo ligera pro fg shadow,nike tiempo ligera pro fg shadow,nike tiempo ligera pro fg shadow;nike shadow pack;nike tiempo ligera,,,inputs gate-meta,2026-07-11
https://www.prosoccer.com/products/nike-tiempo-ligera-pro-turf-soccer-shoes-shadow-pack-fa26,IB4477-002,cleat-turf,nike,nike tiempo ligera pro turf shadow;nike shadow pack;nike tiempo ligera,2026-07-11,deliverables/page-optimizations/2026-07-11_session-01/IB4477-002_nike-tiempo-ligera-pro-turf-shadow_brief.md,,,,,,,,,,,,,,,,,,,shipped,gate-meta: deliverables\page-optimizations\2026-07-11_session-01\inputs\IB4477-002_input.md,nike tiempo ligera pro turf shadow,nike tiempo ligera pro turf shadow,nike tiempo ligera pro turf shadow;nike shadow pack;nike tiempo ligera,,,inputs gate-meta,2026-07-11
https://www.prosoccer.com/products/nike-tiempo-maestro-elite-ag-pro-soccer-cleats-shadow-fa26,IB4469-001,cleat,nike,nike tiempo maestro elite ag shadow;nike shadow pack;nike tiempo maestro elite,2026-07-11,deliverables/page-optimizations/2026-07-11_session-01/IB4469-001_nike-tiempo-maestro-elite-ag-shadow_brief.md,,,,,,,,,,,,,,,,,,,shipped,gate-meta: deliverables\page-optimizations\2026-07-11_session-01\inputs\IB4469-001_input.md,nike tiempo maestro elite ag shadow,nike tiempo maestro elite ag shadow,nike tiempo maestro elite ag shadow;nike shadow pack;nike tiempo maestro elite,,,inputs gate-meta,2026-07-11
https://www.prosoccer.com/products/nike-tiempo-maestro-elite-firm-ground-soccer-cleats-shadow-fa26,HQ3157-001,cleat,nike,nike tiempo maestro elite fg shadow;nike shadow pack;nike tiempo maestro elite,2026-07-11,deliverables/page-optimizations/2026-07-11_session-01/HQ3157-001_nike-tiempo-maestro-elite-fg-shadow_brief.md,,,,,,,,,,,,,,,,,,,shipped,gate-meta: deliverables\page-optimizations\2026-07-11_session-01\inputs\HQ3157-001_input.md,nike tiempo maestro elite fg shadow,nike tiempo maestro elite fg shadow,nike tiempo maestro elite fg shadow;nike shadow pack;nike tiempo maestro elite,,,inputs gate-meta,2026-07-11
https://www.prosoccer.com/products/nike-vapor-17-elite-ag-pro-soccer-cleats-shadow-fa26,IO4252-001,cleat,nike,nike vapor 17 elite ag shadow;nike shadow pack;nike vapor 17 elite,2026-07-11,deliverables/page-optimizations/2026-07-11_session-01/IO4252-001_nike-vapor-17-elite-ag-shadow_brief.md,,,,,,,,,,,,,,,,,,,shipped,gate-meta: deliverables\page-optimizations\2026-07-11_session-01\inputs\IO4252-001_input.md,nike vapor 17 elite ag shadow,nike vapor 17 elite ag shadow,nike vapor 17 elite ag shadow;nike shadow pack;nike vapor 17 elite,,,inputs gate-meta,2026-07-11
https://www.prosoccer.com/products/nike-vapor-17-elite-firm-ground-soccer-cleats-shadow-fa26,IF8508-001,cleat,nike,nike vapor 17 elite fg shadow;nike shadow pack;nike vapor 17 elite,2026-07-11,deliverables/page-optimizations/2026-07-11_session-01/IF8508-001_nike-vapor-17-elite-fg-shadow_brief.md,,,,,,,,,,,,,,,,,,,shipped,gate-meta: deliverables\page-optimizations\2026-07-11_session-01\inputs\IF8508-001_input.md,nike vapor 17 elite fg shadow,nike vapor 17 elite fg shadow,nike vapor 17 elite fg shadow;nike shadow pack;nike vapor 17 elite,,,inputs gate-meta,2026-07-11
https://www.prosoccer.com/products/nike-vapor-17-pro-turf-soccer-shoes-shadow-pack-fa26,IM5811-001,cleat-turf,nike,nike vapor 17 pro turf shadow;nike shadow pack;nike vapor 17 pro turf,2026-07-11,deliverables/page-optimizations/2026-07-11_session-01/IM5811-001_nike-vapor-17-pro-turf-shadow_brief.md,,,,,,,,,,,,,,,,,,,shipped,gate-meta: deliverables\page-optimizations\2026-07-11_session-01\inputs\IM5811-001_input.md,nike vapor 17 pro turf shadow,nike vapor 17 pro turf shadow,nike vapor 17 pro turf shadow;nike shadow pack;nike vapor 17 pro turf,,,inputs gate-meta,2026-07-11
https://www.prosoccer.com/products/nike-zoom-superfly-11-elite-ag-pro-soccer-cleats-shadow-fa26,IM2513-001,cleat,nike,nike zoom superfly 11 elite ag shadow;nike shadow pack;nike superfly 11 elite,2026-07-11,deliverables/page-optimizations/2026-07-11_session-01/IM2513-001_nike-superfly-11-elite-ag-shadow_brief.md,,,,,,,,,,,,,,,,,,,shipped,gate-meta: deliverables\page-optimizations\2026-07-11_session-01\inputs\IM2513-001_input.md,nike zoom superfly 11 elite ag shadow,nike zoom superfly 11 elite ag shadow,nike zoom superfly 11 elite ag shadow;nike shadow pack;nike superfly 11 elite,,,inputs gate-meta,2026-07-11
https://www.prosoccer.com/products/adidas-2026-27-liverpool-mens-home-long-sleeve-soccer-jersey,KB8268,jersey,adidas,liverpool long sleeve jersey;liverpool long sleeve home jersey;adidas liverpool jersey;liverpool home jersey,2026-07-13,deliverables/page-optimizations/2026-07-13_session-01/KB8268_adidas-2026-27-liverpool-mens-home-long-sleeve-soccer-jersey_brief.md,,,,,,,,,,,,,,,,,,,shipped,gate-meta: deliverables\page-optimizations\2026-07-13_session-01\inputs\KB8268_input.md,liverpool long sleeve jersey,liverpool long sleeve jersey,liverpool long sleeve jersey;liverpool long sleeve home jersey;adidas liverpool jersey;liverpool home jersey,1300,,inputs gate-meta,2026-07-13
https://www.prosoccer.com/products/adidas-2026-27-liverpool-mens-stadium-home-soccer-jersey,KA6852,jersey,adidas,liverpool home jersey;adidas liverpool jersey;liverpool home kit;liverpool mens home jersey,2026-07-13,deliverables/page-optimizations/2026-07-13_session-01/KA6852_adidas-2026-27-liverpool-mens-stadium-home-soccer-jersey_brief.md,,,,,,,,,,,,,,,,,,,shipped,gate-meta: deliverables\page-optimizations\2026-07-13_session-01\inputs\KA6852_input.md,liverpool home jersey,liverpool home jersey,liverpool home jersey;adidas liverpool jersey;liverpool home kit;liverpool mens home jersey,1000,,inputs gate-meta,2026-07-13
https://www.prosoccer.com/products/adidas-2026-27-liverpool-womens-stadium-home-soccer-jersey,KB8256,jersey,adidas,liverpool women's jersey;liverpool womens jersey;adidas liverpool jersey;liverpool home jersey,2026-07-13,deliverables/page-optimizations/2026-07-13_session-01/KB8256_adidas-2026-27-liverpool-womens-stadium-home-soccer-jersey_brief.md,,,,,,,,,,,,,,,,,,,shipped,gate-meta: deliverables\page-optimizations\2026-07-13_session-01\inputs\KB8256_input.md,liverpool women's jersey,liverpool women s jersey,liverpool women s jersey;liverpool womens jersey;adidas liverpool jersey;liverpool home jersey,110,,inputs gate-meta,2026-07-13
https://www.prosoccer.com/products/adidas-2026-27-liverpool-youth-stadium-home-soccer-jersey,KB8255,jersey,adidas,liverpool youth jersey;liverpool kids jersey;liverpool youth home jersey;adidas liverpool jersey,2026-07-13,deliverables/page-optimizations/2026-07-13_session-01/KB8255_adidas-2026-27-liverpool-youth-stadium-home-soccer-jersey_brief.md,,,,,,,,,,,,,,,,,,,shipped,gate-meta: deliverables\page-optimizations\2026-07-13_session-01\inputs\KB8255_input.md,liverpool youth jersey,liverpool youth jersey,liverpool youth jersey;liverpool kids jersey;liverpool youth home jersey;adidas liverpool jersey,260,,inputs gate-meta,2026-07-13
https://www.prosoccer.com/products/adidas-2026-27-manchester-united-mens-home-ls-soccer-jersey,KC4773,jersey,adidas,manchester united long sleeve jersey;adidas manchester united jersey;manchester united home jersey;man united jersey,2026-07-13,deliverables/page-optimizations/2026-07-13_session-01/KC4773_adidas-2026-27-manchester-united-mens-home-ls-soccer-jersey_brief.md,,,,,,,,,,,,,,,,,,,shipped,gate-meta: deliverables\page-optimizations\2026-07-13_session-01\inputs\KC4773_input.md,manchester united long sleeve jersey,manchester united long sleeve jersey,manchester united long sleeve jersey;adidas manchester united jersey;manchester united home jersey;man united jersey,880,,inputs gate-meta,2026-07-13
https://www.prosoccer.com/products/adidas-2026-27-manchester-united-mens-home-soccer-jersey,KA6871,jersey,adidas,manchester united home jersey;adidas manchester united jersey;man united home jersey;manchester united jersey 2026-27,2026-07-13,deliverables/page-optimizations/2026-07-13_session-01/KA6871_adidas-2026-27-manchester-united-mens-home-soccer-jersey_brief.md,,,,,,,,,,,,,,,,,,,shipped,gate-meta: deliverables\page-optimizations\2026-07-13_session-01\inputs\KA6871_input.md,manchester united home jersey,manchester united home jersey,manchester united home jersey;adidas manchester united jersey;man united home jersey;manchester united jersey 2026 27,390,,inputs gate-meta,2026-07-13
https://www.prosoccer.com/products/adidas-2026-27-manchester-united-youth-home-soccer-jersey,KC4796,jersey,adidas,manchester united youth jersey;manchester united kids jersey;adidas manchester united jersey;man united home jersey,2026-07-13,deliverables/page-optimizations/2026-07-13_session-01/KC4796_adidas-2026-27-manchester-united-youth-home-soccer-jersey_brief.md,,,,,,,,,,,,,,,,,,,shipped,gate-meta: deliverables\page-optimizations\2026-07-13_session-01\inputs\KC4796_input.md,manchester united youth jersey,manchester united youth jersey,manchester united youth jersey;manchester united kids jersey;adidas manchester united jersey;man united home jersey,210,,inputs gate-meta,2026-07-13
https://www.prosoccer.com/products/adidas-jr-f50-messi-elite-fg-soccer-cleats-el-ultimo-tango,IH1897,cleat,adidas,junior f50 messi;messi soccer cleats;adidas f50 messi;f50 messi,2026-07-13,deliverables/page-optimizations/2026-07-13_session-01/IH1897_adidas-jr-f50-messi-elite-fg-el-ultimo-tango_brief.md,,,,,,,,,,,,,,,,,,,shipped,gate-meta: deliverables\page-optimizations\2026-07-13_session-01\inputs\IH1897_input.md,junior f50 messi,junior f50 messi,junior f50 messi;messi soccer cleats;adidas f50 messi;f50 messi,,,inputs gate-meta,2026-07-13
https://www.prosoccer.com/products/nike-phantom-6-low-academy-turf-soccer-shoes-shadow-fa26,HQ2325,cleat-turf,nike,nike phantom 6 academy turf shadow;nike phantom 6;nike phantom 6 academy;nike shadow pack,2026-07-13,deliverables/page-optimizations/2026-07-13_session-01/HQ2325_nike-phantom-6-low-academy-turf-shadow_brief.md,,,,,,,,,,,,,,,,,,,shipped,gate-meta: deliverables\page-optimizations\2026-07-13_session-01\inputs\HQ2325_input.md,nike phantom 6 academy turf shadow,nike phantom 6 academy turf shadow,nike phantom 6 academy turf shadow;nike phantom 6;nike phantom 6 academy;nike shadow pack,,,inputs gate-meta,2026-07-13
https://www.prosoccer.com/products/nike-phantom-6-low-pro-firm-ground-soccer-cleats-shadow-fa26,HJ4122,cleat,nike,nike phantom 6 low pro fg shadow;nike phantom 6;nike phantom 6 low pro;nike shadow pack,2026-07-13,deliverables/page-optimizations/2026-07-13_session-01/HJ4122_nike-phantom-6-low-pro-fg-shadow_brief.md,,,,,,,,,,,,,,,,,,,shipped,gate-meta: deliverables\page-optimizations\2026-07-13_session-01\inputs\HJ4122_input.md,nike phantom 6 low pro fg shadow,nike phantom 6 low pro fg shadow,nike phantom 6 low pro fg shadow;nike phantom 6;nike phantom 6 low pro;nike shadow pack,,,inputs gate-meta,2026-07-13
https://www.prosoccer.com/products/adidas-2026-27-man-united-mens-authentic-home-ls-soccer-jersey,KC4803,jersey,adidas,manchester united authentic long sleeve jersey;manchester united long sleeve jersey,2026-07-21,deliverables/page-optimizations/2026-07-21_session-01/KC4803_man-united-mens-authentic-home-ls.md,,,,,,,,,,,,,,,,,,,pending,"gate-meta: deliverables\page-optimizations\2026-07-21_session-01\inputs\KC4803_input.md | RETARGET 2026-07-27 (KIRA, meta-tags only; brief gate-meta + Keywords table still reflect old primary): SUB-FLOOR (10/mo); deconflicted from KC4773 which keeps 'manchester united long sleeve jersey' (880) as primary; 880 term secondary only",manchester united authentic long sleeve jersey,manchester united authentic long sleeve jersey,manchester united authentic long sleeve jersey;manchester united long sleeve jersey,10,,KIRA retarget 2026-07-27 (meta tags),2026-07-27
https://www.prosoccer.com/products/adidas-2026-27-man-united-mens-authentic-home-soccer-jersey,KA6868,jersey,adidas,manchester united authentic jersey,2026-07-21,deliverables/page-optimizations/2026-07-21_session-01/KA6868_man-united-mens-authentic-home.md,,,,,,,,,,,,,,,,,,,pending,"gate-meta: deliverables\page-optimizations\2026-07-21_session-01\inputs\KA6868_input.md | RETARGET 2026-07-27 (KIRA, meta-tags only; brief gate-meta + Keywords table still reflect old primary): was 'manchester united jersey' (22200, ceded to /collections/manchester-united); now clears floor (320); ceded head term dropped from targets",manchester united authentic jersey,manchester united authentic jersey,manchester united authentic jersey,320,/collections/manchester-united,KIRA retarget 2026-07-27 (meta tags),2026-07-27
https://www.prosoccer.com/products/adidas-2026-27-man-united-womens-stadium-home-soccer-jersey,KC4794,jersey,adidas,manchester united womens jersey;manchester united jersey,2026-07-21,deliverables/page-optimizations/2026-07-21_session-01/KC4794_man-united-womens-stadium-home.md,,,,,,,,,,,,,,,,,,,pending,gate-meta: deliverables\page-optimizations\2026-07-21_session-01\inputs\KC4794_input.md,manchester united women's jersey,manchester united women s jersey,manchester united womens jersey;manchester united jersey,210,,inputs gate-meta,2026-07-21
https://www.prosoccer.com/products/adidas-2026-27-man-united-youth-stadium-home-ls-soccer-jersey,KC4786,jersey,adidas,manchester united youth long sleeve jersey;manchester united youth jersey,2026-07-21,deliverables/page-optimizations/2026-07-21_session-01/KC4786_man-united-youth-stadium-home-ls.md,,,,,,,,,,,,,,,,,,,pending,"gate-meta: deliverables\page-optimizations\2026-07-21_session-01\inputs\KC4786_input.md | RETARGET 2026-07-27 (KIRA, meta-tags only; brief gate-meta + Keywords table still reflect old primary): SUB-FLOOR (10/mo); KC4796 keeps 'manchester united youth jersey' (210) as primary; 210 term secondary only",manchester united youth long sleeve jersey,manchester united youth long sleeve jersey,manchester united youth long sleeve jersey;manchester united youth jersey,10,,KIRA retarget 2026-07-27 (meta tags),2026-07-27
https://www.prosoccer.com/products/adidas-2026-27-real-madrid-mens-stadium-home-soccer-jersey,JZ7206,jersey,adidas,real madrid home jersey,2026-07-21,deliverables/page-optimizations/2026-07-21_session-01/JZ7206_real-madrid-mens-stadium-home.md,,,,,,,,,,,,,,,,,,,pending,"gate-meta: deliverables\page-optimizations\2026-07-21_session-01\inputs\JZ7206_input.md | RETARGET 2026-07-27 (KIRA, meta-tags only; brief gate-meta + Keywords table still reflect old primary): was 'real madrid jersey' (60500 head term, collection-owned); now 'real madrid home jersey' (880, KD10); clears floor; head term dropped",real madrid home jersey,real madrid home jersey,real madrid home jersey,880,,KIRA retarget 2026-07-27 (meta tags),2026-07-27
https://www.prosoccer.com/products/new-balance-furon-elite-v9-2e-wide-fg-soccer-cleats-neon-tide,UF1F7R4,cleat,new balance,new balance furon elite;wide soccer cleats,2026-07-21,deliverables/page-optimizations/2026-07-21_session-01/UF1F7R4_nb-furon-elite-wide.md,,,,,,,,,,,,,,,,,,,pending,"gate-meta: deliverables\page-optimizations\2026-07-21_session-01\inputs\UF1F7R4_input.md | RETARGET 2026-07-27 (KIRA, meta-tags only; brief gate-meta + Keywords table still reflect old primary): was 'new balance furon' (contained in /collections/new-balance-furon); SUB-FLOOR on 12-mo avg (90); recent 3 mo 110-140, +250% yearly, rising through floor; tier-qualified",new balance furon elite,new balance furon elite,new balance furon elite;wide soccer cleats,90,,KIRA retarget 2026-07-27 (meta tags),2026-07-27
https://www.prosoccer.com/products/new-balance-furon-team-v9-2e-wide-fg-soccer-cleats-neon-tide,UF3F51W,cleat,new balance,new balance furon team;wide soccer cleats,2026-07-21,deliverables/page-optimizations/2026-07-21_session-01/UF3F51W_nb-furon-team-wide.md,,,,,,,,,,,,,,,,,,,pending,"gate-meta: deliverables\page-optimizations\2026-07-21_session-01\inputs\UF3F51W_input.md | RETARGET 2026-07-27 (KIRA, meta-tags only; brief gate-meta + Keywords table still reflect old primary): was 'new balance soccer cleats' (8100 collection head term, subset of 6 NB collections); now 'new balance furon team' (no measurable DFS volume, SUB-FLOOR); Elite/Team distinct from UF1F7R4; 'wide soccer cleats' secondary only, never promoted (UT3FL7NF primary)",new balance furon team,new balance furon team,new balance furon team;wide soccer cleats,,,KIRA retarget 2026-07-27 (meta tags),2026-07-27
https://www.prosoccer.com/products/new-balance-jr-furon-team-v9-wide-fg-soccer-cleats-neon-tide,YF3F3V9,cleat,new balance,youth soccer cleats wide;wide soccer cleats,2026-07-21,deliverables/page-optimizations/2026-07-21_session-01/YF3F3V9_nb-jr-furon-team-wide.md,,,,,,,,,,,,,,,,,,,pending,"gate-meta: deliverables\page-optimizations\2026-07-21_session-01\inputs\YF3F3V9_input.md; WATCH: ""kids soccer cleats wide"" and ""youth soccer cleats wide"" are token-distinct but semantically the same query; worth a GSC review to see whether they split each other.",youth soccer cleats wide,youth soccer cleats wide,youth soccer cleats wide;wide soccer cleats,1300,,inputs gate-meta,2026-07-21
https://www.prosoccer.com/products/new-balance-tekela-elite-low-v5-2e-wide-fg-soccer-cleats-neon-tide,UT1FL4GK,cleat,new balance,new balance tekela elite;wide soccer cleats,2026-07-21,deliverables/page-optimizations/2026-07-21_session-01/UT1FL4GK_nb-tekela-elite-low-wide.md,,,,,,,,,,,,,,,,,,,pending,"gate-meta: deliverables\page-optimizations\2026-07-21_session-01\inputs\UT1FL4GK_input.md | RETARGET 2026-07-27 (KIRA, meta-tags only; brief gate-meta + Keywords table still reflect old primary): was 'new balance tekela' (contained in /collections/new-balance-tekela); SUB-FLOOR (90); tier-qualified; 'new balance tekela v5' (720) logged as candidate for /collections/new-balance-tekela",new balance tekela elite,new balance tekela elite,new balance tekela elite;wide soccer cleats,90,,KIRA retarget 2026-07-27 (meta tags),2026-07-27
https://www.prosoccer.com/products/new-balance-tekela-team-low-v5-2e-wide-fg-soccer-cleats-neon-tide,UT3FL7NF,cleat,new balance,wide soccer cleats;new balance soccer cleats,2026-07-21,deliverables/page-optimizations/2026-07-21_session-01/UT3FL7NF_nb-tekela-team-low-wide.md,,,,,,,,,,,,,,,,,,,pending,gate-meta: deliverables\page-optimizations\2026-07-21_session-01\inputs\UT3FL7NF_input.md,wide soccer cleats,wide soccer cleats,wide soccer cleats;new balance soccer cleats,2900,,inputs gate-meta,2026-07-21
https://www.prosoccer.com/products/adidas-2026-27-real-madrid-mens-authentic-home-soccer-jersey,JZ7218,jersey,adidas,real madrid authentic jersey;real madrid authentic home jersey;adidas real madrid jersey,2026-07-31,deliverables/page-optimizations/2026-07-31_session-01/JZ7218_real-madrid-mens-authentic-home.md,,,,,,,,,,,,,,,,,,,shipped,gate-meta: deliverables\page-optimizations\2026-07-31_session-01\inputs\JZ7218_input.md,real madrid authentic jersey,real madrid authentic jersey,real madrid authentic jersey;real madrid authentic home jersey;adidas real madrid jersey,1000,,inputs gate-meta,2026-07-31
https://www.prosoccer.com/products/adidas-2026-27-real-madrid-mens-home-long-sleeve-soccer-jersey,KC3952,jersey,adidas,real madrid long sleeve jersey;real madrid long sleeve home jersey;real madrid home jersey,2026-07-31,deliverables/page-optimizations/2026-07-31_session-01/KC3952_real-madrid-mens-home-ls.md,,,,,,,,,,,,,,,,,,,shipped,gate-meta: deliverables\page-optimizations\2026-07-31_session-01\inputs\KC3952_input.md,real madrid long sleeve jersey,real madrid long sleeve jersey,real madrid long sleeve jersey;real madrid long sleeve home jersey;real madrid home jersey,1600,,inputs gate-meta,2026-07-31
https://www.prosoccer.com/products/adidas-2026-27-real-madrid-womens-stadium-home-soccer-jersey,KC3989,jersey,adidas,real madrid women's jersey;real madrid womens jersey;real madrid women's home jersey,2026-07-31,deliverables/page-optimizations/2026-07-31_session-01/KC3989_real-madrid-womens-stadium-home.md,,,,,,,,,,,,,,,,,,,shipped,gate-meta: deliverables\page-optimizations\2026-07-31_session-01\inputs\KC3989_input.md; apostrophe convention: women's with apostrophe,real madrid women's jersey,real madrid women s jersey,real madrid women s jersey;real madrid womens jersey;real madrid women s home jersey,1000,,inputs gate-meta,2026-07-31
https://www.prosoccer.com/products/adidas-2026-27-real-madrid-youth-stadium-home-soccer-jersey,KC3993,jersey,adidas,real madrid youth jersey;real madrid kids jersey;real madrid youth home jersey,2026-07-31,deliverables/page-optimizations/2026-07-31_session-01/KC3993_real-madrid-youth-stadium-home.md,,,,,,,,,,,,,,,,,,,shipped,gate-meta: deliverables\page-optimizations\2026-07-31_session-01\inputs\KC3993_input.md,real madrid youth jersey,real madrid youth jersey,real madrid youth jersey;real madrid kids jersey;real madrid youth home jersey,590,,inputs gate-meta,2026-07-31
https://www.prosoccer.com/products/adidas-2026-27-real-madrid-youth-home-long-sleeve-soccer-jersey,KC3947,jersey,adidas,real madrid youth long sleeve jersey;real madrid long sleeve jersey;real madrid youth jersey,2026-07-31,deliverables/page-optimizations/2026-07-31_session-01/KC3947_real-madrid-youth-home-ls.md,,,,,,,,,,,,,,,,,,,shipped,"gate-meta: deliverables\page-optimizations\2026-07-31_session-01\inputs\KC3947_input.md; SUB-FLOOR (volume 20, by design); youth term 'real madrid youth jersey' (590) secondary only",real madrid youth long sleeve jersey,real madrid youth long sleeve jersey,real madrid youth long sleeve jersey;real madrid long sleeve jersey;real madrid youth jersey,20,,inputs gate-meta,2026-07-31
https://www.prosoccer.com/products/adidas-2026-27-liverpool-mens-authentic-home-ls-soccer-jersey,KB8251,jersey,adidas,liverpool authentic jersey;liverpool authentic long sleeve jersey;liverpool long sleeve jersey,2026-07-31,deliverables/page-optimizations/2026-07-31_session-01/KB8251_liverpool-mens-authentic-home-ls.md,,,,,,,,,,,,,,,,,,,shipped,gate-meta: deliverables\page-optimizations\2026-07-31_session-01\inputs\KB8251_input.md,liverpool authentic jersey,liverpool authentic jersey,liverpool authentic jersey;liverpool authentic long sleeve jersey;liverpool long sleeve jersey,390,,inputs gate-meta,2026-07-31
https://www.prosoccer.com/products/adidas-2026-27-liverpool-youth-home-long-sleeve-soccer-jersey,KB8261,jersey,adidas,liverpool youth long sleeve jersey;liverpool long sleeve jersey;liverpool youth jersey,2026-07-31,deliverables/page-optimizations/2026-07-31_session-01/KB8261_liverpool-youth-home-ls.md,,,,,,,,,,,,,,,,,,,shipped,"gate-meta: deliverables\page-optimizations\2026-07-31_session-01\inputs\KB8261_input.md; SUB-FLOOR (no measurable volume, by design)",liverpool youth long sleeve jersey,liverpool youth long sleeve jersey,liverpool youth long sleeve jersey;liverpool long sleeve jersey;liverpool youth jersey,,,inputs gate-meta,2026-07-31
https://www.prosoccer.com/products/nike-2026-27-barcelona-youth-stadium-home-soccer-jersey,II1624-683,jersey,nike,barcelona youth jersey;barcelona kids jersey;barcelona youth home jersey,2026-07-31,deliverables/page-optimizations/2026-07-31_session-01/II1624-683_barcelona-youth-stadium-home.md,,,,,,,,,,,,,,,,,,,shipped,gate-meta: deliverables\page-optimizations\2026-07-31_session-01\inputs\II1624-683_input.md,barcelona youth jersey,barcelona youth jersey,barcelona youth jersey;barcelona kids jersey;barcelona youth home jersey,590,,inputs gate-meta,2026-07-31
https://www.prosoccer.com/products/new-balance-jr-tekela-team-low-v5-fg-soccer-cleats-neon-tide,YT3FL1NM,cleat,new balance,new balance junior tekela;junior tekela cleats;new balance youth soccer cleats,2026-07-31,deliverables/page-optimizations/2026-07-31_session-01/YT3FL1NM_nb-jr-tekela-team-low.md,,,,,,,,,,,,,,,,,,,shipped,"gate-meta: deliverables\page-optimizations\2026-07-31_session-01\inputs\YT3FL1NM_input.md; SUB-FLOOR (no measurable volume, by design); 'new balance youth soccer cleats' (720) secondary only; not tekela-elite / wide soccer cleats / collection term",new balance junior tekela,new balance junior tekela,new balance junior tekela;junior tekela cleats;new balance youth soccer cleats,,,inputs gate-meta,2026-07-31
https://www.prosoccer.com/products/new-balance-kids-furon-team-v9-wide-fg-soccer-cleats-neon-tide,YF3F3V9,cleat,new balance,kids soccer cleats wide;youth soccer cleats wide;new balance kids furon,2026-07-31,deliverables/page-optimizations/2026-07-31_session-01/YF3F3V9_nb-kids-furon-team-wide.md,,,,,,,,,,,,,,,,,,,shipped,"gate-meta: deliverables\page-optimizations\2026-07-31_session-01\inputs\YF3F3V9_input.md; separate product from Batch 9 Junior YF3F3V9 (url is key; product_id stem shared, non-unique); SUB-FLOOR (no measurable volume, by design); 'youth soccer cleats wide' (1300) secondary only, never promoted (Junior primary); WATCH: ""kids soccer cleats wide"" and ""youth soccer cleats wide"" are token-distinct but semantically the same query; worth a GSC review to see whether they split each other.",kids soccer cleats wide,kids soccer cleats wide,kids soccer cleats wide;youth soccer cleats wide;new balance kids furon,,,inputs gate-meta,2026-07-31
https://www.prosoccer.com/products/nike-2026-27-barcelona-mens-stadium-home-soccer-jersey,II1872-683,jersey,nike,barcelona home jersey;nike barcelona jersey 2026-27;barcelona stadium jersey,2026-08-03,deliverables/page-optimizations/2026-08-03_session-01/II1872-683_barcelona-mens-stadium-home.md,,,,,,,,,,,,,,,,,,,shipped,gate-meta: deliverables\page-optimizations\2026-08-03_session-01\inputs\II1872-683_input.md,barcelona home jersey,barcelona home jersey,barcelona home jersey;nike barcelona jersey 2026-27;barcelona stadium jersey,2400,,inputs gate-meta,2026-08-03
https://www.prosoccer.com/products/nike-2026-27-barcelona-womens-stadium-home-soccer-jersey,II2724-683,jersey,nike,barcelona women's jersey;nike barcelona women's jersey;barcelona women's home jersey 2026-27,2026-08-03,deliverables/page-optimizations/2026-08-03_session-01/II2724-683_barcelona-womens-stadium-home.md,,,,,,,,,,,,,,,,,,,shipped,gate-meta: deliverables\page-optimizations\2026-08-03_session-01\inputs\II2724-683_input.md; apostrophe convention: women's with apostrophe,barcelona women's jersey,barcelona women s jersey,barcelona women s jersey;nike barcelona women s jersey;barcelona women s home jersey 2026-27,480,,inputs gate-meta,2026-08-03
https://www.prosoccer.com/products/adidas-2026-27-arsenal-mens-stadium-home-soccer-jersey,JZ3168,jersey,adidas,arsenal home jersey;adidas arsenal jersey 2026-27;arsenal stadium jersey;bukayo saka jersey,2026-08-03,deliverables/page-optimizations/2026-08-03_session-01/JZ3168_arsenal-mens-stadium-home.md,,,,,,,,,,,,,,,,,,,shipped,gate-meta: deliverables\page-optimizations\2026-08-03_session-01\inputs\JZ3168_input.md,arsenal home jersey,arsenal home jersey,arsenal home jersey;adidas arsenal jersey 2026-27;arsenal stadium jersey;bukayo saka jersey,480,,inputs gate-meta,2026-08-03
https://www.prosoccer.com/products/adidas-2026-27-arsenal-mens-home-long-sleeve-soccer-jersey,KB9950,jersey,adidas,arsenal long sleeve jersey;adidas arsenal home jersey 2026-27;arsenal long sleeve home shirt,2026-08-03,deliverables/page-optimizations/2026-08-03_session-01/KB9950_arsenal-mens-home-ls.md,,,,,,,,,,,,,,,,,,,shipped,gate-meta: deliverables\page-optimizations\2026-08-03_session-01\inputs\KB9950_input.md; sold out at ship (brief steers to in-stock SS home sibling),arsenal long sleeve jersey,arsenal long sleeve jersey,arsenal long sleeve jersey;adidas arsenal home jersey 2026-27;arsenal long sleeve home shirt,880,,inputs gate-meta,2026-08-03
https://www.prosoccer.com/products/adidas-2026-27-arsenal-youth-home-soccer-jersey,KB9947,jersey,adidas,arsenal youth jersey;arsenal youth home jersey;adidas arsenal jersey youth,2026-08-03,deliverables/page-optimizations/2026-08-03_session-01/KB9947_arsenal-youth-home.md,,,,,,,,,,,,,,,,,,,shipped,gate-meta: deliverables\page-optimizations\2026-08-03_session-01\inputs\KB9947_input.md; no youth LS sibling live 2026-08-03 (bare youth term safe),arsenal youth jersey,arsenal youth jersey,arsenal youth jersey;arsenal youth home jersey;adidas arsenal jersey youth,320,,inputs gate-meta,2026-08-03
https://www.prosoccer.com/products/adidas-2026-27-bayern-munich-mens-authentic-home-soccer-jersey,JZ3070,jersey,adidas,bayern munich authentic jersey;bayern munich authentic home jersey;adidas bayern munich authentic jersey,2026-08-03,deliverables/page-optimizations/2026-08-03_session-01/JZ3070_bayern-munich-mens-authentic-home.md,,,,,,,,,,,,,,,,,,,shipped,gate-meta: deliverables\page-optimizations\2026-08-03_session-01\inputs\JZ3070_input.md; authentic axis (mirrors KA6868/JZ7218); new Bayern claims lane (Real Madrid-strict bar),bayern munich authentic jersey,bayern munich authentic jersey,bayern munich authentic jersey;bayern munich authentic home jersey;adidas bayern munich authentic jersey,110,,inputs gate-meta,2026-08-03
https://www.prosoccer.com/products/adidas-2026-27-bayern-munich-mens-home-long-sleeve-jersey,JZ3102,jersey,adidas,bayern munich long sleeve jersey;bayern munich home jersey 2026-27;adidas bayern munich stadium jersey,2026-08-03,deliverables/page-optimizations/2026-08-03_session-01/JZ3102_bayern-munich-mens-home-ls.md,,,,,,,,,,,,,,,,,,,shipped,gate-meta: deliverables\page-optimizations\2026-08-03_session-01\inputs\JZ3102_input.md; new Bayern claims lane,bayern munich long sleeve jersey,bayern munich long sleeve jersey,bayern munich long sleeve jersey;bayern munich home jersey 2026-27;adidas bayern munich stadium jersey,320,,inputs gate-meta,2026-08-03
https://www.prosoccer.com/products/nike-vapor-17-academy-firm-multi-ground-soccer-cleats-shadow-fa26,IF8517-001,cleat,nike,nike mercurial vapor 17 academy;nike vapor 17 academy;nike mercurial academy fg mg;nike vapor 17 academy shadow,2026-08-03,deliverables/page-optimizations/2026-08-03_session-01/IF8517-001_nike-vapor-17-academy-fgmg-shadow.md,,,,,,,,,,,,,,,,,,,shipped,"gate-meta: deliverables\page-optimizations\2026-08-03_session-01\inputs\IF8517-001_input.md; SUB-FLOOR by design (40/mo; recent Jun 2026 surge ~110). DELIBERATE DEVIATION: ""shadow"" pack suffix intentionally omitted from the primary (unlike the Batch 6 and 7 Shadow entries) because Academy is an entry tier bought on price and surface, not colorway - decision, not drift.",nike mercurial vapor 17 academy,nike mercurial vapor 17 academy,nike mercurial vapor 17 academy;nike vapor 17 academy;nike mercurial academy fg mg;nike vapor 17 academy shadow,40,,inputs gate-meta,2026-08-03
https://www.prosoccer.com/products/nike-superfly-11-academy-fg-mg-soccer-cleats-shadow-fa26,IO1485-001,cleat,nike,nike mercurial superfly 11 academy;nike superfly 11 shadow pack;nike superfly 11 academy fg mg;nike superfly academy soccer cleats,2026-08-03,deliverables/page-optimizations/2026-08-03_session-01/IO1485-001_nike-superfly-11-academy-fgmg-shadow.md,,,,,,,,,,,,,,,,,,,shipped,"gate-meta: deliverables\page-optimizations\2026-08-03_session-01\inputs\IO1485-001_input.md; SUB-FLOOR by design (50/mo; recent Jun 2026 surge ~210). DELIBERATE DEVIATION: ""shadow"" pack suffix intentionally omitted from the primary (unlike the Batch 6 and 7 Shadow entries) because Academy is an entry tier bought on price and surface, not colorway - decision, not drift.",nike mercurial superfly 11 academy,nike mercurial superfly 11 academy,nike mercurial superfly 11 academy;nike superfly 11 shadow pack;nike superfly 11 academy fg mg;nike superfly academy soccer cleats,50,,inputs gate-meta,2026-08-03
https://www.prosoccer.com/products/nike-superfly-11-club-turf-soccer-shoes-shadow-pack-fa26,IO1498-001,cleat-turf,nike,nike superfly 11 club turf;superfly 11 turf shoes;nike superfly 11 shadow pack,2026-08-03,deliverables/page-optimizations/2026-08-03_session-01/IO1498-001_nike-superfly-11-club-turf-shadow.md,,,,,,,,,,,,,,,,,,,shipped,"gate-meta: deliverables\page-optimizations\2026-08-03_session-01\inputs\IO1498-001_input.md; SUB-FLOOR by design (no measurable volume); live title ""Soccer Shoes"" (turf), not cleats. DELIBERATE DEVIATION: ""shadow"" pack suffix intentionally omitted from the primary (unlike the Batch 6 and 7 Shadow entries) because Club is an entry tier bought on price and surface, not colorway - decision, not drift.",nike superfly 11 club turf,nike superfly 11 club turf,nike superfly 11 club turf;superfly 11 turf shoes;nike superfly 11 shadow pack,,,inputs gate-meta,2026-08-03
https://www.prosoccer.com/products/nike-phantom-6-high-academy-fg-mg-soccer-cleats-shadow-fa26,HQ2278-001,cleat,nike,nike phantom 6 high academy fg mg;nike phantom 6 shadow pack;nike phantom 6 high academy;nike phantom 6 academy fg mg,2026-08-03,deliverables\page-optimizations\2026-08-03_session-02\HQ2278-001_nike-phantom-6-high-academy-fgmg-shadow.md,,,,,,,,,,,,,,,,,,,shipped,"gate-meta: deliverables\page-optimizations\2026-08-03_session-02\inputs\HQ2278-001_input.md; SUB-FLOOR by design (20/mo). DELIBERATE DEVIATION: 'shadow' pack suffix omitted from primary (Academy entry tier bought on cut+surface, not colorway). Cut (High)+surface (FG/MG) carried to deconflict from HQ2277 (High Turf) and HJ4564 (Low FG/MG).",nike phantom 6 high academy fg mg,nike phantom 6 high academy fg mg,nike phantom 6 high academy fg mg;nike phantom 6 shadow pack;nike phantom 6 high academy;nike phantom 6 academy fg mg,20,,inputs gate-meta,2026-08-03
https://www.prosoccer.com/products/nike-phantom-6-high-academy-turf-soccer-shoes-shadow-fa26,HQ2277-001,cleat-turf,nike,nike phantom 6 high academy turf;nike phantom 6 turf shoes;phantom 6 academy turf shadow,2026-08-03,deliverables\page-optimizations\2026-08-03_session-02\HQ2277-001_nike-phantom-6-high-academy-turf-shadow.md,,,,,,,,,,,,,,,,,,,shipped,"gate-meta: deliverables\page-optimizations\2026-08-03_session-02\inputs\HQ2277-001_input.md; SUB-FLOOR by design (50/mo). Live title 'Soccer Shoes' (turf), not cleats. DELIBERATE DEVIATION: 'shadow' suffix omitted from primary (Academy entry tier bought on cut+surface). Cut (High)+surface (Turf) carried to deconflict from HQ2278 (High FG/MG) and shipped HQ2325 (Low Academy Turf, 'nike phantom 6 academy turf shadow').",nike phantom 6 high academy turf,nike phantom 6 high academy turf,nike phantom 6 high academy turf;nike phantom 6 turf shoes;phantom 6 academy turf shadow,50,,inputs gate-meta,2026-08-03
https://www.prosoccer.com/products/nike-phantom-6-low-academy-fg-mg-soccer-cleats-shadow-fa26,HJ4564-001,cleat,nike,nike phantom 6 low academy fg mg;nike phantom 6 academy;nike phantom 6 low;nike phantom 6 shadow pack,2026-08-03,deliverables\page-optimizations\2026-08-03_session-02\HJ4564-001_nike-phantom-6-low-academy-fgmg-shadow.md,,,,,,,,,,,,,,,,,,,shipped,gate-meta: deliverables\page-optimizations\2026-08-03_session-02\inputs\HJ4564-001_input.md; SUB-FLOOR by design (10/mo). DELIBERATE DEVIATION: 'shadow' suffix omitted from primary (Academy entry tier bought on cut+surface). Cut (Low)+surface (FG/MG) carried to deconflict from HQ2278 (High FG/MG).,nike phantom 6 low academy fg mg,nike phantom 6 low academy fg mg,nike phantom 6 low academy fg mg;nike phantom 6 academy;nike phantom 6 low;nike phantom 6 shadow pack,10,,inputs gate-meta,2026-08-03
https://www.prosoccer.com/products/nike-superfly-11-academy-turf-soccer-shoes-shadow-pack-fa26,IO1494-001,cleat-turf,nike,nike superfly 11 academy turf;nike superfly academy turf shoes;superfly 11 turf soccer shoes;nike turf soccer shoes,2026-08-03,deliverables\page-optimizations\2026-08-03_session-02\IO1494-001_nike-superfly-11-academy-turf-shadow.md,,,,,,,,,,,,,,,,,,,shipped,"gate-meta: deliverables\page-optimizations\2026-08-03_session-02\inputs\IO1494-001_input.md; SUB-FLOOR by design (no measurable volume). Live title 'Soccer Shoes' (turf), not cleats. DELIBERATE DEVIATION: 'shadow' suffix omitted from primary (Academy entry tier bought on cut+surface).",nike superfly 11 academy turf,nike superfly 11 academy turf,nike superfly 11 academy turf;nike superfly academy turf shoes;superfly 11 turf soccer shoes;nike turf soccer shoes,,,inputs gate-meta,2026-08-03
https://www.prosoccer.com/products/nike-superfly-11-club-fg-mg-soccer-cleats-shadow-fa26,IM0358-001,cleat,nike,nike superfly 11 club fg mg;nike superfly 11 club shadow pack;nike superfly 11 club cleats;nike mercurial superfly club,2026-08-03,deliverables\page-optimizations\2026-08-03_session-02\IM0358-001_nike-superfly-11-club-fgmg-shadow.md,,,,,,,,,,,,,,,,,,,shipped,gate-meta: deliverables\page-optimizations\2026-08-03_session-02\inputs\IM0358-001_input.md; SUB-FLOOR by design (no measurable volume; 0 DFS). DELIBERATE DEVIATION: 'shadow' suffix omitted from primary (Club entry tier bought on cut+surface).,nike superfly 11 club fg mg,nike superfly 11 club fg mg,nike superfly 11 club fg mg;nike superfly 11 club shadow pack;nike superfly 11 club cleats;nike mercurial superfly club,,,inputs gate-meta,2026-08-03
https://www.prosoccer.com/products/nike-tiempo-maestro-academy-fg-mg-soccer-cleats-shadow-fa26,IB1600-001,cleat,nike,nike tiempo maestro academy fg mg;nike tiempo maestro cleats,2026-08-03,deliverables\page-optimizations\2026-08-03_session-02\IB1600-001_nike-tiempo-maestro-academy-fgmg-shadow.md,,,,,,,,,,,,,,,,,,,shipped,gate-meta: deliverables\page-optimizations\2026-08-03_session-02\inputs\IB1600-001_input.md; SUB-FLOOR by design (10/mo). DELIBERATE DEVIATION: 'shadow' suffix omitted from primary (Academy entry tier bought on cut+surface). Surface (FG/MG) carried to deconflict from Turf sibling IQ2388. Bare cross-surface term 'nike tiempo maestro academy' (210) held OUT of this PDP: belongs to neither surface; IQ2388 retargets to 'nike tiempo maestro academy turf' as a separate meta-only change.,nike tiempo maestro academy fg mg,nike tiempo maestro academy fg mg,nike tiempo maestro academy fg mg;nike tiempo maestro cleats,10,,inputs gate-meta,2026-08-03
https://www.prosoccer.com/products/mizuno-morelia-neo-v-beta-elite-fg-soccer-cleats-bright-black,540394.9025,cleat,mizuno,mizuno morelia neo beta elite;mizuno morelia neo v beta elite fg;mizuno morelia neo v beta elite,2026-08-03,deliverables\page-optimizations\2026-08-03_session-02\540394.9025_mizuno-morelia-neo-v-beta-elite-fg.md,,,,,,,,,,,,,,,,,,,shipped,"gate-meta: deliverables\page-optimizations\2026-08-03_session-02\inputs\540394.9025_input.md; SUB-FLOOR by design (30/mo). Colorway-neutral primary (Bright Black pack carried in title/secondaries, not primary). Kangaroo-leather top-tier touch cleat.",mizuno morelia neo beta elite,mizuno morelia neo beta elite,mizuno morelia neo beta elite;mizuno morelia neo v beta elite fg;mizuno morelia neo v beta elite,30,,inputs gate-meta,2026-08-03
https://www.prosoccer.com/products/mizuno-morelia-neo-v-beta-pro-fg-soccer-cleats-bright-black,540396.9025,cleat,mizuno,mizuno morelia neo beta pro;mizuno morelia neo v beta pro fg;mizuno kangaroo leather soccer cleats,2026-08-03,deliverables\page-optimizations\2026-08-03_session-02\540396.9025_mizuno-morelia-neo-v-beta-pro-fg.md,,,,,,,,,,,,,,,,,,,shipped,gate-meta: deliverables\page-optimizations\2026-08-03_session-02\inputs\540396.9025_input.md; SUB-FLOOR by design (no measurable DFS volume). Left un-colorway-qualified; Prism White Pro sibling logged as a WATCH.,mizuno morelia neo beta pro,mizuno morelia neo beta pro,mizuno morelia neo beta pro;mizuno morelia neo v beta pro fg;mizuno kangaroo leather soccer cleats,,,inputs gate-meta,2026-08-03
https://www.prosoccer.com/products/adidas-f50-hyperfast-elite-fg-soccer-cleats-chaos-vs-control,KJ3432,cleat,adidas,adidas f50 elite chaos vs control;f50 hyperfast chaos vs control;adidas f50 hyperfast elite;f50 elite fg cleats,2026-08-03,deliverables\page-optimizations\2026-08-03_session-02\KJ3432_adidas-f50-hyperfast-elite-fg-chaos-vs-control.md,,,,,,,,,,,,,,,,,,,shipped,"gate-meta: deliverables/page-optimizations/2026-08-03_session-02/inputs/KJ3432_input.md; SUB-FLOOR by design (pack-only axis). Pack name 'chaos vs control' carried in primary: only distinguishing axis from shipped JR5386 (F50 Elite FG). VOLUME DISCREPANCY RESOLVED 2026-08-04: DFS is ground truth and returns NO measurable volume for 'adidas f50 elite chaos vs control' / 'f50 chaos vs control' in both endpoints (kw_data_google_ads_search_volume and dataforseo_labs_google_keyword_overview); the brief Keywords table's 10/mo was below DFS resolution (a GSC-adjacent estimate). primary_volume set blank to match ground truth, per Mike.",adidas f50 elite chaos vs control,adidas f50 elite chaos vs control,adidas f50 elite chaos vs control;f50 hyperfast chaos vs control;adidas f50 hyperfast elite;f50 elite fg cleats,,,inputs gate-meta,2026-08-03
https://www.prosoccer.com/products/nike-2026-27-chivas-mens-stadium-home-soccer-jersey,IU7734-101,jersey,nike,chivas home jersey;chivas home kit;nike chivas home jersey;chivas 2026-27 jersey,2026-08-03,deliverables\page-optimizations\2026-08-03_session-02\IU7734-101_nike-chivas-mens-stadium-home.md,,,,,,,,,,,,,,,,,,,shipped,"gate-meta: deliverables\page-optimizations\2026-08-03_session-02\inputs\IU7734-101_input.md; FIRST Liga MX/Mexican club lane; sets Chivas identity voice. Ceded head terms (chivas jersey, chivas soccer jersey, chivas guadalajara jersey, nike chivas jersey) belong to /collections/chivas per Chivas cede policy; primary 'chivas home jersey' (260) is club+home qualified, clears the 100/mo floor.",chivas home jersey,chivas home jersey,chivas home jersey;chivas home kit;nike chivas home jersey;chivas 2026-27 jersey,260,,inputs gate-meta,2026-08-03
https://www.prosoccer.com/products/nike-phantom-6-high-club-fg-mg-soccer-cleats-shadow-fa26,HQ2275,cleat,nike,nike phantom 6 high club fg mg shadow fa26;nike shadow pack;nike phantom 6 high club,2026-08-04,deliverables\page-optimizations\2026-08-04_session-01\HQ2275_nike-phantom-6-high-club-fg-mg-shadow-fa26.md,,,,,,,,,,,,,,,,,,,shipped,B13. Pack-qualified sub-floor WITH season code: a live Shadow Pack FA25 sibling exists at the identical config. Meta title 'Nike Phantom 6 High Club FG/MG Shadow FA26' (42). Meta Title: 'Nike Phantom 6 High Club FG/MG Shadow FA26' (42 chars).,nike phantom 6 high club fg mg shadow fa26,nike phantom 6 high club fg mg shadow fa26,nike phantom 6 high club fg mg shadow fa26;nike shadow pack;nike phantom 6 high club,no measurable volume (DFS both endpoints),,brief Keywords table,2026-08-04
https://www.prosoccer.com/products/nike-tiempo-maestro-academy-turf-soccer-shoes-shadow-fa26,IB4484,cleat-turf,nike,nike tiempo maestro academy turf shadow fa26;nike shadow pack;nike tiempo maestro academy turf,2026-08-04,deliverables\page-optimizations\2026-08-04_session-01\IB4484_nike-tiempo-maestro-academy-turf-shadow-fa26.md,,,,,,,,,,,,,,,,,,,shipped,"B13. Pack-qualified sub-floor WITH season code (Shadow runs SP26 and FA26 at the Academy tier). Unqualified 'nike tiempo maestro academy turf' (30) released to the SP26 incumbent, which is unoptimized: see B-STRAT-01. Meta Title: 'Nike Tiempo Maestro Academy Turf Shadow FA26' (44 chars).",nike tiempo maestro academy turf shadow fa26,nike tiempo maestro academy turf shadow fa26,nike tiempo maestro academy turf shadow fa26;nike shadow pack;nike tiempo maestro academy turf,no measurable volume (DFS both endpoints),,brief Keywords table,2026-08-04
https://www.prosoccer.com/products/adidas-f50-hyperfast-league-mid-turf-soccer-shoes-chaos-vs-control,IH4586,cleat-turf,adidas,adidas f50 league mid turf chaos vs control;chaos vs control;adidas f50 league turf,2026-08-04,deliverables\page-optimizations\2026-08-04_session-01\IH4586_adidas-f50-league-mid-turf-chaos-vs-control.md,,,,,,,,,,,,,,,,,,,shipped,"B13. Pack-qualified sub-floor. Same mid-cut config as IH4582 (RTG SP26), which holds 'adidas f50 league turf' (70). Meta Title: 'adidas F50 League Mid Turf Chaos vs Control' (43 chars).",adidas f50 league mid turf chaos vs control,adidas f50 league mid turf chaos vs control,adidas f50 league mid turf chaos vs control;chaos vs control;adidas f50 league turf,no measurable volume (DFS both endpoints),,brief Keywords table,2026-08-04
https://www.prosoccer.com/products/adidas-predator-elite-firm-ground-soccer-cleats-chaos-vs-control,IH4699,cleat,adidas,adidas predator elite fg chaos vs control;chaos vs control;adidas predator elite,2026-08-04,deliverables\page-optimizations\2026-08-04_session-01\IH4699_adidas-predator-elite-fg-chaos-vs-control.md,,,,,,,,,,,,,,,,,,,shipped,"B13. Batch 13 exemplar for the adidas Predator trio. Pack-qualified sub-floor by design; unqualified 'adidas predator elite fg' (1,000) stays with incumbent HP9973. Meta Title: 'adidas Predator Elite FG Chaos vs Control' (41 chars).",adidas predator elite fg chaos vs control,adidas predator elite fg chaos vs control,adidas predator elite fg chaos vs control;chaos vs control;adidas predator elite,no measurable volume (DFS both endpoints),,brief Keywords table,2026-08-04
https://www.prosoccer.com/products/adidas-predator-elite-fo-tongue-ag-soccer-cleats-chaos-vs-control,IH4707,cleat,adidas,adidas predator elite fold-over tongue ag chaos vs control;chaos vs control;adidas predator elite,2026-08-04,deliverables\page-optimizations\2026-08-04_session-01\IH4707_adidas-predator-elite-fo-tongue-ag-chaos-vs-control.md,,,,,,,,,,,,,,,,,,,shipped,"B13. Pack-qualified sub-floor. Meta title corrected 2026-08-13 pass 3 to 'adidas Predator Elite FO AG Chaos vs Control' (44), reverting the pass-1 spelled-out string set before the sibling check ran. Meta Title: 'adidas Predator Elite FO AG Chaos vs Control' (44 chars).",adidas predator elite fold-over tongue ag chaos vs control,adidas predator elite fold-over tongue ag chaos vs control,adidas predator elite fold-over tongue ag chaos vs control;chaos vs control;adidas predator elite,no measurable volume (DFS both endpoints),,brief Keywords table,2026-08-04
https://www.prosoccer.com/products/adidas-f50-hyperfast-league-mid-fg-soccer-cleats-chaos-vs-control,IH7090,cleat,adidas,adidas f50 league mid fg chaos vs control;chaos vs control;adidas f50 league,2026-08-04,deliverables\page-optimizations\2026-08-04_session-01\IH7090_adidas-f50-league-mid-fg-chaos-vs-control.md,,,,,,,,,,,,,,,,,,,shipped,B13. Pack-qualified sub-floor. Unqualified 'adidas f50 league' (880) stays with incumbent KJ6714. Meta Title: 'adidas F50 League Mid FG Chaos vs Control' (41 chars).,adidas f50 league mid fg chaos vs control,adidas f50 league mid fg chaos vs control,adidas f50 league mid fg chaos vs control;chaos vs control;adidas f50 league,no measurable volume (DFS both endpoints),,brief Keywords table,2026-08-04
https://www.prosoccer.com/products/nike-kids-vapor-17-club-flex-ps-fg-mg-soccer-cleats-shadow-fa26,IO1486,cleat,nike,nike kids vapor 17 club flex ps shadow;nike shadow pack,2026-08-04,deliverables\page-optimizations\2026-08-04_session-01\IO1486_nike-kids-vapor-17-club-flex-ps-shadow-fa26.md,,,,,,,,,,,,,,,,,,,shipped,"B13. Pack-qualified sub-floor, no season code: the only other live Kids Vapor 17 Club Flex PS pack is Break 'Em FA26, a different pack. Meta Title: 'Nike Kids Vapor 17 Club Flex PS Shadow Cleats' (45 chars).",nike kids vapor 17 club flex ps shadow,nike kids vapor 17 club flex ps shadow,nike kids vapor 17 club flex ps shadow;nike shadow pack,no measurable volume (DFS both endpoints),,brief Keywords table,2026-08-04
https://www.prosoccer.com/products/nike-junior-superfly-11-club-fg-mg-soccer-cleats-shadow-fa26,IO1552,cleat,nike,nike junior superfly 11 club fg mg shadow;nike shadow pack;nike superfly 11 club,2026-08-04,deliverables\page-optimizations\2026-08-04_session-01\IO1552_nike-junior-superfly-11-club-fg-mg-shadow-fa26.md,,,,,,,,,,,,,,,,,,,shipped,"B13. Pack-qualified sub-floor, no season code: other live Junior Superfly 11 Club FG/MG packs are Break 'Em and Breakout SU26. Meta Title: 'Nike Junior Superfly 11 Club FG/MG Shadow' (41 chars).",nike junior superfly 11 club fg mg shadow,nike junior superfly 11 club fg mg shadow,nike junior superfly 11 club fg mg shadow;nike shadow pack;nike superfly 11 club,no measurable volume (DFS both endpoints),,brief Keywords table,2026-08-04
https://www.prosoccer.com/products/nike-junior-superfly-11-club-turf-soccer-shoes-shadow-fa26,IO1554,cleat-turf,nike,nike junior superfly 11 club turf shadow;nike shadow pack;nike superfly 11 club,2026-08-04,deliverables\page-optimizations\2026-08-04_session-01\IO1554_nike-junior-superfly-11-club-turf-shadow-fa26.md,,,,,,,,,,,,,,,,,,,shipped,"B13. Pack-qualified sub-floor, no season code: only other live Junior Superfly 11 Club Turf pack is Break 'Em. Meta Title: 'Nike Junior Superfly 11 Club Turf Shadow' (40 chars).",nike junior superfly 11 club turf shadow,nike junior superfly 11 club turf shadow,nike junior superfly 11 club turf shadow;nike shadow pack;nike superfly 11 club,no measurable volume (DFS both endpoints),,brief Keywords table,2026-08-04
https://www.prosoccer.com/products/adidas-predator-elite-fo-tongue-fg-soccer-cleats-chaos-vs-control,JP6248,cleat,adidas,adidas predator elite fold-over tongue fg chaos vs control;chaos vs control;adidas predator elite,2026-08-04,deliverables\page-optimizations\2026-08-04_session-01\JP6248_adidas-predator-elite-fo-tongue-fg-chaos-vs-control.md,,,,,,,,,,,,,,,,,,,shipped,B13. Pack-qualified sub-floor. Meta title corrected 2026-08-13 pass 3 to 'adidas Predator Elite FO FG Chaos vs Control' (44); the pass-1 string was incumbent JP6237's registered primary verbatim. Meta Title: 'adidas Predator Elite FO FG Chaos vs Control' (44 chars).,adidas predator elite fold-over tongue fg chaos vs control,adidas predator elite fold-over tongue fg chaos vs control,adidas predator elite fold-over tongue fg chaos vs control;chaos vs control;adidas predator elite,no measurable volume (DFS both endpoints),,brief Keywords table,2026-08-04
https://www.prosoccer.com/products/mizuno-morelia-neo-v-beta-made-in-japan-fg-soccer-cleats,540392-0090,cleat,mizuno,mizuno morelia neo v beta made in japan;mizuno morelia neo,2026-08-13,deliverables\page-optimizations\2026-08-13_session-01\540392_mizuno-morelia-neo-v-beta-made-in-japan.md,,,,,,,,,,,,,,,,,,,shipped,"B14. UNQUALIFIED and correct: no pack at all, verified on the live page. Made in Japan is a tier and manufacturing line, not a pack. Top of the Beta ladder at $319.99 against Beta Elite $219.99 and Beta Pro $149.99, separated by material (kangaroo leather), not construction tier. Declines 'mizuno morelia neo made in japan' (50) as hierarchy-invalid: Morelia Neo IV Made in Japan is also live. Ships with NO avatar by decision: see B-AVATAR-01. Meta Title: 'Mizuno Morelia Neo V Beta Made in Japan' (39 chars).",mizuno morelia neo v beta made in japan,mizuno morelia neo v beta made in japan,mizuno morelia neo v beta made in japan;mizuno morelia neo,no measurable volume (DFS both endpoints),,brief Keywords table,2026-08-13
https://www.prosoccer.com/products/nike-tiempo-maestro-club-fg-mg-soccer-cleats-shadow-fa26,IB1602-001,cleat,nike,nike tiempo maestro club fg mg shadow;nike shadow pack;nike tiempo maestro academy fg mg,2026-08-13,deliverables\page-optimizations\2026-08-13_session-01\IB1602_nike-tiempo-maestro-club-fg-mg-shadow.md,,,,,,,,,,,,,,,,,,,shipped,"B14. Pack-qualified sub-floor, no season code: Shadow runs only FA26 at the Tiempo Maestro Club tier, unlike the Academy tier. Trio anchor for IB4482 and IB4486. Meta Title: 'Nike Tiempo Maestro Club FG/MG Shadow' (37 chars).",nike tiempo maestro club fg mg shadow,nike tiempo maestro club fg mg shadow,nike tiempo maestro club fg mg shadow;nike shadow pack;nike tiempo maestro academy fg mg,no measurable volume (DFS both endpoints),,brief Keywords table,2026-08-13
https://www.prosoccer.com/products/nike-tiempo-maestro-club-turf-soccer-shoes-shadow-pack-fa26,IB4482-001,cleat-turf,nike,nike tiempo maestro club turf shadow;nike shadow pack;nike tiempo maestro academy turf,2026-08-13,deliverables\page-optimizations\2026-08-13_session-01\IB4482_nike-tiempo-maestro-club-turf-shadow.md,,,,,,,,,,,,,,,,,,,shipped,"B14. Pack-qualified sub-floor, no season code. Trio sibling of IB1602 and IB4486, separated on surface. Meta Title: 'Nike Tiempo Maestro Club Turf Shadow' (36 chars).",nike tiempo maestro club turf shadow,nike tiempo maestro club turf shadow,nike tiempo maestro club turf shadow;nike shadow pack;nike tiempo maestro academy turf,no measurable volume (DFS both endpoints),,brief Keywords table,2026-08-13
https://www.prosoccer.com/products/nike-tiempo-maestro-club-indoor-soccer-shoes-shadow-pack-fa26,IB4486-001,shoe-indoor,nike,nike tiempo maestro club indoor;nike shadow pack,2026-08-13,deliverables\page-optimizations\2026-08-13_session-01\IB4486_nike-tiempo-maestro-club-indoor-shadow.md,,,,,,,,,,,,,,,,,,,shipped,"B14. UNQUALIFIED and correct: the only Tiempo Maestro indoor page on the store at any tier, so no live pack sibling exists to qualify against. First no-sibling case at the Nike Club tier. Meta Title: 'Nike Tiempo Maestro Club Indoor Shadow' (38 chars).",nike tiempo maestro club indoor,nike tiempo maestro club indoor,nike tiempo maestro club indoor;nike shadow pack,no measurable volume (DFS both endpoints),,brief Keywords table,2026-08-13
https://www.prosoccer.com/products/adidas-f50-hyperfast-club-mid-fg-mg-soccer-cleats-chaos-vs-control,IH7094,cleat,adidas,adidas f50 club mid fg mg chaos vs control;chaos vs control;adidas f50 club,2026-08-13,deliverables\page-optimizations\2026-08-13_session-01\IH7094_adidas-f50-hyperfast-club-mid-fg-mg-chaos-vs-control.md,,,,,,,,,,,,,,,,,,,shipped,"B14. Batch 14 exemplar for the adidas F50 group. Pack-qualified sub-floor; unqualified 'adidas f50 club mid fg mg' (10) sits with the FA25 incumbent. Meta title carries the Hyperfast generation token, the primary does not: see B-KW-01. Meta Title: 'adidas F50 Hyperfast Club Mid Chaos vs Control' (46 chars).",adidas f50 club mid fg mg chaos vs control,adidas f50 club mid fg mg chaos vs control,adidas f50 club mid fg mg chaos vs control;chaos vs control;adidas f50 club,no measurable volume (DFS both endpoints),,brief Keywords table,2026-08-13
https://www.prosoccer.com/products/nike-junior-superfly-11-academy-ag-soccer-cleats-shadow-fa26,IO1528-001,cleat,nike,nike junior superfly 11 academy ag;nike shadow pack;nike mercurial superfly 11 academy,2026-08-13,deliverables\page-optimizations\2026-08-13_session-01\IO1528_nike-junior-superfly-11-academy-ag-shadow.md,,,,,,,,,,,,,,,,,,,shipped,B14. UNQUALIFIED and correct: the only artificial-grass page among twelve live Superfly 11 Academy products. Meta Title: 'Nike Junior Superfly 11 Academy AG Shadow' (41 chars).,nike junior superfly 11 academy ag,nike junior superfly 11 academy ag,nike junior superfly 11 academy ag;nike shadow pack;nike mercurial superfly 11 academy,no measurable volume (DFS both endpoints),,brief Keywords table,2026-08-13
https://www.prosoccer.com/products/adidas-f50-hyperfast-club-turf-soccer-shoes-chaos-vs-control,KJ3409,cleat-turf,adidas,adidas f50 club turf chaos vs control;chaos vs control;adidas f50 club,2026-08-13,deliverables\page-optimizations\2026-08-13_session-01\KJ3409_adidas-f50-hyperfast-club-turf-chaos-vs-control.md,,,,,,,,,,,,,,,,,,,shipped,"B14. Pack-qualified sub-floor. NOT a mid cut, confirmed on the live page. Unqualified 'adidas f50 club turf' (20) sits with the FA25 incumbent. Meta Title: 'adidas F50 Hyperfast Club Turf Chaos vs Control' (47 chars).",adidas f50 club turf chaos vs control,adidas f50 club turf chaos vs control,adidas f50 club turf chaos vs control;chaos vs control;adidas f50 club,no measurable volume (DFS both endpoints),,brief Keywords table,2026-08-13
https://www.prosoccer.com/products/adidas-f50-hyperfast-pro-indoor-soccer-shoes-chaos-vs-control,KK1049,shoe-indoor,adidas,adidas f50 pro indoor chaos vs control;chaos vs control;adidas f50 indoor,2026-08-13,deliverables\page-optimizations\2026-08-13_session-01\KK1049_adidas-f50-hyperfast-pro-indoor-chaos-vs-control.md,,,,,,,,,,,,,,,,,,,shipped,"B14. Pack-qualified sub-floor, Pro tier, the one Tyler-avatar page in Batch 14. Weight stated US-first as 7.5 oz (214 g) with the source's UK 8.5 size qualifier dropped, not converted. Meta Title: 'adidas F50 Hyperfast Pro Indoor Chaos vs Control' (48 chars).",adidas f50 pro indoor chaos vs control,adidas f50 pro indoor chaos vs control,adidas f50 pro indoor chaos vs control;chaos vs control;adidas f50 indoor,no measurable volume (DFS both endpoints),,brief Keywords table,2026-08-13
https://www.prosoccer.com/products/adidas-f50-hyperfast-league-indoor-soccer-shoes-chaos-vs-control,KK1061,shoe-indoor,adidas,adidas f50 league indoor chaos vs control;chaos vs control;adidas f50 indoor soccer shoes,2026-08-13,deliverables\page-optimizations\2026-08-13_session-01\KK1061_adidas-f50-hyperfast-league-indoor-chaos-vs-control.md,,,,,,,,,,,,,,,,,,,shipped,"B14. Pack-qualified sub-floor. RECEIVES CANONICAL CONSOLIDATION FROM IH4577 (its userCanonical points here), which may make this page perform above what its sub-floor primary suggests; watch in GSC after index; see B-TECH-01. Meta title drops the pack (48-char cap), so the meta description names Chaos vs Control. Meta Title: 'adidas F50 Hyperfast League Indoor' (34 chars).",adidas f50 league indoor chaos vs control,adidas f50 league indoor chaos vs control,adidas f50 league indoor chaos vs control;chaos vs control;adidas f50 indoor soccer shoes,no measurable volume (DFS both endpoints),,brief Keywords table,2026-08-13
https://www.prosoccer.com/products/adidas-jr-f50-hyperfast-league-tf-soccer-shoes-chaos-vs-control,KK1321,cleat-turf,adidas,adidas junior f50 league turf chaos vs control;chaos vs control;adidas junior f50 turf,2026-08-13,deliverables\page-optimizations\2026-08-13_session-01\KK1321_adidas-junior-f50-hyperfast-league-turf-chaos-vs-control.md,,,,,,,,,,,,,,,,,,,shipped,"B14. Pack-qualified sub-floor, junior. Live title spells out Junior and Turf; the handle abbreviates to jr and tf. Meta title drops the pack (48-char cap), so the meta description names Chaos vs Control. Meta Title: 'adidas Junior F50 Hyperfast League Turf' (39 chars).",adidas junior f50 league turf chaos vs control,adidas junior f50 league turf chaos vs control,adidas junior f50 league turf chaos vs control;chaos vs control;adidas junior f50 turf,no measurable volume (DFS both endpoints),,brief Keywords table,2026-08-13
